0	1.000000	0.000000	0.000000	0.000000	1.000000	0.000000	
1	0.999987	0.000041	-0.002563	-0.000041	0.999987	-0.004272	
2	1.000005	0.000038	0.119873	-0.000038	1.000005	0.011200	
3	0.999980	0.000078	0.076172	-0.000078	0.999980	-0.019775	
4	1.000036	0.000033	0.005920	-0.000033	1.000036	-0.007843	
5	0.999994	-0.000011	0.036926	0.000011	0.999994	0.024689	
6	0.999990	0.000017	0.032288	-0.000017	0.999990	0.004486	
7	1.000022	0.000025	0.048523	-0.000025	1.000022	0.001831	
8	1.000004	-0.000016	0.020142	0.000016	1.000004	0.030609	
9	0.999967	0.000034	0.012573	-0.000034	0.999967	0.018341	
10	1.000051	0.000038	0.033142	-0.000038	1.000051	0.004608	
11	0.999984	0.000028	0.063293	-0.000028	0.999984	-0.053040	
12	0.999980	0.000035	0.070679	-0.000035	0.999980	0.057281	
13	0.999976	0.000029	0.016785	-0.000029	0.999976	-0.048096	
14	1.000063	0.000155	-0.049438	-0.000155	1.000063	0.113281	
15	1.000027	0.000014	-0.004395	-0.000014	1.000027	0.010071	
16	0.999973	-0.000025	0.048218	0.000025	0.999973	-0.041504	
17	0.999988	0.000042	0.065186	-0.000042	0.999988	0.059235	
18	1.000010	-0.000011	-0.005920	0.000011	1.000010	-0.033569	
19	0.999990	0.000015	0.074829	-0.000015	0.999990	-0.041504	
20	1.000012	-0.000002	0.132019	0.000002	1.000012	-0.104980	
21	0.999958	0.000025	0.090515	-0.000025	0.999958	-0.015289	
22	1.000009	0.000071	0.004395	-0.000071	1.000009	0.027100	
23	1.000067	0.000123	-0.018982	-0.000123	1.000067	0.060150	
24	0.999942	0.000041	0.091125	-0.000041	0.999942	0.176758	
25	1.000008	0.000055	-0.032898	-0.000055	1.000008	0.066925	
26	1.000038	0.000084	-0.074890	-0.000084	1.000038	0.115692	
27	0.999977	0.000027	-0.134216	-0.000027	0.999977	0.000488	
28	0.999997	0.000102	-0.324219	-0.000102	0.999997	0.094543	
29	1.000031	0.000202	-0.572510	-0.000202	1.000031	0.157440	
30	1.000023	0.000281	-0.807129	-0.000281	1.000023	0.210022	
31	0.999968	0.000258	-0.842102	-0.000258	0.999968	0.308014	
32	0.999955	0.000377	-1.028015	-0.000377	0.999955	0.440430	
33	1.000035	0.000495	-1.403503	-0.000495	1.000035	0.458099	
34	0.999976	0.000520	-1.504333	-0.000520	0.999976	0.535400	
35	0.999974	0.000577	-1.606689	-0.000577	0.999974	0.625885	
36	0.999985	0.000610	-1.813232	-0.000610	0.999985	0.691681	
37	0.999923	0.000627	-1.857117	-0.000627	0.999923	0.668579	
38	0.999941	0.000654	-1.941711	-0.000654	0.999941	0.686493	
39	0.999967	0.000656	-2.019714	-0.000656	0.999967	0.660095	
40	0.999903	0.000682	-1.988037	-0.000682	0.999903	0.659424	
41	0.999951	0.000715	-2.035034	-0.000715	0.999951	0.729340	
42	0.999943	0.000713	-2.060303	-0.000713	0.999943	0.685730	
43	0.999960	0.000743	-2.096863	-0.000743	0.999960	0.737671	
44	0.999955	0.000773	-2.187134	-0.000773	0.999955	0.730896	
45	0.999900	0.000734	-2.116699	-0.000734	0.999900	0.893677	
46	0.999982	0.000777	-2.214172	-0.000777	0.999982	0.748077	
47	0.999924	0.000819	-2.322021	-0.000819	0.999924	0.810059	
48	0.999905	0.000803	-2.308960	-0.000803	0.999905	0.902222	
49	0.999983	0.000868	-2.503296	-0.000868	0.999983	0.969788	
50	0.999934	0.000851	-2.450623	-0.000851	0.999934	0.944427	
51	0.999909	0.000869	-2.444214	-0.000869	0.999909	1.022064	
52	0.999952	0.000826	-2.513611	-0.000826	0.999952	0.926147	
53	0.999953	0.000896	-2.582764	-0.000896	0.999953	0.909698	
54	0.999907	0.000811	-2.442444	-0.000811	0.999907	0.922729	
55	0.999942	0.000869	-2.469727	-0.000869	0.999942	0.822510	
56	0.999946	0.000804	-2.367676	-0.000804	0.999946	0.844727	
57	0.999888	0.000807	-2.265503	-0.000807	0.999888	0.915527	
58	0.999931	0.000785	-2.216003	-0.000785	0.999931	0.794769	
59	0.999932	0.000779	-2.160339	-0.000779	0.999932	0.803192	
60	0.999933	0.000751	-2.132751	-0.000751	0.999933	0.781006	
61	0.999931	0.000746	-2.105957	-0.000746	0.999931	0.761566	
62	0.999913	0.000659	-1.995972	-0.000659	0.999913	0.725403	
63	0.999911	0.000802	-2.074158	-0.000802	0.999911	0.815521	
64	0.999959	0.000687	-1.991943	-0.000687	0.999959	0.691833	
65	0.999907	0.000689	-1.973999	-0.000689	0.999907	0.770782	
66	0.999925	0.000686	-2.060364	-0.000686	0.999925	0.682129	
67	0.999957	0.000773	-2.067200	-0.000773	0.999957	0.804962	
68	0.999880	0.000666	-1.938110	-0.000666	0.999880	0.633850	
69	0.999884	0.000734	-1.992920	-0.000734	0.999884	0.788055	
70	0.999935	0.000691	-2.058044	-0.000691	0.999935	0.653534	
71	0.999909	0.000710	-2.059875	-0.000710	0.999909	0.696259	
72	0.999932	0.000736	-2.053467	-0.000736	0.999932	0.763672	
73	0.999943	0.000724	-2.065063	-0.000724	0.999943	0.725952	
74	0.999918	0.000649	-1.987732	-0.000649	0.999918	0.572906	
75	0.999895	0.000785	-2.040222	-0.000785	0.999895	0.782562	
76	0.999952	0.000673	-2.012024	-0.000673	0.999952	0.679199	
77	0.999876	0.000717	-1.944702	-0.000717	0.999876	0.738739	
78	0.999939	0.000706	-1.936096	-0.000706	0.999939	0.681976	
79	0.999922	0.000643	-1.876770	-0.000643	0.999922	0.660553	
80	0.999894	0.000646	-1.798096	-0.000646	0.999894	0.747925	
81	0.999978	0.000653	-1.873108	-0.000653	0.999978	0.606903	
82	0.999928	0.000719	-1.836792	-0.000719	0.999928	0.773987	
83	0.999899	0.000621	-1.672241	-0.000621	0.999899	0.769531	
84	0.999962	0.000666	-1.698669	-0.000666	0.999962	0.643860	
85	0.999962	0.000610	-1.694580	-0.000610	0.999962	0.659698	
86	0.999946	0.000628	-1.544739	-0.000628	0.999946	0.563110	
87	0.999963	0.000579	-1.685852	-0.000579	0.999963	0.522186	
88	0.999973	0.000591	-1.813965	-0.000591	0.999973	0.481415	
89	0.999954	0.000511	-1.657593	-0.000511	0.999954	0.377136	
90	0.999958	0.000577	-1.773010	-0.000577	0.999958	0.503571	
91	1.000042	0.000554	-1.788330	-0.000554	1.000042	0.466919	
92	0.999884	0.000539	-1.744690	-0.000539	0.999884	0.567566	
93	1.000034	0.000567	-1.959412	-0.000567	1.000034	0.476685	
94	0.999946	0.000506	-1.832886	-0.000506	0.999946	0.451691	
95	1.000030	0.000556	-2.145569	-0.000556	1.000030	0.463165	
96	1.000038	0.000433	-2.136230	-0.000433	1.000038	0.381683	
97	1.000017	0.000526	-2.190735	-0.000526	1.000017	0.427002	
98	1.000084	0.000449	-2.367615	-0.000449	1.000084	0.454712	
99	1.000049	0.000434	-2.336121	-0.000434	1.000049	0.478424	
100	1.000068	0.000435	-2.528503	-0.000435	1.000068	0.418213	
101	1.000086	0.000440	-2.582703	-0.000440	1.000086	0.457367	
102	1.000193	0.000357	-2.631714	-0.000357	1.000193	0.251678	
103	1.000173	0.000392	-2.724915	-0.000392	1.000173	0.371033	
104	1.000114	0.000369	-2.663696	-0.000369	1.000114	0.503387	
105	1.000293	0.000321	-2.854919	-0.000321	1.000293	0.344269	
106	1.000256	0.000371	-2.863953	-0.000371	1.000256	0.466095	
107	1.000259	0.000317	-2.933533	-0.000317	1.000259	0.445007	
108	1.000384	0.000328	-3.027161	-0.000328	1.000384	0.500458	
109	1.000311	0.000254	-2.966248	-0.000254	1.000311	0.446289	
110	1.000405	0.000278	-3.186218	-0.000278	1.000405	0.524017	
111	1.000413	0.000271	-3.202576	-0.000271	1.000413	0.463135	
112	1.000441	0.000298	-3.338501	-0.000298	1.000441	0.544250	
113	1.000515	0.000303	-3.387817	-0.000303	1.000515	0.520905	
114	1.000544	0.000299	-3.580505	-0.000299	1.000544	0.564331	
115	1.000551	0.000286	-3.564575	-0.000286	1.000551	0.591400	
116	1.000584	0.000308	-3.686401	-0.000308	1.000584	0.646759	
117	1.000605	0.000300	-3.773193	-0.000300	1.000605	0.658966	
118	1.000693	0.000297	-3.854370	-0.000297	1.000693	0.667999	
119	1.000718	0.000251	-3.877930	-0.000251	1.000718	0.636566	
120	1.000710	0.000255	-3.869751	-0.000255	1.000710	0.744873	
121	1.000805	0.000276	-4.110291	-0.000276	1.000805	0.732880	
122	1.000840	0.000281	-4.009521	-0.000281	1.000840	0.628113	
123	1.000838	0.000289	-4.125244	-0.000289	1.000838	0.754089	
124	1.000899	0.000268	-4.087097	-0.000268	1.000899	0.768066	
125	1.000894	0.000254	-4.055786	-0.000254	1.000894	0.707245	
126	1.000932	0.000250	-4.093689	-0.000250	1.000932	0.808685	
127	1.001014	0.000216	-4.143127	-0.000216	1.001014	0.808655	
128	1.001030	0.000223	-4.187378	-0.000223	1.001030	0.820831	
129	1.001052	0.000239	-4.083008	-0.000239	1.001052	0.873901	
130	1.001146	0.000156	-4.098083	-0.000156	1.001146	0.810272	
131	1.001269	0.000193	-4.108093	-0.000193	1.001269	0.824615	
132	1.001088	0.000158	-3.879639	-0.000158	1.001088	0.880524	
133	1.001282	0.000129	-4.046997	-0.000129	1.001282	0.900482	
134	1.001183	0.000064	-3.737183	-0.000064	1.001183	0.838470	
135	1.001362	0.000124	-3.900635	-0.000124	1.001362	0.842102	
136	1.001431	0.000105	-3.970154	-0.000105	1.001431	0.840271	
137	1.001469	0.000099	-3.861145	-0.000099	1.001469	0.826996	
138	1.001400	0.000053	-3.733398	-0.000053	1.001400	0.903778	
139	1.001599	0.000113	-3.849670	-0.000113	1.001599	0.853851	
140	1.001487	0.000004	-3.583008	-0.000004	1.001487	0.855774	
141	1.001644	-0.000010	-3.680481	0.000010	1.001644	0.824982	
142	1.001555	0.000028	-3.574951	-0.000028	1.001555	0.952728	
143	1.001644	-0.000102	-3.579712	0.000102	1.001644	0.837524	
144	1.001715	-0.000066	-3.610352	0.000066	1.001715	0.778015	
145	1.001646	-0.000076	-3.417175	0.000076	1.001646	0.976105	
146	1.001748	-0.000038	-3.600098	0.000038	1.001748	0.912933	
147	1.001675	-0.000048	-3.432495	0.000048	1.001675	0.888824	
148	1.001821	-0.000035	-3.569092	0.000035	1.001821	0.982605	
149	1.001811	0.000037	-3.485168	-0.000037	1.001811	1.094025	
150	1.002014	0.000023	-3.714478	-0.000023	1.002014	1.007141	
151	1.001827	-0.000092	-3.438843	0.000092	1.001827	1.012299	
152	1.001878	-0.000150	-3.427490	0.000150	1.001878	0.904755	
153	1.001847	-0.000087	-3.335815	0.000087	1.001847	0.983002	
154	1.002051	0.000003	-3.630310	-0.000003	1.002051	1.146545	
155	1.001898	-0.000181	-3.332031	0.000181	1.001898	0.984070	
156	1.002201	-0.000006	-3.833191	0.000006	1.002201	1.108124	
157	1.002220	0.000072	-3.762695	-0.000072	1.002220	1.240295	
158	1.001892	-0.000093	-3.311279	0.000093	1.001892	1.051788	
159	1.002070	-0.000317	-3.410706	0.000317	1.002070	0.943329	
160	1.002266	0.000077	-3.850281	-0.000077	1.002266	1.222656	
161	1.002342	0.000082	-3.981323	-0.000082	1.002342	1.290253	
162	1.002252	0.000142	-3.926392	-0.000142	1.002252	1.363403	
163	1.001928	-0.000008	-3.351013	0.000008	1.001928	1.348816	
164	1.002243	-0.000063	-3.805298	0.000063	1.002243	1.267365	
165	1.002189	0.000015	-3.757690	-0.000015	1.002189	1.332733	
166	1.002257	-0.000047	-3.917114	0.000047	1.002257	1.283997	
167	1.002265	-0.000027	-3.922791	0.000027	1.002265	1.325165	
168	1.002372	-0.000056	-4.131836	0.000056	1.002372	1.309265	
169	1.002203	-0.000052	-3.903320	0.000052	1.002203	1.329315	
170	1.002071	-0.000247	-3.712402	0.000247	1.002071	1.132751	
171	1.002424	0.000105	-4.303467	-0.000105	1.002424	1.507935	
172	1.002518	0.000073	-4.494873	-0.000073	1.002518	1.393402	
173	1.002118	-0.000200	-3.907471	0.000200	1.002118	1.199677	
174	1.002272	-0.000008	-4.136475	0.000008	1.002272	1.397949	
175	1.002200	-0.000126	-4.000366	0.000126	1.002200	1.312195	
176	1.002246	-0.000141	-4.129395	0.000141	1.002246	1.201691	
177	1.002291	-0.000139	-4.313232	0.000139	1.002291	1.304749	
178	1.002011	-0.000240	-3.918701	0.000240	1.002011	1.244324	
179	1.002320	-0.000037	-4.520386	0.000037	1.002320	1.434418	
180	1.002619	0.000129	-4.864502	-0.000129	1.002619	1.492004	
181	1.002005	-0.000329	-3.906250	0.000329	1.002005	1.147614	
182	1.002057	-0.000384	-3.884033	0.000384	1.002057	1.136475	
183	1.002192	-0.000103	-4.289917	0.000103	1.002192	1.373260	
184	1.002464	-0.000020	-4.676514	0.000020	1.002464	1.413025	
185	1.002145	-0.000198	-4.215088	0.000198	1.002145	1.296295	
186	1.002073	-0.000220	-4.170166	0.000220	1.002073	1.404175	
187	1.002485	0.000075	-4.851685	-0.000075	1.002485	1.553986	
188	1.002358	-0.000175	-4.512451	0.000175	1.002358	1.297791	
189	1.002122	-0.000592	-4.038696	0.000592	1.002122	1.165588	
190	1.002363	-0.000037	-4.533813	0.000037	1.002363	1.529205	
191	1.002116	-0.000286	-4.205933	0.000286	1.002116	1.536407	
192	1.001951	-0.000265	-3.963989	0.000265	1.001951	1.671265	
193	1.002505	-0.000028	-4.796631	0.000028	1.002505	1.908417	
194	1.002372	0.000002	-4.606934	-0.000002	1.002372	1.723907	
195	1.002750	0.000088	-5.264526	-0.000088	1.002750	2.055298	
196	1.002410	-0.000099	-4.589600	0.000099	1.002410	1.648987	
197	1.003024	0.000172	-5.684570	-0.000172	1.003024	2.130676	
198	1.002109	-0.000278	-4.022095	0.000278	1.002109	1.446991	
199	1.002103	-0.000199	-3.958252	0.000199	1.002103	1.531006	
200	1.002302	-0.000133	-4.287842	0.000133	1.002302	1.564758	
201	1.002704	0.000156	-4.896240	-0.000156	1.002704	1.806335	
202	1.002860	0.000213	-5.133789	-0.000213	1.002860	2.031036	
203	1.002026	-0.000124	-3.784912	0.000124	1.002026	1.513489	
204	1.002472	-0.000103	-4.347900	0.000103	1.002472	1.590637	
205	1.003041	0.000264	-5.286621	-0.000264	1.003041	1.697693	
206	1.002245	-0.000232	-3.852417	0.000232	1.002245	1.377991	
207	1.001951	-0.000194	-3.555054	0.000194	1.001951	1.387054	
208	1.002915	0.000233	-5.000366	-0.000233	1.002915	1.582764	
209	1.003031	0.000303	-5.211426	-0.000303	1.003031	1.741882	
210	1.002877	0.000267	-5.028076	-0.000267	1.002877	1.860229	
211	1.002511	-0.000041	-4.266479	0.000041	1.002511	1.456665	
212	1.002743	0.000200	-4.699097	-0.000200	1.002743	1.751007	
213	1.002912	0.000133	-4.908691	-0.000133	1.002912	1.630310	
214	1.002556	0.000042	-4.254639	-0.000042	1.002556	1.600464	
215	1.002170	-0.000222	-3.541016	0.000222	1.002170	1.296173	
216	1.002763	-0.000202	-4.381775	0.000202	1.002763	1.356995	
217	1.002440	-0.000024	-3.867065	0.000024	1.002440	1.412140	
218	1.002693	0.000070	-4.483521	-0.000070	1.002693	1.731720	
219	1.002451	-0.000052	-3.879395	0.000052	1.002451	1.670959	
220	1.002167	-0.000099	-3.523193	0.000099	1.002167	1.475067	
221	1.002616	-0.000023	-4.043701	0.000023	1.002616	1.619965	
222	1.002603	0.000138	-4.110718	-0.000138	1.002603	1.810516	
223	1.002161	0.000086	-3.414917	-0.000086	1.002161	1.658173	
224	1.002628	0.000068	-3.993042	-0.000068	1.002628	1.780487	
225	1.002497	0.000158	-3.624146	-0.000158	1.002497	2.141113	
226	1.002032	-0.000036	-2.935059	0.000036	1.002032	1.802856	
227	1.002317	-0.000048	-3.058105	0.000048	1.002317	1.986816	
228	1.002325	-0.000045	-2.979858	0.000045	1.002325	2.105591	
229	1.002239	0.000228	-3.022339	-0.000228	1.002239	2.113190	
230	1.002174	-0.000108	-2.372803	0.000108	1.002174	2.081299	
231	1.001759	-0.000208	-1.780884	0.000208	1.001759	1.801483	
232	1.002321	0.000085	-2.490540	-0.000085	1.002321	1.909607	
233	1.001928	-0.000133	-1.891602	0.000133	1.001928	1.972015	
234	1.001987	0.000016	-1.951172	-0.000016	1.001987	2.062683	
235	1.001898	0.000262	-1.897034	-0.000262	1.001898	2.197021	
236	1.001616	-0.000200	-1.339966	0.000200	1.001616	1.744263	
237	1.001863	0.000251	-1.659851	-0.000251	1.001863	2.154633	
238	1.001580	-0.000281	-1.074402	0.000281	1.001580	1.672668	
239	1.001532	0.000091	-1.189087	-0.000091	1.001532	1.995453	
240	1.001388	-0.000103	-0.960938	0.000103	1.001388	1.816162	
241	1.001240	-0.000217	-0.754028	0.000217	1.001240	1.662292	
242	1.001457	0.000119	-1.174072	-0.000119	1.001457	1.938080	
243	1.001270	-0.000049	-0.786011	0.000049	1.001270	1.799805	
244	1.001258	-0.000025	-0.824585	0.000025	1.001258	1.748169	
245	1.001065	-0.000001	-0.602417	0.000001	1.001065	1.741333	
246	1.000919	-0.000231	-0.289185	0.000231	1.000919	1.649384	
247	1.000745	-0.000252	-0.033569	0.000252	1.000745	1.517395	
248	1.000800	-0.000082	-0.112305	0.000082	1.000800	1.724548	
249	1.000744	-0.000137	-0.060303	0.000137	1.000744	1.670959	
250	1.000590	-0.000055	0.021362	0.000055	1.000590	1.847656	
251	1.000624	-0.000147	0.125244	0.000147	1.000624	1.739410	
252	1.000565	-0.000016	0.119629	0.000016	1.000565	1.814453	
253	1.000457	-0.000133	0.289124	0.000133	1.000457	1.709869	
254	1.000423	-0.000244	0.329102	0.000244	1.000423	1.603424	
255	1.000400	-0.000048	0.287476	0.000048	1.000400	1.828644	
256	1.000332	0.000045	0.384644	-0.000045	1.000332	1.867798	
257	1.000212	-0.000116	0.460815	0.000116	1.000212	1.676758	
258	1.000207	-0.000118	0.618286	0.000118	1.000207	1.682220	
259	1.000158	-0.000076	0.574951	0.000076	1.000158	1.549927	
260	1.000116	-0.000027	0.577393	0.000027	1.000116	1.833893	
261	1.000043	-0.000196	0.713257	0.000196	1.000043	1.648956	
262	0.999993	-0.000101	0.694824	0.000101	0.999993	1.680389	
263	0.999882	-0.000131	0.796265	0.000131	0.999882	1.626038	
264	0.999947	-0.000121	0.790161	0.000121	0.999947	1.555969	
265	0.999835	-0.000110	0.843140	0.000110	0.999835	1.616302	
266	0.999849	-0.000121	0.805664	0.000121	0.999849	1.571716	
267	0.999871	-0.000128	0.718872	0.000128	0.999871	1.537292	
268	0.999800	-0.000084	0.804688	0.000084	0.999800	1.629608	
269	0.999820	-0.000212	0.876343	0.000212	0.999820	1.567749	
270	0.999821	-0.000081	0.742676	0.000081	0.999821	1.635193	
271	0.999686	-0.000101	0.831665	0.000101	0.999686	1.700897	
272	0.999819	-0.000166	0.833984	0.000166	0.999819	1.471313	
273	0.999753	-0.000080	0.814575	0.000080	0.999753	1.731842	
274	0.999774	-0.000093	0.727295	0.000093	0.999774	1.565338	
275	0.999700	-0.000106	0.786987	0.000106	0.999700	1.594269	
276	0.999711	-0.000022	0.698486	0.000022	0.999711	1.642792	
277	0.999721	-0.000067	0.640747	0.000067	0.999721	1.607697	
278	0.999641	-0.000029	0.720703	0.000029	0.999641	1.794861	
279	0.999682	-0.000058	0.693237	0.000058	0.999682	1.637970	
280	0.999691	-0.000010	0.537598	0.000010	0.999691	1.624756	
281	0.999674	0.000022	0.655884	-0.000022	0.999674	1.645386	
282	0.999651	0.000004	0.568604	-0.000004	0.999651	1.811707	
283	0.999629	-0.000008	0.526855	0.000008	0.999629	1.605377	
284	0.999709	0.000115	0.401978	-0.000115	0.999709	1.740173	
285	0.999592	-0.000019	0.522217	0.000019	0.999592	1.637970	
286	0.999681	0.000040	0.424805	-0.000040	0.999681	1.738159	
287	0.999612	0.000133	0.349976	-0.000133	0.999612	1.819702	
288	0.999653	0.000058	0.268677	-0.000058	0.999653	1.690796	
289	0.999664	0.000078	0.311768	-0.000078	0.999664	1.765442	
290	0.999590	0.000136	0.198486	-0.000136	0.999590	1.861847	
291	0.999622	0.000058	0.339355	-0.000058	0.999622	1.708374	
292	0.999625	0.000086	0.314453	-0.000086	0.999625	1.752594	
293	0.999651	0.000094	0.256104	-0.000094	0.999651	1.769775	
294	0.999624	0.000080	0.353149	-0.000080	0.999624	1.795258	
295	0.999626	0.000076	0.213013	-0.000076	0.999626	1.739655	
296	0.999632	0.000100	0.257935	-0.000100	0.999632	1.821075	
297	0.999622	0.000046	0.263062	-0.000046	0.999622	1.655792	
298	0.999644	0.000116	0.199585	-0.000116	0.999644	1.699127	
299	0.999678	0.000088	0.217529	-0.000088	0.999678	1.762787	
300	0.999572	0.000021	0.286133	-0.000021	0.999572	1.716949	
301	0.999677	0.000099	0.085205	-0.000099	0.999677	1.659241	
302	0.999602	0.000163	0.082397	-0.000163	0.999602	1.823303	
303	0.999673	0.000085	0.104980	-0.000085	0.999673	1.623138	
304	0.999649	0.000198	-0.117310	-0.000198	0.999649	1.835297	
305	0.999663	0.000078	-0.089844	-0.000078	0.999663	1.723389	
306	0.999687	0.000249	-0.235352	-0.000249	0.999687	1.900574	
307	0.999662	0.000174	-0.192871	-0.000174	0.999662	1.822754	
308	0.999671	0.000169	-0.210327	-0.000169	0.999671	1.722412	
309	0.999698	0.000258	-0.327026	-0.000258	0.999698	1.821014	
310	0.999679	0.000154	-0.242554	-0.000154	0.999679	1.780975	
311	0.999668	0.000229	-0.288086	-0.000229	0.999668	1.915924	
312	0.999700	0.000253	-0.359131	-0.000253	0.999700	1.826660	
313	0.999683	0.000183	-0.263672	-0.000183	0.999683	1.801849	
314	0.999700	0.000196	-0.349976	-0.000196	0.999700	1.708496	
315	0.999621	0.000224	-0.289917	-0.000224	0.999621	1.880859	
316	0.999718	0.000232	-0.313477	-0.000232	0.999718	1.784729	
317	0.999658	0.000182	-0.285645	-0.000182	0.999658	1.761841	
318	0.999703	0.000254	-0.375732	-0.000254	0.999703	1.811035	
319	0.999698	0.000154	-0.388062	-0.000154	0.999698	1.742188	
320	0.999672	0.000276	-0.295898	-0.000276	0.999672	1.818817	
321	0.999667	0.000233	-0.282593	-0.000233	0.999667	1.741730	
322	0.999715	0.000169	-0.345337	-0.000169	0.999715	1.682831	
323	0.999622	0.000226	-0.159912	-0.000226	0.999622	1.897522	
324	0.999694	0.000195	-0.383179	-0.000195	0.999694	1.767334	
325	0.999684	0.000217	-0.322144	-0.000217	0.999684	1.858246	
326	0.999680	0.000224	-0.225830	-0.000224	0.999680	1.765289	
327	0.999695	0.000189	-0.183960	-0.000189	0.999695	1.699097	
328	0.999668	0.000178	-0.224609	-0.000178	0.999668	1.777710	
329	0.999679	0.000191	-0.258545	-0.000191	0.999679	1.746338	
330	0.999688	0.000208	-0.229736	-0.000208	0.999688	1.778992	
331	0.999664	0.000247	-0.197998	-0.000247	0.999664	1.850861	
332	0.999662	0.000248	-0.166626	-0.000248	0.999662	1.834534	
333	0.999678	0.000159	-0.398315	-0.000159	0.999678	1.730530	
334	0.999680	0.000263	-0.334351	-0.000263	0.999680	1.779907	
335	0.999722	0.000194	-0.475586	-0.000194	0.999722	1.660156	
336	0.999688	0.000203	-0.496094	-0.000203	0.999688	1.712128	
337	0.999736	0.000217	-0.644165	-0.000217	0.999736	1.706390	
338	0.999682	0.000153	-0.615479	-0.000153	0.999682	1.749939	
339	0.999722	0.000187	-0.698486	-0.000187	0.999722	1.608154	
340	0.999706	0.000186	-0.898315	-0.000186	0.999706	1.696472	
341	0.999720	0.000193	-1.008545	-0.000193	0.999720	1.604797	
342	0.999627	0.000211	-1.076294	-0.000211	0.999627	1.696503	
343	0.999676	0.000265	-1.320923	-0.000265	0.999676	1.721558	
344	0.999621	0.000191	-1.298584	-0.000191	0.999621	1.696228	
345	0.999617	0.000308	-1.440918	-0.000308	0.999617	1.759827	
346	0.999658	0.000185	-1.375610	-0.000185	0.999658	1.592316	
347	0.999648	0.000162	-1.261963	-0.000162	0.999648	1.573334	
348	0.999715	0.000189	-1.319092	-0.000189	0.999715	1.541718	
349	0.999711	0.000095	-1.196289	-0.000095	0.999711	1.465546	
350	0.999744	0.000107	-1.232788	-0.000107	0.999744	1.379761	
351	0.999735	0.000021	-1.253174	-0.000021	0.999735	1.260712	
352	0.999767	0.000032	-1.125488	-0.000032	0.999767	1.187714	
353	0.999779	0.000030	-1.201538	-0.000030	0.999779	1.267181	
354	0.999820	-0.000048	-1.104370	0.000048	0.999820	1.075195	
355	0.999794	-0.000055	-1.136230	0.000055	0.999794	1.092102	
356	0.999816	-0.000088	-1.206909	0.000088	0.999816	0.995514	
357	0.999841	-0.000050	-1.280029	0.000050	0.999841	0.973694	
358	0.999877	-0.000050	-1.271851	0.000050	0.999877	0.943512	
359	0.999872	-0.000055	-1.319946	0.000055	0.999872	0.948639	
360	0.999875	-0.000073	-1.411987	0.000073	0.999875	0.915070	
361	0.999838	-0.000117	-1.585815	0.000117	0.999838	0.859253	
362	0.999898	-0.000075	-1.693848	0.000075	0.999898	0.889404	
363	0.999883	0.000109	-2.032959	-0.000109	0.999883	1.043121	
364	0.999877	-0.000001	-2.155273	0.000001	0.999877	0.921265	
365	0.999939	0.000097	-2.476562	-0.000097	0.999939	0.906555	
366	0.999969	0.000163	-2.774414	-0.000163	0.999969	0.925110	
367	0.999915	0.000220	-2.966919	-0.000220	0.999915	1.023651	
368	0.999969	0.000340	-3.360962	-0.000340	0.999969	1.065094	
369	0.999914	0.000413	-3.727295	-0.000413	0.999914	1.200623	
370	1.000100	0.000556	-4.352905	-0.000556	1.000100	1.117157	
371	0.999803	0.000609	-4.564941	-0.000609	0.999803	1.345367	
372	1.000049	0.000788	-5.329346	-0.000788	1.000049	1.361115	
373	0.999659	0.000876	-5.250610	-0.000876	0.999659	1.547180	
374	0.999848	0.000989	-6.103638	-0.000989	0.999848	1.539429	
375	0.999682	0.001209	-6.425171	-0.001209	0.999682	1.756073	
376	0.999703	0.001277	-6.921143	-0.001277	0.999703	1.900116	
377	0.999971	0.001398	-7.590942	-0.001398	0.999971	1.955414	
378	0.999978	0.001499	-7.863892	-0.001499	0.999978	1.902069	
379	0.999706	0.001575	-7.966064	-0.001575	0.999706	2.030457	
380	0.999714	0.001628	-8.205811	-0.001628	0.999714	2.071198	
381	0.999675	0.001611	-8.301514	-0.001611	0.999675	1.990509	
382	1.000118	0.001906	-9.302734	-0.001906	1.000118	2.134766	
383	0.999847	0.001898	-9.094482	-0.001898	0.999847	2.197266	
384	0.999632	0.001773	-8.987915	-0.001773	0.999632	2.120300	
385	0.999736	0.001696	-9.006958	-0.001696	0.999736	1.836365	
386	1.000610	0.001895	-10.032715	-0.001895	1.000610	2.027191	
387	1.000194	0.001930	-9.971558	-0.001930	1.000194	2.044342	
388	0.999664	0.001760	-9.057739	-0.001760	0.999664	2.140167	
389	1.000004	0.001859	-9.624390	-0.001859	1.000004	2.025269	
390	1.000461	0.001802	-9.978271	-0.001802	1.000461	1.863861	
391	1.000349	0.001797	-9.758667	-0.001797	1.000349	1.888977	
392	0.999881	0.001691	-8.998047	-0.001691	0.999881	1.786713	
393	0.999961	0.001487	-8.382080	-0.001487	0.999961	1.650208	
394	1.000306	0.001523	-8.474487	-0.001523	1.000306	1.592834	
395	0.999810	0.001126	-7.215454	-0.001126	0.999810	1.332825	
396	1.000104	0.001094	-7.075073	-0.001094	1.000104	1.127777	
397	1.000255	0.000957	-6.708008	-0.000957	1.000255	1.118622	
398	1.000158	0.000793	-6.094604	-0.000793	1.000158	0.935638	
399	1.000026	0.000615	-5.497437	-0.000615	1.000026	0.811340	
400	1.000187	0.000601	-5.379150	-0.000601	1.000187	0.761536	
401	1.000149	0.000395	-4.927979	-0.000395	1.000149	0.606079	
402	1.000278	0.000401	-4.895752	-0.000401	1.000278	0.493286	
403	1.000211	0.000264	-4.518555	-0.000264	1.000211	0.480042	
404	1.000069	0.000079	-4.002441	-0.000079	1.000069	0.391846	
405	0.999951	-0.000025	-3.768799	0.000025	0.999951	0.526550	
406	1.000280	0.000112	-3.922546	-0.000112	1.000280	0.353180	
407	1.000086	-0.000082	-3.583740	0.000082	1.000086	0.181793	
408	1.000025	-0.000113	-3.400146	0.000113	1.000025	0.355255	
409	1.000161	-0.000109	-3.597900	0.000109	1.000161	0.334686	
410	1.000280	-0.000143	-3.549255	0.000143	1.000280	0.172363	
411	1.000046	-0.000222	-3.162720	0.000222	1.000046	0.110626	
412	1.000023	-0.000295	-3.137695	0.000295	1.000023	0.107452	
413	1.000147	-0.000239	-3.105225	0.000239	1.000147	0.065155	
414	1.000244	-0.000356	-3.197632	0.000356	1.000244	-0.030060	
415	1.000413	-0.000165	-3.340393	0.000165	1.000413	-0.049042	
416	1.000156	-0.000331	-3.069824	0.000331	1.000156	0.039001	
417	1.000058	-0.000361	-2.738281	0.000361	1.000058	-0.052185	
418	1.000118	-0.000339	-2.890381	0.000339	1.000118	0.046112	
419	1.000302	-0.000337	-2.982544	0.000337	1.000302	-0.142731	
420	1.000008	-0.000388	-2.550903	0.000388	1.000008	0.024994	
421	1.000308	-0.000346	-2.931274	0.000346	1.000308	-0.042755	
422	1.000108	-0.000409	-2.631226	0.000409	1.000108	-0.139709	
423	0.999974	-0.000448	-2.413574	0.000448	0.999974	0.030762	
424	1.000196	-0.000478	-2.633179	0.000478	1.000196	-0.137146	
425	1.000689	-0.000588	-3.189087	0.000588	1.000689	-0.446655	
426	1.000250	-0.000517	-2.810181	0.000517	1.000250	-0.173950	
427	1.000116	-0.000558	-2.610352	0.000558	1.000116	-0.209015	
428	1.000074	-0.000504	-2.454590	0.000504	1.000074	-0.133209	
429	1.000129	-0.000509	-2.626221	0.000509	1.000129	-0.116058	
430	1.000025	-0.000610	-2.541138	0.000610	1.000025	-0.382660	
431	1.000146	-0.000418	-2.611511	0.000418	1.000146	-0.044342	
432	1.000373	-0.000529	-3.024170	0.000529	1.000373	-0.310181	
433	1.000059	-0.000493	-2.596191	0.000493	1.000059	-0.149506	
434	1.000066	-0.000391	-2.638916	0.000391	1.000066	0.080505	
435	1.000134	-0.000510	-2.570557	0.000510	1.000134	-0.186493	
436	1.000497	-0.000379	-3.071472	0.000379	1.000497	-0.230408	
437	1.000107	-0.000414	-2.516479	0.000414	1.000107	0.022491	
438	1.000072	-0.000574	-2.435181	0.000574	1.000072	-0.292999	
439	1.000670	-0.000579	-3.233154	0.000579	1.000670	-0.532166	
440	1.000152	-0.000506	-2.262329	0.000506	1.000152	-0.275238	
441	1.000421	-0.000647	-2.572449	0.000647	1.000421	-0.424530	
442	1.000205	-0.000486	-2.268311	0.000486	1.000205	-0.275085	
443	1.000723	-0.000805	-2.634094	0.000805	1.000723	-0.740936	
444	1.000120	-0.000655	-2.027100	0.000655	1.000120	-0.236664	
445	1.000621	-0.000739	-2.280640	0.000739	1.000621	-0.760284	
446	1.000451	-0.000855	-1.487305	0.000855	1.000451	-0.643677	
447	1.000133	-0.001046	-0.466675	0.001046	1.000133	-0.795746	
448	1.000371	-0.001425	0.197632	0.001425	1.000371	-1.292725	
449	1.000262	-0.001644	1.632446	0.001644	1.000262	-1.425018	
450	1.000350	-0.002046	2.877319	0.002046	1.000350	-1.800629	
451	1.000271	-0.002697	4.611145	0.002697	1.000271	-2.557648	
452	1.001184	-0.003146	5.064575	0.003146	1.001184	-3.494659	
453	1.000268	-0.003632	7.559021	0.003632	1.000268	-3.441772	
454	1.001521	-0.004307	7.301147	0.004307	1.001521	-4.782837	
455	1.000992	-0.004664	8.987671	0.004664	1.000992	-4.682312	
456	1.001602	-0.004724	9.471436	0.004724	1.001602	-5.236877	
457	1.001549	-0.004871	10.620117	0.004871	1.001549	-5.113892	
458	1.001637	-0.005726	11.317993	0.005726	1.001637	-6.381134	
459	1.001919	-0.005830	11.871582	0.005830	1.001919	-6.280060	
460	1.002383	-0.005929	12.170166	0.005929	1.002383	-6.579956	
461	1.001238	-0.006712	14.181152	0.006712	1.001238	-6.752167	
462	1.001523	-0.006646	14.477295	0.006646	1.001523	-6.960388	
463	1.002894	-0.006441	13.409790	0.006441	1.002894	-7.420715	
464	1.003011	-0.006424	13.515991	0.006424	1.003011	-7.254486	
465	1.002645	-0.005559	14.369263	0.005559	1.002645	-5.942093	
466	1.002039	-0.006266	15.743042	0.006266	1.002039	-6.608154	
467	1.002728	-0.006271	15.498901	0.006271	1.002728	-6.574219	
468	1.003353	-0.008003	15.411621	0.008003	1.003353	-9.433716	
469	1.003835	-0.007192	15.382812	0.007192	1.003835	-8.462433	
470	1.003106	-0.007588	15.982300	0.007588	1.003106	-8.579712	
471	1.002726	-0.006721	15.547974	0.006721	1.002726	-7.303925	
472	1.003711	-0.006954	12.498047	0.006954	1.003711	-8.626678	
473	1.001501	-0.005504	12.929321	0.005504	1.001501	-5.751770	
474	1.001052	-0.004601	11.121338	0.004601	1.001052	-4.877502	
475	1.001365	-0.003480	8.632202	0.003480	1.001365	-3.705475	
476	1.001628	-0.004199	6.462402	0.004199	1.001628	-4.853394	
477	1.000675	-0.003077	6.533447	0.003077	1.000675	-3.014893	
478	1.000945	-0.002635	5.298340	0.002635	1.000945	-2.810608	
479	1.000914	-0.002745	4.210327	0.002745	1.000914	-2.893158	
480	1.001023	-0.002360	3.265259	0.002360	1.001023	-2.646179	
481	1.000417	-0.002086	2.835938	0.002086	1.000417	-1.998138	
482	1.000845	-0.001729	1.626221	0.001729	1.000845	-2.021515	
483	1.000109	-0.001628	1.218262	0.001628	1.000109	-1.289856	
484	1.000918	-0.001418	-0.446655	0.001418	1.000918	-1.726654	
485	1.000545	-0.001087	-1.110352	0.001087	1.000545	-1.092743	
486	1.000386	-0.000720	-1.887939	0.000720	1.000386	-0.641937	
487	1.000433	-0.000495	-2.615112	0.000495	1.000433	-0.429504	
488	1.000647	-0.000427	-3.299805	0.000427	1.000647	-0.585907	
489	1.000126	-0.000495	-2.717285	0.000495	1.000126	-0.222168	
490	1.000440	-0.000352	-3.028564	0.000352	1.000440	-0.250916	
491	1.000335	-0.000295	-2.898682	0.000295	1.000335	-0.249420	
492	1.000332	-0.000458	-2.958252	0.000458	1.000332	-0.261658	
493	1.000440	-0.000466	-3.117065	0.000466	1.000440	-0.434875	
494	1.000212	-0.000405	-2.715088	0.000405	1.000212	-0.353424	
495	1.000175	-0.000473	-2.924561	0.000473	1.000175	-0.374756	
496	1.000404	-0.000421	-3.090332	0.000421	1.000404	-0.358307	
497	0.999813	-0.000437	-2.374512	0.000437	0.999813	-0.179230	
498	1.000391	-0.000433	-2.967041	0.000433	1.000391	-0.284058	
499	1.000865	-0.000377	-3.569092	0.000377	1.000865	-0.569122	
500	1.000561	-0.000507	-3.121582	0.000507	1.000561	-0.509583	
501	1.000249	-0.000527	-2.435181	0.000527	1.000249	-0.327026	
502	1.000321	-0.000618	-2.284790	0.000618	1.000321	-0.522888	
503	1.000488	-0.000818	-1.860962	0.000818	1.000488	-0.705811	
504	1.000276	-0.001040	-0.701904	0.001040	1.000276	-0.925201	
505	1.000588	-0.001418	0.193237	0.001418	1.000588	-1.424438	
506	1.000423	-0.001960	2.024048	0.001960	1.000423	-1.922089	
507	1.000850	-0.002369	3.406616	0.002369	1.000850	-2.451050	
508	1.001027	-0.002884	5.537231	0.002884	1.001027	-3.284607	
509	1.001863	-0.003765	6.773071	0.003765	1.001863	-4.351044	
510	1.002287	-0.004743	8.677490	0.004743	1.002287	-5.622284	
511	1.003105	-0.005804	10.302002	0.005804	1.003105	-7.314392	
512	1.003300	-0.006215	12.495483	0.006215	1.003300	-7.332703	
513	1.003445	-0.007204	15.059814	0.007204	1.003445	-8.619598	
514	1.004480	-0.008276	15.946533	0.008276	1.004480	-10.369965	
515	1.005695	-0.007586	16.685791	0.007586	1.005695	-9.166229	
516	1.006087	-0.007713	18.219238	0.007713	1.006087	-9.077393	
517	1.006393	-0.008374	19.958740	0.008374	1.006393	-9.977051	
518	1.006387	-0.008660	21.668945	0.008660	1.006387	-10.002441	
519	1.004211	-0.012073	26.708008	0.012073	1.004211	-13.775360	
520	1.006329	-0.012868	25.819946	0.012868	1.006329	-15.830078	
521	1.006572	-0.013536	26.970215	0.013536	1.006572	-17.321808	
522	0.998756	-0.011911	35.282593	0.011911	0.998756	-10.343811	
523	0.999342	-0.012261	35.272217	0.012261	0.999342	-11.085205	
524	1.008032	-0.012711	25.704102	0.012711	1.008032	-16.191772	
525	0.998686	-0.012332	33.757385	0.012332	0.998686	-10.672729	
526	1.005357	-0.012657	24.184326	0.012657	1.005357	-15.960327	
527	1.001476	-0.010075	23.944702	0.010075	1.001476	-10.264465	
528	1.000158	-0.008701	21.282532	0.008701	1.000158	-8.156250	
529	1.000155	-0.007384	17.642456	0.007384	1.000155	-7.010193	
530	1.000700	-0.006030	14.230652	0.006030	1.000700	-5.902710	
531	1.001657	-0.005440	11.389038	0.005440	1.001657	-5.938538	
532	1.001142	-0.004737	10.571533	0.004737	1.001142	-5.122986	
533	1.001152	-0.004481	8.813721	0.004481	1.001152	-4.736267	
534	1.001114	-0.003906	7.528564	0.003906	1.001114	-4.192078	
535	1.001497	-0.003295	5.699585	0.003295	1.001497	-3.909882	
536	1.000787	-0.002927	4.799194	0.002927	1.000787	-3.044128	
537	1.000986	-0.002342	3.242676	0.002342	1.000986	-2.657745	
538	1.001016	-0.001885	1.703369	0.001885	1.001016	-2.217896	
539	1.000705	-0.001518	0.378784	0.001518	1.000705	-1.726135	
540	1.000785	-0.001032	-1.120605	0.001032	1.000785	-1.081726	
541	1.000730	-0.000634	-2.493286	0.000634	1.000730	-0.786163	
542	1.000483	-0.000475	-2.750122	0.000475	1.000483	-0.479492	
543	1.000691	-0.000439	-3.100586	0.000439	1.000691	-0.530792	
544	1.000307	-0.000452	-2.633911	0.000452	1.000307	-0.485840	
545	1.000316	-0.000390	-2.770386	0.000390	1.000316	-0.350983	
546	1.000648	-0.000505	-3.216431	0.000505	1.000648	-0.601990	
547	1.000348	-0.000455	-2.730713	0.000455	1.000348	-0.327026	
548	1.000643	-0.000381	-3.329102	0.000381	1.000643	-0.361206	
549	1.000490	-0.000412	-2.910522	0.000412	1.000490	-0.350739	
550	1.000672	-0.000609	-3.203613	0.000609	1.000672	-0.635529	
551	1.000193	-0.000438	-2.686401	0.000438	1.000193	-0.241913	
552	1.000738	-0.000434	-3.427612	0.000434	1.000738	-0.430634	
553	1.000614	-0.000480	-3.287842	0.000480	1.000614	-0.530518	
554	1.000275	-0.000477	-2.874634	0.000477	1.000275	-0.219269	
555	1.000601	-0.000377	-3.520752	0.000377	1.000601	-0.288879	
556	1.000624	-0.000464	-3.331543	0.000464	1.000624	-0.481812	
557	1.000665	-0.000388	-3.508545	0.000388	1.000665	-0.281006	
558	1.000816	-0.000566	-3.704224	0.000566	1.000816	-0.611694	
559	1.000603	-0.000455	-3.363770	0.000455	1.000603	-0.333588	
560	1.000765	-0.000506	-3.536987	0.000506	1.000765	-0.437958	
561	1.000818	-0.000430	-3.763306	0.000430	1.000818	-0.517487	
562	1.000862	-0.000300	-3.783203	0.000300	1.000862	-0.331268	
563	1.000748	-0.000493	-3.759399	0.000493	1.000748	-0.414185	
564	1.000851	-0.000425	-3.704590	0.000425	1.000851	-0.488251	
565	1.000828	-0.000385	-3.842163	0.000385	1.000828	-0.277771	
566	1.000125	-0.000516	-2.687744	0.000516	1.000125	-0.313538	
567	1.000752	-0.000445	-3.660400	0.000445	1.000752	-0.445679	
568	1.000921	-0.000392	-4.039673	0.000392	1.000921	-0.337158	
569	1.000813	-0.000471	-3.710205	0.000471	1.000813	-0.496857	
570	1.000405	-0.000514	-3.173340	0.000514	1.000405	-0.300781	
571	1.000855	-0.000523	-3.713257	0.000523	1.000855	-0.562164	
572	1.000748	-0.000527	-3.764771	0.000527	1.000748	-0.421509	
573	1.000901	-0.000453	-3.920898	0.000453	1.000901	-0.549103	
574	1.000752	-0.000412	-3.785889	0.000412	1.000752	-0.451050	
575	1.000995	-0.000434	-3.856812	0.000434	1.000995	-0.592499	
576	1.000503	-0.000478	-3.211914	0.000478	1.000503	-0.273895	
577	1.000891	-0.000367	-3.906372	0.000367	1.000891	-0.622192	
578	1.000903	-0.000501	-3.744263	0.000501	1.000903	-0.409576	
579	1.000937	-0.000412	-3.741455	0.000412	1.000937	-0.515320	
580	1.000948	-0.000439	-3.779419	0.000439	1.000948	-0.316803	
581	1.000912	-0.000458	-3.908081	0.000458	1.000912	-0.384888	
582	1.000981	-0.000338	-3.842651	0.000338	1.000981	-0.361389	
583	1.001162	-0.000431	-4.188599	0.000431	1.001162	-0.356323	
584	1.000949	-0.000559	-3.784424	0.000559	1.000949	-0.311676	
585	1.000608	-0.000492	-3.224121	0.000492	1.000608	-0.192566	
586	1.001089	-0.000411	-3.976929	0.000411	1.001089	-0.257355	
587	1.000855	-0.000381	-3.507080	0.000381	1.000855	0.028992	
588	1.001085	-0.000436	-3.961670	0.000436	1.001085	-0.203766	
589	1.001426	-0.000488	-4.237183	0.000488	1.001426	-0.327026	
590	1.000602	-0.000448	-3.230347	0.000448	1.000602	0.094482	
591	1.001165	-0.000485	-4.011230	0.000485	1.001165	-0.168488	
592	1.001312	-0.000359	-4.061646	0.000359	1.001312	-0.078430	
593	1.001121	-0.000421	-3.910034	0.000421	1.001121	-0.108704	
594	1.001418	-0.000307	-4.205933	0.000307	1.001418	-0.019440	
595	1.000843	-0.000375	-3.255981	0.000375	1.000843	0.124359	
596	1.001258	-0.000357	-3.971802	0.000357	1.001258	0.087097	
597	1.001497	-0.000278	-4.397339	0.000278	1.001497	0.053253	
598	1.000950	-0.000523	-3.370361	0.000523	1.000950	0.079987	
599	1.001209	-0.000411	-3.838379	0.000411	1.001209	0.035370	
600	1.000955	-0.000446	-3.338989	0.000446	1.000955	0.160675	
601	1.001442	-0.000256	-4.064209	0.000256	1.001442	0.225250	
602	1.001331	-0.000470	-3.910156	0.000470	1.001331	0.008911	
603	1.001355	-0.000124	-3.931396	0.000124	1.001355	0.414001	
604	1.001453	-0.000349	-4.004028	0.000349	1.001453	0.196198	
605	1.001631	-0.000316	-4.102783	0.000316	1.001631	0.066315	
606	1.001217	-0.000425	-3.534912	0.000425	1.001217	0.159149	
607	1.001700	-0.000085	-4.286133	0.000085	1.001700	0.502228	
608	1.001424	-0.000314	-3.697266	0.000314	1.001424	0.298981	
609	1.001208	-0.000259	-3.521851	0.000259	1.001208	0.396881	
610	1.001548	-0.000260	-3.983032	0.000260	1.001548	0.286011	
611	1.001615	-0.000214	-4.085083	0.000214	1.001615	0.376923	
612	1.001413	-0.000310	-3.693115	0.000310	1.001413	0.259247	
613	1.001549	-0.000350	-3.931030	0.000350	1.001549	0.223724	
614	1.001595	-0.000207	-3.951782	0.000207	1.001595	0.331726	
615	1.001389	-0.000450	-3.513306	0.000450	1.001389	0.081207	
616	1.001232	-0.000288	-3.394775	0.000288	1.001232	0.397339	
617	1.001603	-0.000242	-3.907837	0.000242	1.001603	0.320984	
618	1.001451	-0.000184	-3.684692	0.000184	1.001451	0.499542	
619	1.001564	-0.000278	-3.797974	0.000278	1.001564	0.292419	
620	1.001145	-0.000411	-3.120239	0.000411	1.001145	0.316040	
621	1.001216	-0.000347	-3.260010	0.000347	1.001216	0.270508	
622	1.001367	-0.000277	-3.522339	0.000277	1.001367	0.431091	
623	1.001712	-0.000157	-3.873657	0.000157	1.001712	0.450043	
624	1.001561	-0.000164	-3.833130	0.000164	1.001561	0.412079	
625	1.001521	-0.000274	-3.757812	0.000274	1.001521	0.400360	
626	1.001660	-0.000251	-3.868530	0.000251	1.001660	0.333832	
627	1.001444	-0.000208	-3.582031	0.000208	1.001444	0.423340	
628	1.001388	-0.000330	-3.494629	0.000330	1.001388	0.344757	
629	1.001281	-0.000373	-3.182007	0.000373	1.001281	0.280182	
630	1.001281	-0.000294	-3.359497	0.000294	1.001281	0.371552	
631	1.001703	-0.000183	-3.886719	0.000183	1.001703	0.399689	
632	1.001509	-0.000265	-3.610596	0.000265	1.001509	0.339996	
633	1.001455	-0.000333	-3.502197	0.000333	1.001455	0.324066	
634	1.001567	-0.000091	-3.784668	0.000091	1.001567	0.556824	
635	1.001526	-0.000261	-3.616577	0.000261	1.001526	0.314087	
636	1.001345	-0.000271	-3.359009	0.000271	1.001345	0.413239	
637	1.001259	-0.000472	-3.126099	0.000472	1.001259	0.096832	
638	1.001590	-0.000132	-3.740601	0.000132	1.001590	0.423431	
639	1.001230	-0.000305	-3.186646	0.000305	1.001230	0.393158	
640	1.001577	-0.000288	-3.607910	0.000288	1.001577	0.339783	
641	1.001224	-0.000353	-3.060059	0.000353	1.001224	0.272125	
642	1.001329	-0.000250	-3.315430	0.000250	1.001329	0.485168	
643	1.001163	-0.000439	-2.974243	0.000439	1.001163	0.216553	
644	1.001338	-0.000299	-3.215942	0.000299	1.001338	0.357971	
645	1.001434	-0.000253	-3.543579	0.000253	1.001434	0.443115	
646	1.001550	-0.000289	-3.559570	0.000289	1.001550	0.261139	
647	1.001496	-0.000217	-3.600342	0.000217	1.001496	0.404022	
648	1.001306	-0.000270	-3.265015	0.000270	1.001306	0.392609	
649	1.001521	-0.000252	-3.611938	0.000252	1.001521	0.390198	
650	1.001239	-0.000369	-3.123901	0.000369	1.001239	0.250366	
651	1.001324	-0.000260	-3.133667	0.000260	1.001324	0.390717	
652	1.001532	-0.000289	-3.489502	0.000289	1.001532	0.362732	
653	1.001464	-0.000295	-3.413452	0.000295	1.001464	0.398651	
654	1.001575	-0.000225	-3.553467	0.000225	1.001575	0.306671	
655	1.001224	-0.000391	-2.908447	0.000391	1.001224	0.352173	
656	1.001407	-0.000343	-3.124390	0.000343	1.001407	0.307007	
657	1.001337	-0.000291	-2.995605	0.000291	1.001337	0.434357	
658	1.001491	-0.000389	-2.972900	0.000389	1.001491	0.243652	
659	1.001505	-0.000541	-2.359985	0.000541	1.001505	0.120117	
660	1.001539	-0.000860	-1.249146	0.000860	1.001539	-0.318909	
661	1.001642	-0.001310	0.368652	0.001310	1.001642	-0.695770	
662	1.001773	-0.001901	2.311523	0.001901	1.001773	-1.435730	
663	1.002450	-0.002577	3.576782	0.002577	1.002450	-2.390533	
664	1.003215	-0.003261	4.893188	0.003261	1.003215	-3.472076	
665	1.002892	-0.003876	7.828247	0.003876	1.002892	-3.994110	
666	1.003015	-0.004880	10.077881	0.004880	1.003015	-4.902069	
667	1.004216	-0.004821	10.697876	0.004821	1.004216	-5.085022	
668	1.004071	-0.006271	13.258301	0.006271	1.004071	-6.745850	
669	1.005010	-0.007289	14.507446	0.007289	1.005010	-8.323090	
670	1.005341	-0.007590	16.321777	0.007590	1.005341	-8.557281	
671	1.006422	-0.008494	16.895630	0.008494	1.006422	-10.159058	
672	1.007012	-0.009696	17.361572	0.009696	1.007012	-12.320221	
673	1.006298	-0.009436	17.157715	0.009436	1.006298	-11.963623	
674	1.003642	-0.008517	17.861328	0.008517	1.003642	-8.913696	
675	1.005078	-0.007286	13.240234	0.007286	1.005078	-8.723816	
676	1.003046	-0.006334	12.542725	0.006334	1.003046	-6.606445	
677	1.004135	-0.005667	8.626221	0.005667	1.004135	-6.895325	
678	1.001933	-0.004124	8.930176	0.004124	1.001933	-3.880981	
679	1.003392	-0.004036	5.818604	0.004036	1.003392	-4.733154	
680	1.002986	-0.003526	5.032471	0.003526	1.002986	-3.868652	
681	1.002412	-0.003194	4.795776	0.003194	1.002412	-3.319397	
682	1.002357	-0.002805	3.641235	0.002805	1.002357	-2.935669	
683	1.002046	-0.002467	3.061523	0.002467	1.002046	-2.346191	
684	1.001949	-0.002033	1.871826	0.002033	1.001949	-1.762878	
685	1.001894	-0.001862	0.928833	0.001862	1.001894	-1.635071	
686	1.001744	-0.001468	-0.028320	0.001468	1.001744	-1.148621	
687	1.001640	-0.001058	-1.066040	0.001058	1.001640	-0.634277	
688	1.001512	-0.000726	-2.050415	0.000726	1.001512	-0.279327	
689	1.001387	-0.000449	-2.768188	0.000449	1.001387	-0.051758	
690	1.001432	-0.000264	-3.260132	0.000264	1.001432	0.336487	
691	1.001299	-0.000266	-3.258057	0.000266	1.001299	0.348633	
692	1.001479	-0.000210	-3.402954	0.000210	1.001479	0.253662	
693	1.001392	-0.000279	-3.291870	0.000279	1.001392	0.299622	
694	1.001402	-0.000279	-3.332397	0.000279	1.001402	0.298035	
695	1.001476	-0.000250	-3.403320	0.000250	1.001476	0.260986	
696	1.001351	-0.000230	-3.228516	0.000230	1.001351	0.442444	
697	1.001477	-0.000254	-3.496460	0.000254	1.001477	0.366577	
698	1.001575	-0.000181	-3.561279	0.000181	1.001575	0.464294	
699	1.001222	-0.000369	-3.059326	0.000369	1.001222	0.276306	
700	1.001440	-0.000263	-3.369995	0.000263	1.001440	0.343262	
701	1.001576	-0.000158	-3.666016	0.000158	1.001576	0.410095	
702	1.001523	-0.000285	-3.465698	0.000285	1.001523	0.384460	
703	1.001466	-0.000246	-3.464478	0.000246	1.001466	0.408447	
704	1.001305	-0.000389	-3.140381	0.000389	1.001305	0.315552	
705	1.001544	-0.000175	-3.634399	0.000175	1.001544	0.516907	
706	1.001297	-0.000347	-3.074097	0.000347	1.001297	0.375763	
707	1.001625	-0.000202	-3.773804	0.000202	1.001625	0.515991	
708	1.001483	-0.000213	-3.386353	0.000213	1.001483	0.434021	
709	1.001539	-0.000193	-3.513672	0.000193	1.001539	0.391052	
710	1.001489	-0.000279	-3.545532	0.000279	1.001489	0.373596	
711	1.001556	-0.000203	-3.609375	0.000203	1.001556	0.475464	
712	1.001329	-0.000314	-3.158447	0.000314	1.001329	0.398438	
713	1.001529	-0.000283	-3.383667	0.000283	1.001529	0.252625	
714	1.001422	-0.000309	-3.275146	0.000309	1.001422	0.480133	
715	1.001217	-0.000410	-2.889893	0.000410	1.001217	0.258728	
716	1.001560	-0.000286	-3.294434	0.000286	1.001560	0.421600	
717	1.001626	-0.000188	-3.506348	0.000188	1.001626	0.438782	
718	1.001518	-0.000353	-3.110962	0.000353	1.001518	0.368347	
719	1.001467	-0.000382	-2.939941	0.000382	1.001467	0.321289	
720	1.001487	-0.000496	-2.719482	0.000496	1.001487	0.104065	
721	1.001518	-0.000462	-2.705200	0.000462	1.001518	0.158722	
722	1.001677	-0.000504	-2.552368	0.000504	1.001677	0.068665	
723	1.001680	-0.000700	-2.178101	0.000700	1.001680	-0.114441	
724	1.001722	-0.000709	-1.901367	0.000709	1.001722	-0.171570	
725	1.001703	-0.000969	-1.175537	0.000969	1.001703	-0.364746	
726	1.001753	-0.001385	0.139526	0.001385	1.001753	-0.902527	
727	1.002004	-0.001904	1.719971	0.001904	1.002004	-1.501038	
728	1.002313	-0.002593	3.724243	0.002593	1.002313	-2.394989	
729	1.003090	-0.003508	5.394653	0.003508	1.003090	-3.632385	
730	1.003527	-0.004250	7.450806	0.004250	1.003527	-4.530426	
731	1.004566	-0.005040	8.450439	0.005040	1.004566	-5.790283	
732	1.003300	-0.006101	12.020508	0.006101	1.003300	-6.210754	
733	1.004919	-0.006141	10.554443	0.006141	1.004919	-7.170319	
734	1.003368	-0.006232	11.869141	0.006232	1.003368	-6.577087	
735	1.003834	-0.005793	9.612427	0.005793	1.003834	-6.405396	
736	1.003250	-0.004964	8.357666	0.004964	1.003250	-5.271301	
737	1.003361	-0.004480	6.254150	0.004480	1.003361	-4.929260	
738	1.002424	-0.003605	5.779053	0.003605	1.002424	-3.426208	
739	1.002431	-0.003322	4.880371	0.003322	1.002431	-3.175842	
740	1.002375	-0.002948	3.953369	0.002948	1.002375	-2.769287	
741	1.002367	-0.002761	3.101685	0.002761	1.002367	-2.704163	
742	1.002192	-0.002351	2.448120	0.002351	1.002192	-2.086609	
743	1.002266	-0.002234	1.376709	0.002234	1.002266	-2.160950	
744	1.002016	-0.001939	0.901001	0.001939	1.002016	-1.643860	
745	1.001811	-0.001646	0.267944	0.001646	1.001811	-1.304199	
746	1.001740	-0.001343	-0.649536	0.001343	1.001740	-0.788574	
747	1.001737	-0.001066	-1.437988	0.001066	1.001737	-0.635315	
748	1.001835	-0.000848	-2.354004	0.000848	1.001835	-0.435364	
749	1.001281	-0.000674	-2.518188	0.000674	1.001281	0.088562	
750	1.001599	-0.000377	-3.468994	0.000377	1.001599	0.159363	
751	1.001248	-0.000432	-3.011230	0.000432	1.001248	0.240234	
752	1.001472	-0.000333	-3.414429	0.000333	1.001472	0.319214	
753	1.001527	-0.000438	-3.477661	0.000438	1.001527	0.206299	
754	1.001633	-0.000280	-3.693604	0.000280	1.001633	0.298584	
755	1.001545	-0.000319	-3.535034	0.000319	1.001545	0.294922	
756	1.001547	-0.000330	-3.527954	0.000330	1.001547	0.278809	
757	1.001589	-0.000293	-3.623901	0.000293	1.001589	0.307068	
758	1.001209	-0.000504	-3.008179	0.000504	1.001209	0.338379	
759	1.001531	-0.000303	-3.530762	0.000303	1.001531	0.361694	
760	1.001419	-0.000403	-3.264038	0.000403	1.001419	0.380615	
761	1.001568	-0.000254	-3.557861	0.000254	1.001568	0.434143	
762	1.001177	-0.000494	-2.825684	0.000494	1.001177	0.219849	
763	1.000980	-0.000630	-2.540649	0.000630	1.000980	0.105438	
764	1.001595	-0.000203	-3.629883	0.000203	1.001595	0.434937	
765	1.001300	-0.000393	-3.080566	0.000393	1.001300	0.336914	
766	1.001617	-0.000374	-3.578735	0.000374	1.001617	0.230164	
767	1.001511	-0.000370	-3.386597	0.000370	1.001511	0.339478	
768	1.001606	-0.000303	-3.667236	0.000303	1.001606	0.307068	
769	1.001352	-0.000454	-3.155762	0.000454	1.001352	0.231384	
770	1.001547	-0.000341	-3.492310	0.000341	1.001547	0.418579	
771	1.001624	-0.000252	-3.702881	0.000252	1.001624	0.283447	
772	1.001504	-0.000311	-3.444702	0.000311	1.001504	0.407898	
773	1.001556	-0.000258	-3.529053	0.000258	1.001556	0.331238	
774	1.001127	-0.000575	-2.845703	0.000575	1.001127	0.170837	
775	1.001460	-0.000403	-3.322388	0.000403	1.001460	0.299377	
776	1.001323	-0.000364	-3.142334	0.000364	1.001323	0.408691	
777	1.001505	-0.000381	-3.431274	0.000381	1.001505	0.278320	
778	1.001555	-0.000358	-3.476074	0.000358	1.001555	0.353821	
779	1.001361	-0.000413	-3.118042	0.000413	1.001361	0.437744	
780	1.001152	-0.000417	-2.935547	0.000417	1.001152	0.391815	
781	1.001603	-0.000448	-3.436646	0.000448	1.001603	0.155518	
782	1.001259	-0.000410	-2.928223	0.000410	1.001259	0.341888	
783	1.001660	-0.000328	-3.726807	0.000328	1.001660	0.288635	
784	1.001554	-0.000347	-3.493774	0.000347	1.001554	0.342712	
785	1.001594	-0.000357	-3.474365	0.000357	1.001594	0.214905	
786	1.001441	-0.000389	-3.234741	0.000389	1.001441	0.321167	
787	1.001619	-0.000407	-3.375122	0.000407	1.001619	0.179260	
788	1.001487	-0.000331	-3.043701	0.000331	1.001487	0.313660	
789	1.001512	-0.000568	-2.975952	0.000568	1.001512	0.052368	
790	1.001506	-0.000668	-2.691406	0.000668	1.001506	-0.072510	
791	1.001605	-0.000470	-2.649536	0.000470	1.001605	0.149109	
792	1.001612	-0.000746	-2.291504	0.000746	1.001612	-0.089844	
793	1.001650	-0.000914	-1.747070	0.000914	1.001650	-0.428467	
794	1.001723	-0.000982	-1.335327	0.000982	1.001723	-0.479736	
795	1.001611	-0.001226	-0.576660	0.001226	1.001611	-0.622314	
796	1.002004	-0.001572	-0.033447	0.001572	1.002004	-1.128845	
797	1.002069	-0.001790	0.906128	0.001790	1.002069	-1.399597	
798	1.002154	-0.002320	2.427612	0.002320	1.002154	-2.025208	
799	1.002639	-0.002869	3.404419	0.002869	1.002639	-2.746582	
800	1.002757	-0.003253	4.981323	0.003253	1.002757	-3.184113	
801	1.003273	-0.003943	6.228271	0.003943	1.003273	-4.082367	
802	1.003847	-0.004497	7.045288	0.004497	1.003847	-4.946106	
803	1.003993	-0.004713	7.843140	0.004713	1.003993	-5.138885	
804	1.003877	-0.005089	8.216553	0.005089	1.003877	-5.786377	
805	1.003117	-0.004730	8.314697	0.004730	1.003117	-4.831238	
806	1.003076	-0.004420	6.915161	0.004420	1.003076	-4.634216	
807	1.003067	-0.003979	5.390869	0.003979	1.003067	-4.188965	
808	1.002820	-0.003251	4.040405	0.003251	1.002820	-3.414368	
809	1.002318	-0.002927	3.660034	0.002927	1.002318	-2.536377	
810	1.002191	-0.002568	3.010742	0.002568	1.002191	-2.259033	
811	1.002215	-0.002440	2.252319	0.002440	1.002215	-2.213074	
812	1.002115	-0.002173	1.689575	0.002173	1.002115	-1.803406	
813	1.002110	-0.001968	1.054321	0.001968	1.002110	-1.704590	
814	1.001926	-0.001708	0.461548	0.001708	1.001926	-1.334106	
815	1.001969	-0.001553	-0.243530	0.001553	1.001969	-1.152100	
816	1.001372	-0.001371	-0.169067	0.001371	1.001372	-0.635986	
817	1.001040	-0.001391	-0.335938	0.001391	1.001040	-0.632538	
818	1.001785	-0.000914	-2.253052	0.000914	1.001785	-0.391907	
819	1.001708	-0.000725	-2.841675	0.000725	1.001708	-0.169189	
820	1.001618	-0.000517	-3.297363	0.000517	1.001618	0.018005	
821	1.001619	-0.000418	-3.679565	0.000418	1.001619	0.181152	
822	1.001589	-0.000428	-3.698364	0.000428	1.001589	0.189880	
823	1.001160	-0.000587	-2.935913	0.000587	1.001160	0.197662	
824	1.001679	-0.000360	-3.777344	0.000360	1.001679	0.173950	
825	1.001626	-0.000358	-3.737549	0.000358	1.001626	0.288818	
826	1.001147	-0.000721	-2.801636	0.000721	1.001147	0.148743	
827	1.001163	-0.000544	-2.993286	0.000544	1.001163	0.280487	
828	1.001044	-0.000562	-2.808960	0.000562	1.001044	0.152374	
829	1.001391	-0.000698	-3.224487	0.000698	1.001391	-0.127716	
830	1.001240	-0.000429	-3.059204	0.000429	1.001240	0.420166	
831	1.001190	-0.000579	-2.953369	0.000579	1.001190	0.157349	
832	1.001029	-0.000726	-2.726074	0.000726	1.001029	0.109985	
833	1.001066	-0.000640	-2.770874	0.000640	1.001066	0.131958	
834	1.000992	-0.000658	-2.718262	0.000658	1.000992	0.043335	
835	1.001598	-0.000340	-3.616821	0.000340	1.001598	0.343994	
836	1.001718	-0.000230	-3.963989	0.000230	1.001718	0.340515	
837	1.001656	-0.000376	-3.738281	0.000376	1.001656	0.215698	
838	1.001073	-0.000619	-2.753296	0.000619	1.001073	0.226593	
839	1.001598	-0.000425	-3.592651	0.000425	1.001598	0.257263	
840	1.001034	-0.000704	-2.709106	0.000704	1.001034	0.064056	
841	1.001152	-0.000682	-2.856445	0.000682	1.001152	0.082764	
842	1.001023	-0.000550	-2.814209	0.000550	1.001023	0.252686	
843	1.000955	-0.000694	-2.565674	0.000694	1.000955	0.185760	
844	1.001160	-0.000609	-2.901123	0.000609	1.001160	0.136444	
845	1.001504	-0.000385	-3.510742	0.000385	1.001504	0.249207	
846	1.001124	-0.000555	-2.851074	0.000555	1.001124	0.223114	
847	1.001136	-0.000597	-2.869019	0.000597	1.001136	0.239227	
848	1.001633	-0.000311	-3.814819	0.000311	1.001633	0.298706	
849	1.001773	-0.000379	-3.938599	0.000379	1.001773	0.100403	
850	1.001335	-0.000493	-3.114380	0.000493	1.001335	0.275909	
851	1.001014	-0.000629	-2.570312	0.000629	1.001014	0.127899	
852	1.001021	-0.000662	-2.556274	0.000662	1.001021	0.169128	
853	1.001104	-0.000625	-2.598755	0.000625	1.001104	0.115326	
854	1.001500	-0.000524	-3.087769	0.000524	1.001500	0.133728	
855	1.001643	-0.000578	-3.057495	0.000578	1.001643	0.037048	
856	1.001619	-0.000637	-2.656860	0.000637	1.001619	0.010162	
857	1.001561	-0.000806	-2.213379	0.000806	1.001561	-0.182434	
858	1.001815	-0.001049	-1.807129	0.001049	1.001815	-0.570801	
859	1.001778	-0.001092	-1.168457	0.001092	1.001778	-0.513000	
860	1.001535	-0.001703	0.248047	0.001703	1.001535	-1.042633	
861	1.002022	-0.001981	0.717529	0.001981	1.002022	-1.605530	
862	1.001875	-0.002418	2.443115	0.002418	1.001875	-1.920898	
863	1.002143	-0.002872	3.727783	0.002872	1.002143	-2.397247	
864	1.002347	-0.003589	5.492676	0.003589	1.002347	-3.324280	
865	1.002417	-0.004177	7.484253	0.004177	1.002417	-4.033875	
866	1.003360	-0.005108	8.539795	0.005108	1.003360	-5.400421	
867	1.004169	-0.005623	9.725342	0.005623	1.004169	-6.181702	
868	1.002757	-0.006224	13.648804	0.006224	1.002757	-6.138306	
869	1.003807	-0.006932	14.270996	0.006932	1.003807	-7.448425	
870	1.003625	-0.007438	15.716675	0.007438	1.003625	-7.713776	
871	1.005111	-0.007849	14.275757	0.007849	1.005111	-9.213562	
872	1.004610	-0.007606	14.072144	0.007606	1.004610	-8.824097	
873	1.004588	-0.006999	12.250366	0.006999	1.004588	-8.174011	
874	1.004607	-0.006170	9.641968	0.006170	1.004607	-7.352020	
875	1.003971	-0.005375	8.155396	0.005375	1.003971	-6.330933	
876	1.003512	-0.004499	6.291138	0.004499	1.003512	-5.148682	
877	1.002247	-0.003624	6.619507	0.003624	1.002247	-3.583649	
878	1.002775	-0.003518	4.652100	0.003518	1.002775	-3.716003	
879	1.002282	-0.003113	4.380127	0.003113	1.002282	-3.054688	
880	1.002597	-0.002798	2.910522	0.002798	1.002597	-2.914490	
881	1.002043	-0.002405	2.664917	0.002405	1.002043	-2.278259	
882	1.002002	-0.002273	1.840210	0.002273	1.002002	-2.094177	
883	1.002083	-0.001843	0.599976	0.001843	1.002083	-1.562500	
884	1.002098	-0.001637	-0.298584	0.001637	1.002098	-1.491760	
885	1.001753	-0.001407	-0.751587	0.001407	1.001753	-1.058594	
886	1.001565	-0.001020	-1.580688	0.001020	1.001565	-0.544952	
887	1.000747	-0.000942	-1.087769	0.000942	1.000747	-0.278412	
888	1.001569	-0.000381	-3.282959	0.000381	1.001569	0.258789	
889	1.001399	-0.000414	-3.223755	0.000414	1.001399	0.145996	
890	1.000907	-0.000536	-2.483032	0.000536	1.000907	0.220886	
891	1.001681	-0.000154	-3.772095	0.000154	1.001681	0.410889	
892	1.000896	-0.000487	-2.494507	0.000487	1.000896	0.344025	
893	1.001667	-0.000168	-3.760254	0.000168	1.001667	0.451294	
894	1.001601	-0.000267	-3.663330	0.000267	1.001601	0.346191	
895	1.001832	-0.000150	-3.964600	0.000150	1.001832	0.394226	
896	1.001055	-0.000391	-2.752441	0.000391	1.001055	0.488098	
897	1.001684	-0.000235	-3.875000	0.000235	1.001684	0.361389	
898	1.000876	-0.000538	-2.434692	0.000538	1.000876	0.272217	
899	1.001255	-0.000412	-3.104004	0.000412	1.001255	0.349060	
900	1.001885	-0.000140	-4.146606	0.000140	1.001885	0.435669	
901	1.000851	-0.000395	-2.477173	0.000395	1.000851	0.527557	
902	1.000858	-0.000571	-2.483643	0.000571	1.000858	0.272614	
903	1.000816	-0.000651	-2.393188	0.000651	1.000816	0.112000	
904	1.000960	-0.000468	-2.720337	0.000468	1.000960	0.381592	
905	1.001673	-0.000359	-3.830444	0.000359	1.001673	0.161194	
906	1.000927	-0.000553	-2.412109	0.000553	1.000927	0.225342	
907	1.001086	-0.000471	-3.017456	0.000471	1.001086	0.404022	
908	1.001349	-0.000430	-3.104248	0.000430	1.001349	0.198212	
909	1.001511	-0.000404	-3.507446	0.000404	1.001511	0.210449	
910	1.001114	-0.000571	-2.739502	0.000571	1.001114	0.256256	
911	1.000913	-0.000513	-2.543823	0.000513	1.000913	0.308807	
912	1.000846	-0.000498	-2.346802	0.000498	1.000846	0.343872	
913	1.001737	-0.000367	-3.661255	0.000367	1.001737	0.216858	
914	1.001766	-0.000241	-3.717651	0.000241	1.001766	0.481812	
915	1.001855	-0.000117	-3.862305	0.000117	1.001855	0.633118	
916	1.001136	-0.000507	-2.510864	0.000507	1.001136	0.479828	
917	1.001406	-0.000256	-3.014404	0.000256	1.001406	0.642029	
918	1.001030	-0.000512	-2.315308	0.000512	1.001030	0.542267	
919	1.001212	-0.000556	-2.472046	0.000556	1.001212	0.417877	
920	1.001867	-0.000097	-3.711426	0.000097	1.001867	0.678772	
921	1.001116	-0.000511	-2.307373	0.000511	1.001116	0.456787	
922	1.001355	-0.000370	-2.756104	0.000370	1.001355	0.598114	
923	1.001392	-0.000422	-2.716431	0.000422	1.001392	0.471375	
924	1.001946	-0.000141	-3.685303	0.000141	1.001946	0.724792	
925	1.001945	-0.000122	-3.636597	0.000122	1.001945	0.711548	
926	1.001908	-0.000103	-3.553101	0.000103	1.001908	0.749268	
927	1.001798	-0.000219	-3.276978	0.000219	1.001798	0.689697	
928	1.001269	-0.000501	-2.314575	0.000501	1.001269	0.525604	
929	1.001733	-0.000434	-2.990234	0.000434	1.001733	0.368317	
930	1.001274	-0.000487	-2.176270	0.000487	1.001274	0.499847	
931	1.001783	-0.000422	-2.916748	0.000422	1.001783	0.436462	
932	1.001452	-0.000509	-2.171021	0.000509	1.001452	0.397430	
933	1.001948	-0.000641	-2.497070	0.000641	1.001948	0.183777	
934	1.001792	-0.000689	-1.616577	0.000689	1.001792	0.137634	
935	1.001568	-0.000920	-0.644043	0.000920	1.001568	0.041718	
936	1.001934	-0.001235	-0.099731	0.001235	1.001934	-0.305420	
937	1.002134	-0.001511	0.994995	0.001511	1.002134	-0.697144	
938	1.002340	-0.002026	2.197144	0.002026	1.002340	-1.425568	
939	1.003003	-0.002498	2.819580	0.002498	1.003003	-2.143799	
940	1.002863	-0.003019	4.863525	0.003019	1.002863	-2.554810	
941	1.003599	-0.003597	5.618164	0.003597	1.003599	-3.560669	
942	1.003321	-0.004044	7.617310	0.004044	1.003321	-3.996979	
943	1.004049	-0.004749	8.164307	0.004749	1.004049	-4.867432	
944	1.004664	-0.004718	8.048462	0.004718	1.004664	-5.152191	
945	1.004027	-0.005154	9.355713	0.005154	1.004027	-5.221497	
946	1.004469	-0.005168	8.147583	0.005168	1.004469	-5.625183	
947	1.003876	-0.004553	7.519775	0.004553	1.003876	-4.787781	
948	1.003844	-0.004342	5.902466	0.004342	1.003844	-4.728821	
949	1.003202	-0.003633	4.949219	0.003633	1.003202	-3.609375	
950	1.003014	-0.003124	3.609253	0.003124	1.003014	-3.123962	
951	1.002738	-0.002630	2.773315	0.002630	1.002738	-2.308228	
952	1.002816	-0.002567	1.869507	0.002567	1.002816	-2.547485	
953	1.002231	-0.002217	2.090210	0.002217	1.002231	-1.861511	
954	1.001937	-0.001921	1.592773	0.001921	1.001937	-1.219055	
955	1.001689	-0.001958	1.471802	0.001958	1.001689	-1.368591	
956	1.002204	-0.001882	-0.071655	0.001882	1.002204	-1.506714	
957	1.002352	-0.001613	-1.205322	0.001613	1.002352	-1.364197	
958	1.000785	-0.001149	0.532715	0.001149	1.000785	-0.174805	
959	1.002015	-0.001161	-2.091553	0.001161	1.002015	-0.818420	
960	1.001407	-0.001028	-1.787720	0.001028	1.001407	-0.314545	
961	1.000742	-0.000671	-1.544434	0.000671	1.000742	0.120453	
962	1.001004	-0.000612	-2.367310	0.000612	1.001004	0.140015	
963	1.000855	-0.000648	-2.267212	0.000648	1.000855	0.159210	
964	1.000862	-0.000557	-2.418335	0.000557	1.000862	0.328674	
965	1.000869	-0.000640	-2.420654	0.000640	1.000869	0.158844	
966	1.000881	-0.000739	-2.442261	0.000739	1.000881	0.188446	
967	1.000862	-0.000815	-2.324585	0.000815	1.000862	0.180115	
968	1.000860	-0.000639	-2.355225	0.000639	1.000860	0.210327	
969	1.000762	-0.000548	-2.280762	0.000548	1.000762	0.320312	
970	1.000809	-0.000560	-2.316528	0.000560	1.000809	0.264374	
971	1.000874	-0.000629	-2.449219	0.000629	1.000874	0.210663	
972	1.000873	-0.000665	-2.445801	0.000665	1.000873	0.283661	
973	1.000763	-0.000486	-2.292480	0.000486	1.000763	0.351349	
974	1.000968	-0.000674	-2.621094	0.000674	1.000968	0.052856	
975	1.001091	-0.000635	-2.757202	0.000635	1.001091	0.262817	
976	1.001178	-0.000771	-2.899292	0.000771	1.001178	-0.134796	
977	1.001500	-0.000738	-3.320190	0.000738	1.001500	-0.167328	
978	1.001038	-0.000636	-2.768921	0.000636	1.001038	0.271912	
979	1.000948	-0.000698	-2.507812	0.000698	1.000948	0.182343	
980	1.000820	-0.000644	-2.401001	0.000644	1.000820	0.261993	
981	1.000729	-0.000545	-2.230835	0.000545	1.000729	0.301147	
982	1.000871	-0.000630	-2.419678	0.000630	1.000871	0.216644	
983	1.000767	-0.000562	-2.250122	0.000562	1.000767	0.354706	
984	1.000919	-0.000649	-2.499146	0.000649	1.000919	0.221069	
985	1.000813	-0.000694	-2.374512	0.000694	1.000813	0.215393	
986	1.000886	-0.000665	-2.505737	0.000665	1.000886	0.202362	
987	1.000874	-0.000633	-2.515503	0.000633	1.000874	0.265930	
988	1.001427	-0.000855	-3.172363	0.000855	1.001427	-0.398376	
989	1.000899	-0.000623	-2.519897	0.000623	1.000899	0.305756	
990	1.000839	-0.000640	-2.459229	0.000640	1.000839	0.155640	
991	1.000854	-0.000698	-2.433350	0.000698	1.000854	0.089630	
992	1.000791	-0.000567	-2.357910	0.000567	1.000791	0.225739	
993	1.000881	-0.000609	-2.463135	0.000609	1.000881	0.184875	
994	1.001132	-0.000748	-2.806274	0.000748	1.001132	-0.035980	
995	1.000872	-0.000768	-2.422119	0.000768	1.000872	0.036560	
996	1.000894	-0.000642	-2.496094	0.000642	1.000894	0.205719	
997	1.001004	-0.000702	-2.613281	0.000702	1.001004	0.103363	
998	1.000943	-0.000535	-2.656372	0.000535	1.000943	0.298431	
999	1.000718	-0.000642	-2.189331	0.000642	1.000718	0.209259	
1000	1.000889	-0.000587	-2.518555	0.000587	1.000889	0.188232	
1001	1.000970	-0.000616	-2.624512	0.000616	1.000970	0.094971	
1002	1.000840	-0.000685	-2.447021	0.000685	1.000840	0.119141	
1003	1.000923	-0.000658	-2.554443	0.000658	1.000923	0.214447	
1004	1.000917	-0.000641	-2.565430	0.000641	1.000917	0.130402	
1005	1.000777	-0.000673	-2.221436	0.000673	1.000777	0.167908	
1006	1.000741	-0.000505	-2.365967	0.000505	1.000741	0.254822	
1007	1.001008	-0.000673	-2.659546	0.000673	1.001008	0.145203	
1008	1.000814	-0.000675	-2.343262	0.000675	1.000814	0.220276	
1009	1.001255	-0.000900	-2.901489	0.000900	1.001255	-0.414795	
1010	1.000873	-0.000634	-2.379395	0.000634	1.000873	0.198425	
1011	1.000924	-0.000686	-2.583496	0.000686	1.000924	0.241272	
1012	1.000750	-0.000638	-2.290039	0.000638	1.000750	0.174591	
1013	1.000926	-0.000668	-2.529785	0.000668	1.000926	0.177002	
1014	1.001099	-0.000621	-2.808350	0.000621	1.001099	0.198120	
1015	1.000918	-0.000693	-2.458374	0.000693	1.000918	0.147766	
1016	1.000919	-0.000778	-2.366821	0.000778	1.000919	0.053619	
1017	1.000999	-0.000748	-2.588379	0.000748	1.000999	0.124176	
1018	1.000865	-0.000769	-2.345947	0.000769	1.000865	0.088745	
1019	1.001077	-0.000792	-2.658813	0.000792	1.001077	-0.028564	
1020	1.001259	-0.000818	-2.697388	0.000818	1.001259	-0.099213	
1021	1.001099	-0.001007	-2.328003	0.001007	1.001099	-0.415527	
1022	1.000856	-0.000881	-1.812744	0.000881	1.000856	-0.001373	
1023	1.000907	-0.001024	-1.517456	0.001024	1.000907	-0.109039	
1024	1.001004	-0.001148	-1.241577	0.001148	1.001004	-0.282776	
1025	1.001342	-0.001515	-1.015869	0.001515	1.001342	-0.864197	
1026	1.000901	-0.001360	0.085083	0.001360	1.000901	-0.728729	
1027	1.001344	-0.001696	0.250610	0.001696	1.001344	-1.129822	
1028	1.002030	-0.002123	0.190796	0.002123	1.002030	-2.082031	
1029	1.002315	-0.002260	0.592651	0.002260	1.002315	-2.275940	
1030	1.002454	-0.002686	1.435181	0.002686	1.002454	-2.720367	
1031	1.001830	-0.002980	3.344727	0.002980	1.001830	-2.628998	
1032	1.002132	-0.003256	4.013062	0.003256	1.002132	-3.013672	
1033	1.002602	-0.003583	4.399292	0.003583	1.002602	-3.710419	
1034	1.003027	-0.004033	4.969360	0.004033	1.003027	-4.439575	
1035	1.003135	-0.004284	5.713135	0.004284	1.003135	-4.647430	
1036	1.003762	-0.004654	5.893433	0.004654	1.003762	-5.259094	
1037	1.003809	-0.004971	6.633423	0.004971	1.003809	-5.663757	
1038	1.002830	-0.005101	8.607666	0.005101	1.002830	-4.835266	
1039	1.003668	-0.005371	7.968628	0.005371	1.003668	-5.917542	
1040	1.004008	-0.005512	7.815552	0.005512	1.004008	-6.210449	
1041	1.003749	-0.005278	7.853882	0.005278	1.003749	-5.803772	
1042	1.003572	-0.005245	7.115723	0.005245	1.003572	-5.805847	
1043	1.003309	-0.004565	6.026001	0.004565	1.003309	-5.015106	
1044	1.003309	-0.004148	4.405640	0.004148	1.003309	-4.591370	
1045	1.002867	-0.003537	3.481812	0.003537	1.002867	-3.630920	
1046	1.002935	-0.003120	1.958130	0.003120	1.002935	-3.344299	
1047	1.001411	-0.002501	3.400879	0.002501	1.001411	-1.759186	
1048	1.002437	-0.002594	1.237305	0.002594	1.002437	-2.507996	
1049	1.000841	-0.001759	2.973511	0.001759	1.000841	-0.805695	
1050	1.001542	-0.002140	1.333984	0.002140	1.001542	-1.519531	
1051	1.002190	-0.002051	-0.289429	0.002051	1.002190	-1.943939	
1052	1.000785	-0.001507	1.070068	0.001507	1.000785	-0.653107	
1053	1.000741	-0.001465	0.474976	0.001465	1.000741	-0.523590	
1054	1.001586	-0.001610	-1.303955	0.001610	1.001586	-1.245667	
1055	1.000740	-0.001239	-0.708252	0.001239	1.000740	-0.308014	
1056	1.001171	-0.001194	-1.732544	0.001194	1.001171	-0.499847	
1057	1.000847	-0.001100	-1.254395	0.001100	1.000847	-0.095978	
1058	1.000832	-0.001091	-1.120972	0.001091	1.000832	-0.223267	
1059	1.001137	-0.001297	-1.633301	0.001297	1.001137	-0.538055	
1060	1.000864	-0.001024	-1.326904	0.001024	1.000864	-0.177185	
1061	1.000853	-0.001050	-1.125732	0.001050	1.000853	-0.266388	
1062	1.001221	-0.001428	-1.143555	0.001428	1.001221	-0.840454	
1063	1.000948	-0.001291	-0.224976	0.001291	1.000948	-0.415863	
1064	1.000766	-0.001355	0.904785	0.001355	1.000766	-0.614777	
1065	1.000943	-0.001670	1.953857	0.001670	1.000943	-0.714874	
1066	1.001329	-0.002540	3.220947	0.002540	1.001329	-1.669739	
1067	1.003026	-0.003267	2.460938	0.003267	1.003026	-3.524902	
1068	1.003306	-0.003738	4.019043	0.003738	1.003306	-3.903503	
1069	1.003366	-0.004356	5.949707	0.004356	1.003366	-4.644104	
1070	1.004418	-0.004921	6.166870	0.004921	1.004418	-5.764709	
1071	1.004179	-0.005246	8.239136	0.005246	1.004179	-5.776611	
1072	1.003907	-0.005595	10.011353	0.005595	1.003907	-6.058990	
1073	1.004510	-0.006056	10.503906	0.006056	1.004510	-6.651459	
1074	1.005281	-0.006389	10.356323	0.006389	1.005281	-7.504211	
1075	1.005651	-0.006373	10.645996	0.006373	1.005651	-7.526062	
1076	1.005194	-0.006422	12.030762	0.006422	1.005194	-7.169403	
1077	1.005138	-0.006877	12.585327	0.006877	1.005138	-7.843506	
1078	1.005715	-0.006585	12.201538	0.006585	1.005715	-7.607819	
1079	1.006204	-0.006578	11.723267	0.006578	1.006204	-7.782928	
1080	1.006350	-0.008129	12.531616	0.008129	1.006350	-10.693909	
1081	1.006084	-0.007504	12.576050	0.007504	1.006084	-9.413757	
1082	1.005109	-0.007409	13.997314	0.007409	1.005109	-8.583557	
1083	1.006292	-0.007922	12.570801	0.007922	1.006292	-10.306000	
1084	1.006214	-0.006909	11.953125	0.006909	1.006214	-8.494690	
1085	1.006128	-0.008005	11.590088	0.008005	1.006128	-10.692780	
1086	1.005389	-0.007023	10.584229	0.007023	1.005389	-9.085266	
1087	0.998470	-0.003838	15.763092	0.003838	0.998470	-2.619064	
1088	1.003250	-0.003643	8.784912	0.003643	1.003250	-3.577179	
1089	1.001094	-0.002844	9.915344	0.002844	1.001094	-2.258453	
1090	1.000776	-0.002485	8.281372	0.002485	1.000776	-1.762543	
1091	1.000160	-0.002426	7.237427	0.002426	1.000160	-1.587357	
1092	1.000932	-0.002098	5.758118	0.002098	1.000932	-1.579178	
1093	1.001021	-0.001889	4.896667	0.001889	1.001021	-1.118515	
1094	1.000878	-0.001794	4.136719	0.001794	1.000878	-1.067871	
1095	1.000744	-0.001552	3.297424	0.001552	1.000744	-0.741089	
1096	1.000890	-0.001297	2.251648	0.001297	1.000890	-0.706345	
1097	1.000715	-0.001323	1.529175	0.001323	1.000715	-0.406464	
1098	1.000691	-0.000933	0.704834	0.000933	1.000691	-0.157593	
1099	1.000757	-0.000858	-0.341370	0.000858	1.000757	-0.081696	
1100	1.000694	-0.000504	-1.049561	0.000504	1.000694	0.216080	
1101	1.000733	-0.000420	-1.932678	0.000420	1.000733	0.218567	
1102	1.000767	-0.000291	-2.319885	0.000291	1.000767	0.484924	
1103	1.000622	-0.000305	-2.055298	0.000305	1.000622	0.430878	
1104	1.000811	-0.000413	-2.365417	0.000413	1.000811	0.385712	
1105	1.000801	-0.000446	-2.126404	0.000446	1.000801	0.237640	
1106	1.000723	-0.000438	-1.606934	0.000438	1.000723	0.286987	
1107	1.000870	-0.000767	-0.688293	0.000767	1.000870	0.062103	
1108	1.000882	-0.000963	0.762695	0.000963	1.000882	-0.233612	
1109	1.000790	-0.001594	2.913452	0.001594	1.000790	-0.719391	
1110	1.000770	-0.002110	5.238281	0.002110	1.000770	-1.222839	
1111	1.000674	-0.002264	7.835571	0.002264	1.000674	-1.665085	
1112	0.999523	-0.002826	10.962952	0.002826	0.999523	-1.871216	
1113	1.002498	-0.003286	10.495117	0.003286	1.002498	-2.721054	
1114	0.999633	-0.003800	15.691223	0.003800	0.999633	-2.927109	
1115	0.998544	-0.004914	18.536499	0.004914	0.998544	-3.429825	
1116	0.997209	-0.005085	21.191132	0.005085	0.997209	-3.356125	
1117	0.998957	-0.005358	22.300415	0.005358	0.998957	-4.288361	
1118	0.997367	-0.005922	24.873779	0.005922	0.997367	-4.413589	
1119	0.996909	-0.006324	26.794495	0.006324	0.996909	-4.670578	
1120	0.996796	-0.006923	28.307800	0.006923	0.996796	-5.029160	
1121	0.996241	-0.006703	30.189087	0.006703	0.996241	-5.166168	
1122	0.997632	-0.007249	30.222656	0.007249	0.997632	-5.927658	
1123	0.997654	-0.007632	30.732361	0.007632	0.997654	-6.293091	
1124	0.999619	-0.007163	30.046997	0.007163	0.999619	-6.171448	
1125	0.997117	-0.007594	32.062439	0.007594	0.997117	-6.180176	
1126	0.997072	-0.007912	31.141846	0.007912	0.997072	-6.216797	
1127	0.997991	-0.006923	28.717773	0.006923	0.997991	-5.509537	
1128	0.997820	-0.006303	25.745483	0.006303	0.997820	-5.016266	
1129	0.998462	-0.006143	21.726318	0.006143	0.998462	-4.506042	
1130	0.999238	-0.005116	17.928772	0.005116	0.999238	-3.933746	
1131	1.000515	-0.004499	14.290710	0.004499	1.000515	-3.686615	
1132	0.999464	-0.003534	12.503174	0.003534	0.999464	-2.509521	
1133	1.000565	-0.003411	10.522400	0.003411	1.000565	-2.613831	
1134	1.000632	-0.003141	9.209229	0.003141	1.000632	-2.500000	
1135	1.000584	-0.002726	8.011353	0.002726	1.000584	-2.047699	
1136	1.001085	-0.002377	6.281189	0.002377	1.001085	-1.804535	
1137	1.001066	-0.002077	5.124634	0.002077	1.001066	-1.493500	
1138	1.001133	-0.001776	3.728638	0.001776	1.001133	-1.181183	
1139	1.001076	-0.001447	2.495117	0.001447	1.001076	-0.764404	
1140	1.000918	-0.001293	1.576355	0.001293	1.000918	-0.518921	
1141	1.000944	-0.000806	0.282532	0.000806	1.000944	-0.074066	
1142	1.000980	-0.000462	-1.013855	0.000462	1.000980	0.264008	
1143	1.000874	-0.000326	-1.894897	0.000326	1.000874	0.472504	
1144	1.001002	-0.000246	-2.343323	0.000246	1.001002	0.448334	
1145	1.001080	-0.000272	-2.353394	0.000272	1.001080	0.416870	
1146	1.001049	-0.000254	-2.361511	0.000254	1.001049	0.588715	
1147	1.000984	-0.000285	-2.305359	0.000285	1.000984	0.380066	
1148	1.000975	-0.000312	-2.348511	0.000312	1.000975	0.548523	
1149	1.001036	-0.000220	-2.490967	0.000220	1.001036	0.518219	
1150	1.001048	-0.000280	-2.488098	0.000280	1.001048	0.508820	
1151	1.001150	-0.000302	-2.531921	0.000302	1.001150	0.599640	
1152	1.000934	-0.000385	-1.967590	0.000385	1.000934	0.461670	
1153	1.001087	-0.000486	-1.701172	0.000486	1.001087	0.405731	
1154	1.001036	-0.000565	-0.762024	0.000565	1.001036	0.221100	
1155	1.001097	-0.001047	0.627319	0.001047	1.001097	-0.219604	
1156	1.000902	-0.001313	2.465454	0.001313	1.000902	-0.489471	
1157	1.000960	-0.001979	4.398987	0.001979	1.000960	-1.103943	
1158	1.000947	-0.002344	6.440918	0.002344	1.000947	-1.574890	
1159	1.000333	-0.002763	9.199402	0.002763	1.000333	-1.978943	
1160	0.999021	-0.003545	12.157349	0.003545	0.999021	-1.995392	
1161	0.999694	-0.003881	13.672363	0.003881	0.999694	-2.927582	
1162	1.000732	-0.004312	14.954041	0.004312	1.000732	-3.616592	
1163	0.999065	-0.004974	17.911987	0.004974	0.999065	-3.659698	
1164	0.999418	-0.005064	19.339050	0.005064	0.999418	-3.920044	
1165	1.000835	-0.005320	19.283386	0.005320	1.000835	-4.502731	
1166	0.999279	-0.006211	21.615845	0.006211	0.999279	-4.988800	
1167	0.999967	-0.006282	21.781311	0.006282	0.999967	-5.447052	
1168	0.998909	-0.006638	23.322388	0.006638	0.998909	-5.452454	
1169	1.000159	-0.006254	23.305542	0.006254	1.000159	-5.396362	
1170	0.997695	-0.007519	25.414673	0.007519	0.997695	-5.462524	
1171	0.997839	-0.007354	25.936829	0.007354	0.997839	-5.527618	
1172	0.999361	-0.006629	25.087463	0.006629	0.999361	-5.746185	
1173	0.999965	-0.007128	24.918640	0.007128	0.999965	-6.129303	
1174	0.998754	-0.007837	25.807190	0.007837	0.998754	-6.062225	
1175	0.995538	-0.008434	28.478424	0.008434	0.995538	-4.801910	
1176	0.999846	-0.007586	25.313416	0.007586	0.999846	-6.465607	
1177	0.999621	-0.007106	25.524719	0.007106	0.999621	-5.957703	
1178	0.998977	-0.007812	25.937378	0.007812	0.998977	-6.375214	
1179	1.000181	-0.006909	25.293213	0.006909	1.000181	-5.978210	
1180	0.997048	-0.007740	27.762634	0.007740	0.997048	-5.463348	
1181	0.998746	-0.006759	26.548218	0.006759	0.998746	-5.494766	
1182	0.998005	-0.007780	26.851318	0.007780	0.998005	-5.884308	
1183	0.997643	-0.009121	27.298340	0.009121	0.997643	-6.126495	
1184	0.998662	-0.008037	25.564331	0.008037	0.998662	-6.189301	
1185	0.997948	-0.009190	26.041870	0.009190	0.997948	-6.254852	
1186	0.997465	-0.007133	24.536621	0.007133	0.997465	-4.979675	
1187	0.999084	-0.007147	21.352539	0.007147	0.999084	-5.506348	
1188	1.000061	-0.006264	18.199219	0.006264	1.000061	-5.092224	
1189	1.001535	-0.005010	14.581360	0.005010	1.001535	-4.801941	
1190	1.002880	-0.004625	10.389771	0.004625	1.002880	-4.890808	
1191	1.000625	-0.004548	10.461853	0.004548	1.000625	-3.556091	
1192	1.001580	-0.003170	7.407349	0.003170	1.001580	-2.977325	
1193	1.002074	-0.002740	4.893921	0.002740	1.002074	-2.777283	
1194	1.001296	-0.002065	4.341064	0.002065	1.001296	-1.722656	
1195	1.001379	-0.001688	3.281006	0.001688	1.001379	-1.398163	
1196	1.001263	-0.001622	2.641174	0.001622	1.001263	-1.291290	
1197	1.001421	-0.001470	1.791870	0.001470	1.001421	-1.106812	
1198	1.001208	-0.001211	1.387573	0.001211	1.001208	-0.638092	
1199	1.001241	-0.001213	0.692200	0.001213	1.001241	-0.739380	
1200	1.001519	-0.001100	-0.217163	0.001100	1.001519	-0.715363	
1201	1.001433	-0.000842	-0.604553	0.000842	1.001433	-0.497192	
1202	1.001208	-0.000667	-1.099915	0.000667	1.001208	-0.149475	
1203	1.001282	-0.000615	-1.654297	0.000615	1.001282	-0.225525	
1204	1.001315	-0.000454	-2.331848	0.000454	1.001315	0.024750	
1205	1.001309	-0.000279	-2.912476	0.000279	1.001309	0.156311	
1206	1.001159	-0.000238	-2.736694	0.000238	1.001159	0.259094	
1207	1.001282	-0.000221	-3.057373	0.000221	1.001282	0.276825	
1208	1.001319	-0.000240	-3.074707	0.000240	1.001319	0.238129	
1209	1.001073	-0.000221	-2.843628	0.000221	1.001073	0.363129	
1210	1.001344	-0.000205	-3.131836	0.000205	1.001344	0.256500	
1211	1.001293	-0.000210	-3.027832	0.000210	1.001293	0.240997	
1212	1.001120	-0.000267	-2.771423	0.000267	1.001120	0.328491	
1213	1.001298	-0.000238	-2.817688	0.000238	1.001298	0.283325	
1214	1.001341	-0.000426	-2.748962	0.000426	1.001341	0.110779	
1215	1.001199	-0.000343	-2.265259	0.000343	1.001199	0.167480	
1216	1.001243	-0.000544	-1.783936	0.000544	1.001243	-0.047638	
1217	1.001345	-0.000593	-1.455139	0.000593	1.001345	-0.196686	
1218	1.001379	-0.000813	-0.893005	0.000813	1.001379	-0.261566	
1219	1.001389	-0.000977	-0.109558	0.000977	1.001389	-0.523804	
1220	1.001388	-0.001163	0.572998	0.001163	1.001388	-0.618774	
1221	1.001445	-0.001448	1.461609	0.001448	1.001445	-1.006866	
1222	1.001408	-0.001762	2.501648	0.001762	1.001408	-1.198273	
1223	1.001280	-0.001811	3.577209	0.001811	1.001280	-1.381714	
1224	1.001258	-0.002372	4.488953	0.002372	1.001258	-1.765411	
1225	1.001583	-0.002496	5.011353	0.002496	1.001583	-1.978943	
1226	1.001631	-0.002859	5.826477	0.002859	1.001631	-2.430725	
1227	1.001792	-0.002886	6.774048	0.002886	1.001792	-2.741028	
1228	1.001958	-0.003296	7.609497	0.003296	1.001958	-2.834167	
1229	1.001736	-0.003457	8.783630	0.003457	1.001736	-3.126740	
1230	1.000473	-0.004118	11.034973	0.004118	1.000473	-3.098999	
1231	1.001341	-0.004534	11.082153	0.004534	1.001341	-3.892548	
1232	1.000647	-0.005026	12.722778	0.005026	1.000647	-3.969116	
1233	1.000820	-0.005082	13.263855	0.005082	1.000820	-4.170105	
1234	1.002010	-0.005343	12.747742	0.005343	1.002010	-5.026154	
1235	1.001217	-0.005678	14.123352	0.005678	1.001217	-4.752289	
1236	1.001638	-0.005320	14.083862	0.005320	1.001638	-4.897308	
1237	1.002161	-0.005897	13.829468	0.005897	1.002161	-5.524384	
1238	1.004038	-0.005293	11.848755	0.005293	1.004038	-5.811798	
1239	1.002342	-0.005945	13.659546	0.005945	1.002342	-5.732758	
1240	1.004479	-0.005704	10.510254	0.005704	1.004479	-6.393433	
1241	1.002765	-0.005715	11.792725	0.005715	1.002765	-5.722626	
1242	1.003293	-0.004824	9.992798	0.004824	1.003293	-5.312164	
1243	1.001866	-0.004264	9.817749	0.004264	1.001866	-3.962708	
1244	1.003104	-0.003830	6.263062	0.003830	1.003104	-4.128387	
1245	1.002439	-0.003339	5.337769	0.003339	1.002439	-3.456085	
1246	1.002289	-0.002791	4.008911	0.002791	1.002289	-2.664490	
1247	1.001923	-0.002267	3.468994	0.002267	1.001923	-1.942169	
1248	1.001714	-0.002160	2.903198	0.002160	1.001714	-1.830017	
1249	1.001866	-0.001811	2.118774	0.001811	1.001866	-1.484039	
1250	1.001748	-0.001638	1.355103	0.001638	1.001748	-1.235199	
1251	1.001591	-0.001525	0.915283	0.001525	1.001591	-1.154175	
1252	1.001742	-0.001337	0.063965	0.001337	1.001742	-0.957642	
1253	1.001735	-0.001084	-0.704956	0.001084	1.001735	-0.703217	
1254	1.001637	-0.001022	-1.277222	0.001022	1.001637	-0.649231	
1255	1.001661	-0.000637	-2.053711	0.000637	1.001661	-0.252472	
1256	1.001509	-0.000444	-2.478882	0.000444	1.001509	-0.059906	
1257	1.001580	-0.000433	-3.209229	0.000433	1.001580	0.033752	
1258	1.001505	-0.000255	-3.574463	0.000255	1.001505	0.266144	
1259	1.001391	-0.000246	-3.381714	0.000246	1.001391	0.237244	
1260	1.001548	-0.000194	-3.648315	0.000194	1.001548	0.261566	
1261	1.001491	-0.000186	-3.306885	0.000186	1.001491	0.214294	
1262	1.001527	-0.000310	-3.089722	0.000310	1.001527	0.243713	
1263	1.001333	-0.000422	-2.512085	0.000422	1.001333	0.195740	
1264	1.001579	-0.000743	-1.934692	0.000743	1.001579	-0.409698	
1265	1.001501	-0.000852	-0.700195	0.000852	1.001501	-0.363464	
1266	1.001513	-0.001249	0.491455	0.001249	1.001513	-0.838562	
1267	1.001506	-0.001820	2.225098	0.001820	1.001506	-1.312347	
1268	1.001737	-0.002348	3.586548	0.002348	1.001737	-1.917145	
1269	1.002078	-0.002671	4.323242	0.002671	1.002078	-2.481110	
1270	1.002757	-0.003217	4.500977	0.003217	1.002757	-3.330627	
1271	1.001711	-0.003310	6.390869	0.003310	1.001711	-2.914520	
1272	1.001928	-0.003117	6.055908	0.003117	1.001928	-2.868500	
1273	1.002696	-0.003399	5.131470	0.003399	1.002696	-3.517181	
1274	1.002123	-0.002983	5.420776	0.002983	1.002123	-2.919312	
1275	1.002394	-0.002979	4.415283	0.002979	1.002394	-3.070770	
1276	1.002329	-0.002972	4.389404	0.002972	1.002329	-2.957825	
1277	1.002086	-0.002597	3.947388	0.002597	1.002086	-2.522919	
1278	1.001644	-0.002671	4.315796	0.002671	1.001644	-2.448944	
1279	1.002173	-0.002515	3.255615	0.002515	1.002173	-2.613312	
1280	1.001882	-0.002516	3.302490	0.002516	1.001882	-2.524689	
1281	1.001630	-0.002347	3.334717	0.002347	1.001630	-2.078033	
1282	1.002324	-0.002304	2.311279	0.002304	1.002324	-2.735504	
1283	1.001629	-0.002111	2.750122	0.002111	1.001629	-2.149536	
1284	1.002023	-0.002180	2.147949	0.002180	1.002023	-2.462341	
1285	1.002091	-0.002231	1.962402	0.002231	1.002091	-2.575409	
1286	1.002201	-0.001961	1.444580	0.001961	1.002201	-2.281952	
1287	1.001746	-0.001770	1.464844	0.001770	1.001746	-1.985535	
1288	1.001901	-0.001826	0.991211	0.001826	1.001901	-2.117310	
1289	1.001952	-0.001805	0.660522	0.001805	1.001952	-2.187164	
1290	1.001779	-0.001516	0.356934	0.001516	1.001779	-1.884735	
1291	1.001969	-0.001505	-0.302856	0.001505	1.001969	-1.834015	
1292	1.001777	-0.001205	-0.550659	0.001205	1.001777	-1.375488	
1293	1.001756	-0.001155	-0.922607	0.001155	1.001756	-1.277527	
1294	1.001919	-0.001055	-1.453979	0.001055	1.001919	-1.415955	
1295	1.001642	-0.000938	-1.672729	0.000938	1.001642	-1.064972	
1296	1.001721	-0.001016	-1.734619	0.001016	1.001721	-1.383270	
1297	1.001721	-0.000721	-2.167114	0.000721	1.001721	-1.030731	
1298	1.001648	-0.000811	-2.253052	0.000811	1.001648	-1.400238	
1299	1.001714	-0.000673	-2.588501	0.000673	1.001714	-1.151733	
1300	1.001558	-0.000850	-2.415161	0.000850	1.001558	-1.237488	
1301	1.001575	-0.000667	-2.653931	0.000667	1.001575	-1.041992	
1302	1.001513	-0.000594	-2.805176	0.000594	1.001513	-1.091278	
1303	1.001519	-0.000574	-2.879028	0.000574	1.001519	-1.084991	
1304	1.001322	-0.000591	-2.693726	0.000591	1.001322	-1.079712	
1305	1.001444	-0.000431	-3.176147	0.000431	1.001444	-1.054688	
1306	1.001410	-0.000661	-2.882324	0.000661	1.001410	-1.244812	
1307	1.001444	-0.000387	-3.169678	0.000387	1.001444	-1.037048	
1308	1.001423	-0.000579	-3.025146	0.000579	1.001423	-1.232025	
1309	1.001359	-0.000422	-2.997803	0.000422	1.001359	-1.364349	
1310	1.001349	-0.000510	-2.922119	0.000510	1.001349	-1.272339	
1311	1.001453	-0.000464	-3.335571	0.000464	1.001453	-1.443054	
1312	1.001247	-0.000445	-2.899658	0.000445	1.001247	-1.350952	
1313	1.001145	-0.000487	-2.781250	0.000487	1.001145	-1.422333	
1314	1.001290	-0.000530	-2.911987	0.000530	1.001290	-1.675812	
1315	1.001231	-0.000451	-3.010742	0.000451	1.001231	-1.468079	
1316	1.001150	-0.000494	-2.892334	0.000494	1.001150	-1.728302	
1317	1.001155	-0.000507	-2.878784	0.000507	1.001155	-1.612457	
1318	1.001234	-0.000461	-2.931885	0.000461	1.001234	-1.768219	
1319	1.001071	-0.000559	-2.747803	0.000559	1.001071	-1.717987	
1320	1.001086	-0.000428	-2.773926	0.000428	1.001086	-1.696472	
1321	1.001055	-0.000512	-2.720459	0.000512	1.001055	-1.843933	
1322	1.001144	-0.000462	-2.904541	0.000462	1.001144	-1.812531	
1323	1.001052	-0.000491	-2.765625	0.000491	1.001052	-1.806091	
1324	1.001099	-0.000511	-2.708740	0.000511	1.001099	-1.826752	
1325	1.000929	-0.000562	-2.862793	0.000562	1.000929	-1.915833	
1326	1.000925	-0.000565	-2.536499	0.000565	1.000925	-1.828583	
1327	1.000901	-0.000450	-2.851318	0.000450	1.000901	-1.770325	
1328	1.000752	-0.000524	-2.468384	0.000524	1.000752	-1.816803	
1329	1.000680	-0.000367	-2.394531	0.000367	1.000680	-1.632477	
1330	1.000801	-0.000575	-2.604980	0.000575	1.000801	-1.837616	
1331	1.000623	-0.000481	-2.390381	0.000481	1.000623	-1.733704	
1332	1.000582	-0.000455	-2.328735	0.000455	1.000582	-1.701965	
1333	1.000552	-0.000448	-2.166260	0.000448	1.000552	-1.621429	
1334	1.000404	-0.000442	-2.151489	0.000442	1.000404	-1.457672	
1335	1.000491	-0.000588	-2.036011	0.000588	1.000491	-1.872101	
1336	1.000387	-0.000391	-2.057373	0.000391	1.000387	-1.608521	
1337	1.000333	-0.000441	-2.076172	0.000441	1.000333	-1.591888	
1338	1.000291	-0.000621	-1.815918	0.000621	1.000291	-1.871582	
1339	1.000178	-0.000423	-1.948120	0.000423	1.000178	-1.603729	
1340	1.000112	-0.000559	-1.672119	0.000559	1.000112	-1.596863	
1341	1.000157	-0.000415	-1.786865	0.000415	1.000157	-1.557648	
1342	1.000087	-0.000468	-1.843506	0.000468	1.000087	-1.636719	
1343	1.000039	-0.000514	-1.500122	0.000514	1.000039	-1.637360	
1344	0.999897	-0.000494	-1.424194	0.000494	0.999897	-1.511322	
1345	0.999922	-0.000488	-1.579102	0.000488	0.999922	-1.638031	
1346	0.999829	-0.000475	-1.414185	0.000475	0.999829	-1.454681	
1347	0.999908	-0.000454	-1.486450	0.000454	0.999908	-1.490723	
1348	0.999667	-0.000478	-1.290771	0.000478	0.999667	-1.521729	
1349	0.999916	-0.000551	-1.385864	0.000551	0.999916	-1.752441	
1350	0.999595	-0.000475	-1.190674	0.000475	0.999595	-1.295593	
1351	0.999696	-0.000427	-1.280151	0.000427	0.999696	-1.465393	
1352	0.999606	-0.000526	-1.070312	0.000526	0.999606	-1.418915	
1353	0.999554	-0.000476	-1.153564	0.000476	0.999554	-1.431885	
1354	0.999605	-0.000400	-1.135498	0.000400	0.999605	-1.306519	
1355	0.999445	-0.000502	-0.840210	0.000502	0.999445	-1.332733	
1356	0.999428	-0.000375	-1.074585	0.000375	0.999428	-1.101288	
1357	0.999479	-0.000464	-0.949219	0.000464	0.999479	-1.373871	
1358	0.999264	-0.000556	-0.693726	0.000556	0.999264	-1.419312	
1359	0.999439	-0.000311	-1.064209	0.000311	0.999439	-1.127563	
1360	0.999250	-0.000481	-0.742920	0.000481	0.999250	-1.169830	
1361	0.999259	-0.000425	-0.733765	0.000425	0.999259	-1.205841	
1362	0.999158	-0.000458	-0.616577	0.000458	0.999158	-1.163086	
1363	0.999224	-0.000388	-0.686646	0.000388	0.999224	-1.148071	
1364	0.999126	-0.000485	-0.397217	0.000485	0.999126	-1.216217	
1365	0.999151	-0.000299	-0.631104	0.000299	0.999151	-1.102692	
1366	0.999152	-0.000496	-0.382446	0.000496	0.999152	-1.322144	
1367	0.999104	-0.000434	-0.426147	0.000434	0.999104	-1.235535	
1368	0.999107	-0.000418	-0.412842	0.000418	0.999107	-1.202332	
1369	0.999125	-0.000375	-0.401978	0.000375	0.999125	-1.193909	
1370	0.999047	-0.000426	-0.320190	0.000426	0.999047	-1.237244	
1371	0.998954	-0.000448	-0.218872	0.000448	0.998954	-1.240448	
1372	0.999017	-0.000388	-0.275513	0.000388	0.999017	-1.282562	
1373	0.998975	-0.000376	-0.188843	0.000376	0.998975	-1.176727	
1374	0.999013	-0.000422	-0.234863	0.000422	0.999013	-1.323059	
1375	0.998907	-0.000423	-0.050537	0.000423	0.998907	-1.268097	
1376	0.998953	-0.000441	-0.091431	0.000441	0.998953	-1.314362	
1377	0.998911	-0.000445	0.051025	0.000445	0.998911	-1.358795	
1378	0.998925	-0.000441	-0.025757	0.000441	0.998925	-1.314575	
1379	0.998861	-0.000438	0.130493	0.000438	0.998861	-1.399689	
1380	0.998874	-0.000481	0.198120	0.000481	0.998874	-1.499054	
1381	0.998885	-0.000491	0.224487	0.000491	0.998885	-1.808655	
1382	0.998822	-0.000580	0.505249	0.000580	0.998822	-1.835388	
1383	0.998756	-0.000539	0.693970	0.000539	0.998756	-1.859833	
1384	0.998817	-0.000515	0.724854	0.000515	0.998817	-1.916901	
1385	0.998859	-0.000594	0.906860	0.000594	0.998859	-1.990997	
1386	0.998642	-0.000661	1.269653	0.000661	0.998642	-1.943451	
1387	0.998692	-0.000688	1.424072	0.000688	0.998692	-2.129913	
1388	0.998703	-0.000814	1.702148	0.000814	0.998703	-2.227509	
1389	0.998787	-0.000799	1.982422	0.000799	0.998787	-2.291260	
1390	0.998872	-0.000802	2.222168	0.000802	0.998872	-2.342010	
1391	0.998659	-0.001194	2.922485	0.001194	0.998659	-2.683441	
1392	0.998931	-0.001009	2.924927	0.001009	0.998931	-2.474121	
1393	0.998375	-0.001421	4.236389	0.001421	0.998375	-2.932251	
1394	0.998603	-0.001573	4.760437	0.001573	0.998603	-3.109833	
1395	0.998590	-0.001645	5.415771	0.001645	0.998590	-3.076996	
1396	0.998439	-0.001954	6.372192	0.001954	0.998439	-3.288269	
1397	0.999434	-0.001957	6.045288	0.001957	0.999434	-3.722534	
1398	0.998082	-0.002525	8.359314	0.002525	0.998082	-3.824249	
1399	0.998857	-0.002403	8.242920	0.002403	0.998857	-3.872559	
1400	0.998332	-0.002889	9.817871	0.002889	0.998332	-4.363434	
1401	0.998796	-0.002822	9.994263	0.002822	0.998796	-4.259918	
1402	0.999899	-0.003570	9.772705	0.003570	0.999899	-5.758270	
1403	0.999091	-0.003320	11.019043	0.003320	0.999091	-4.883514	
1404	1.000345	-0.003664	10.366577	0.003664	1.000345	-5.793793	
1405	0.998189	-0.003869	13.201050	0.003869	0.998189	-5.316406	
1406	1.000980	-0.004170	10.669800	0.004170	1.000980	-6.706024	
1407	1.000909	-0.003842	11.086670	0.003842	1.000909	-6.030731	
1408	0.999072	-0.004209	13.711182	0.004209	0.999072	-5.936615	
1409	0.999496	-0.004318	13.297729	0.004318	0.999496	-5.971710	
1410	0.999871	-0.004148	13.286133	0.004148	0.999871	-5.999115	
1411	0.999974	-0.004951	13.678467	0.004951	0.999974	-7.186737	
1412	1.000323	-0.004589	13.334351	0.004589	1.000323	-6.866974	
1413	0.998194	-0.005068	15.765198	0.005068	0.998194	-6.525818	
1414	0.999128	-0.004916	15.072754	0.004916	0.999128	-6.699860	
1415	0.999920	-0.004416	13.993286	0.004416	0.999920	-6.326141	
1416	0.998617	-0.004805	15.698486	0.004805	0.998617	-6.411743	
1417	1.001572	-0.004237	12.654053	0.004237	1.001572	-6.546021	
1418	1.000676	-0.004543	13.695923	0.004543	1.000676	-6.789612	
1419	1.000270	-0.004202	14.067627	0.004202	1.000270	-6.031219	
1420	0.999075	-0.004787	15.549683	0.004787	0.999075	-6.615173	
1421	1.001798	-0.005374	12.584229	0.005374	1.001798	-8.640594	
1422	0.997091	-0.005060	17.384155	0.005060	0.997091	-5.996246	
1423	1.001128	-0.004984	13.317871	0.004984	1.001128	-7.676025	
1424	1.000164	-0.004558	14.420166	0.004558	1.000164	-6.576630	
1425	1.000076	-0.004815	14.484253	0.004815	1.000076	-7.009399	
1426	0.999868	-0.005429	14.805176	0.005429	0.999868	-7.691833	
1427	1.001223	-0.004658	13.195679	0.004658	1.001223	-6.912537	
1428	0.999234	-0.004745	15.308350	0.004745	0.999234	-6.221619	
1429	1.000135	-0.004854	14.411255	0.004854	1.000135	-6.758972	
1430	1.000746	-0.004839	13.781860	0.004839	1.000746	-6.933472	
1431	1.001536	-0.005137	12.727417	0.005137	1.001536	-7.699341	
1432	1.000783	-0.004316	13.651367	0.004316	1.000783	-6.180786	
1433	1.000152	-0.005790	14.736328	0.005790	1.000152	-8.005066	
1434	1.001338	-0.004390	12.917725	0.004390	1.001338	-6.591522	
1435	1.001019	-0.005024	13.800537	0.005024	1.001019	-7.579620	
1436	1.000526	-0.004412	14.223511	0.004412	1.000526	-6.357422	
1437	0.999777	-0.004836	15.259521	0.004836	0.999777	-6.248230	
1438	0.999221	-0.004645	16.136475	0.004645	0.999221	-5.835083	
1439	0.999019	-0.004797	16.070679	0.004797	0.999019	-5.782990	
1440	1.001075	-0.004434	13.748901	0.004434	1.001075	-6.178680	
1441	0.999729	-0.004849	15.459839	0.004849	0.999729	-6.116882	
1442	1.000482	-0.005204	14.588135	0.005204	1.000482	-7.237793	
1443	1.000958	-0.005149	14.128418	0.005149	1.000958	-7.339081	
1444	0.999452	-0.006610	16.763184	0.006610	0.999452	-8.830383	
1445	1.000004	-0.004893	15.304321	0.004893	1.000004	-6.366364	
1446	0.995555	-0.005663	18.990723	0.005663	0.995555	-5.013672	
1447	1.002116	-0.005352	12.736694	0.005352	1.002116	-7.929047	
1448	0.997466	-0.006078	18.058655	0.006078	0.997466	-6.587280	
1449	1.001180	-0.004756	13.667725	0.004756	1.001180	-6.486481	
1450	1.000691	-0.004939	14.487671	0.004939	1.000691	-6.710785	
1451	1.000556	-0.004871	14.653687	0.004871	1.000556	-6.472351	
1452	0.997714	-0.005680	17.357422	0.005680	0.997714	-6.294678	
1453	0.995114	-0.005419	19.265869	0.005419	0.995114	-4.330872	
1454	1.001819	-0.005274	12.823853	0.005274	1.001819	-7.859131	
1455	0.994842	-0.005477	19.319031	0.005477	0.994842	-4.510132	
1456	1.000214	-0.005209	14.871826	0.005209	1.000214	-7.004761	
1457	1.000394	-0.006631	14.998535	0.006631	1.000394	-9.725952	
1458	1.001523	-0.004907	11.993530	0.004907	1.001523	-7.276276	
1459	1.000555	-0.005394	12.526245	0.005394	1.000555	-7.935822	
1460	0.999879	-0.003838	11.239746	0.003838	0.999879	-5.319672	
1461	1.000315	-0.003691	9.164307	0.003691	1.000315	-5.596191	
1462	0.999453	-0.003027	8.506104	0.003027	0.999453	-4.500641	
1463	0.997010	-0.002869	8.962097	0.002869	0.997010	-3.031250	
1464	0.997681	-0.002349	7.469727	0.002349	0.997681	-3.140381	
1465	0.998571	-0.002565	6.368896	0.002565	0.998571	-3.950867	
1466	0.999228	-0.001817	4.740112	0.001817	0.999228	-3.349884	
1467	0.998459	-0.001891	5.083862	0.001891	0.998459	-3.192627	
1468	0.999110	-0.001914	3.835449	0.001914	0.999110	-3.501923	
1469	0.998380	-0.001466	3.986328	0.001466	0.998380	-2.629944	
1470	0.998438	-0.001431	3.442017	0.001431	0.998438	-2.686035	
1471	0.998369	-0.001143	2.865112	0.001143	0.998369	-2.431396	
1472	0.998617	-0.001081	2.171875	0.001081	0.998617	-2.430267	
1473	0.998164	-0.000724	1.810181	0.000724	0.998164	-1.912781	
1474	0.998497	-0.001060	1.403809	0.001060	0.998497	-2.610352	
1475	0.998485	-0.000524	0.590942	0.000524	0.998485	-1.725159	
1476	0.998390	-0.000664	0.682007	0.000664	0.998390	-1.873383	
1477	0.998386	-0.000464	0.484375	0.000464	0.998386	-1.659882	
1478	0.998414	-0.000439	0.372192	0.000439	0.998414	-1.696564	
1479	0.998407	-0.000417	0.474487	0.000417	0.998407	-1.683655	
1480	0.998444	-0.000367	0.351807	0.000367	0.998444	-1.522827	
1481	0.998333	-0.000502	0.503784	0.000502	0.998333	-1.722168	
1482	0.998471	-0.000633	0.499756	0.000633	0.998471	-1.913940	
1483	0.998362	-0.000569	0.493774	0.000569	0.998362	-1.792389	
1484	0.998505	-0.000426	0.400391	0.000426	0.998505	-1.842926	
1485	0.998259	-0.000474	0.497559	0.000474	0.998259	-1.621826	
1486	0.998459	-0.000570	0.515259	0.000570	0.998459	-1.923584	
1487	0.998349	-0.000440	0.485352	0.000440	0.998349	-1.757416	
1488	0.998384	-0.000545	0.496216	0.000545	0.998384	-1.848969	
1489	0.998359	-0.000551	0.589478	0.000551	0.998359	-1.766724	
1490	0.998380	-0.000459	0.360352	0.000459	0.998380	-1.652100	
1491	0.998363	-0.000566	0.563599	0.000566	0.998363	-1.827393	
1492	0.998410	-0.000456	0.563599	0.000456	0.998410	-1.728180	
1493	0.998268	-0.000658	0.825562	0.000658	0.998268	-1.855469	
1494	0.998407	-0.000567	1.016113	0.000567	0.998407	-1.883087	
1495	0.998296	-0.000897	1.892578	0.000897	0.998296	-2.254395	
1496	0.998446	-0.001287	3.018066	0.001287	0.998446	-2.672974	
1497	0.998352	-0.001724	4.615234	0.001724	0.998352	-3.129761	
1498	0.998752	-0.001982	5.889526	0.001982	0.998752	-3.418640	
1499	0.999383	-0.002680	7.067017	0.002680	0.999383	-4.303802	
1500	0.999922	-0.002885	8.328369	0.002885	0.999922	-4.440491	
1501	1.000447	-0.003268	9.664673	0.003268	1.000447	-5.015442	
1502	0.995101	-0.004296	16.189697	0.004296	0.995101	-3.878174	
1503	0.995385	-0.004904	17.770020	0.004904	0.995385	-4.489197	
1504	1.001692	-0.004587	13.764404	0.004587	1.001692	-6.715759	
1505	0.995432	-0.006223	21.196716	0.006223	0.995432	-5.682312	
1506	0.995992	-0.006882	22.204895	0.006882	0.995992	-6.874023	
1507	0.994887	-0.006703	23.535767	0.006703	0.994887	-5.821289	
1508	0.993690	-0.006749	25.083344	0.006749	0.993690	-5.027161	
1509	0.993617	-0.007378	25.867523	0.007378	0.993617	-5.148499	
1510	0.994812	-0.007522	25.835632	0.007522	0.994812	-6.180969	
1511	0.994404	-0.007219	26.283203	0.007219	0.994404	-5.695679	
1512	0.993660	-0.007661	27.292542	0.007661	0.993660	-5.437439	
1513	0.995004	-0.007890	26.659485	0.007890	0.995004	-6.265869	
1514	0.993887	-0.007877	27.500305	0.007877	0.993887	-5.662292	
1515	0.994630	-0.007888	26.995178	0.007888	0.994630	-6.121643	
1516	0.993528	-0.008241	26.864746	0.008241	0.993528	-5.227356	
1517	0.998905	-0.007545	21.056519	0.007545	0.998905	-8.610107	
1518	0.998216	-0.006359	19.169739	0.006359	0.998216	-6.851013	
1519	0.997994	-0.006139	17.103821	0.006139	0.997994	-6.739136	
1520	0.997591	-0.004629	14.586975	0.004629	0.997591	-4.786743	
1521	0.998255	-0.004442	12.454102	0.004442	0.998255	-5.080322	
1522	0.997854	-0.003654	11.318787	0.003654	0.997854	-3.828918	
1523	0.997648	-0.003412	10.439026	0.003412	0.997648	-3.810730	
1524	0.997482	-0.002845	9.493958	0.002845	0.997482	-3.014343	
1525	0.998530	-0.002738	7.808716	0.002738	0.998530	-3.800781	
1526	0.997967	-0.002254	7.252441	0.002254	0.997967	-2.773438	
1527	0.997846	-0.001963	6.202820	0.001963	0.997846	-2.521973	
1528	0.997971	-0.001663	5.090576	0.001663	0.997971	-2.370422	
1529	0.997857	-0.001185	4.114746	0.001185	0.997857	-1.910339	
1530	0.998566	-0.001007	2.674255	0.001007	0.998566	-2.121948	
1531	0.998487	-0.000636	1.640320	0.000636	0.998487	-1.610138	
1532	0.998257	-0.000371	1.023315	0.000371	0.998257	-1.372681	
1533	0.998382	-0.000279	0.509033	0.000279	0.998382	-1.552795	
1534	0.998383	-0.000230	0.469482	0.000230	0.998383	-1.303650	
1535	0.998231	-0.000145	0.408264	0.000145	0.998231	-1.259338	
1536	0.998220	-0.000200	0.510925	0.000200	0.998220	-1.287109	
1537	0.998317	-0.000317	0.472290	0.000317	0.998317	-1.452148	
1538	0.998224	-0.000198	0.500244	0.000198	0.998224	-1.225098	
1539	0.998290	-0.000239	0.487549	0.000239	0.998290	-1.268799	
1540	0.998204	-0.000608	0.874146	0.000608	0.998204	-1.739929	
1541	0.998410	-0.000300	0.404236	0.000300	0.998410	-1.409973	
1542	0.998300	-0.000310	0.481873	0.000310	0.998300	-1.442749	
1543	0.998378	-0.000349	0.590576	0.000349	0.998378	-1.460632	
1544	0.998298	-0.000323	0.484314	0.000323	0.998298	-1.424622	
1545	0.998306	-0.000285	0.492981	0.000285	0.998306	-1.348389	
1546	0.998316	-0.000285	0.468323	0.000285	0.998316	-1.482910	
1547	0.998287	-0.000256	0.464478	0.000256	0.998287	-1.335266	
1548	0.998063	-0.000207	0.588013	0.000207	0.998063	-1.138062	
1549	0.998333	-0.000272	0.421448	0.000272	0.998333	-1.382690	
1550	0.998328	-0.000405	0.470764	0.000405	0.998328	-1.525604	
1551	0.998315	-0.000256	0.358398	0.000256	0.998315	-1.385437	
1552	0.998304	-0.000306	0.352783	0.000306	0.998304	-1.393494	
1553	0.998274	-0.000335	0.506531	0.000335	0.998274	-1.417786	
1554	0.998390	-0.000232	0.296753	0.000232	0.998390	-1.417389	
1555	0.998252	-0.000305	0.520996	0.000305	0.998252	-1.411560	
1556	0.998310	-0.000337	0.423401	0.000337	0.998310	-1.513672	
1557	0.998288	-0.000317	0.431946	0.000317	0.998288	-1.479156	
1558	0.998470	-0.000328	0.385071	0.000328	0.998470	-1.440826	
1559	0.998316	-0.000448	0.504761	0.000448	0.998316	-1.634369	
1560	0.998346	-0.000349	0.447388	0.000349	0.998346	-1.422913	
1561	0.998167	-0.000223	0.459900	0.000223	0.998167	-1.327515	
1562	0.998362	-0.000382	0.374023	0.000382	0.998362	-1.516174	
1563	0.998318	-0.000234	0.291504	0.000234	0.998318	-1.381317	
1564	0.998261	-0.000455	0.565918	0.000455	0.998261	-1.650940	
1565	0.998361	-0.000310	0.379028	0.000310	0.998361	-1.491516	
1566	0.998363	-0.000289	0.427002	0.000289	0.998363	-1.420990	
1567	0.998423	-0.000423	0.485352	0.000423	0.998423	-1.524475	
1568	0.998389	-0.000282	0.238464	0.000282	0.998389	-1.389862	
1569	0.998363	-0.000414	0.403748	0.000414	0.998363	-1.673553	
1570	0.998384	-0.000326	0.336121	0.000326	0.998384	-1.473907	
1571	0.998438	-0.000271	0.212891	0.000271	0.998438	-1.610413	
1572	0.998396	-0.000414	0.340942	0.000414	0.998396	-1.676392	
1573	0.998335	-0.000424	0.479614	0.000424	0.998335	-1.570038	
1574	0.998350	-0.000280	0.292480	0.000280	0.998350	-1.705017	
1575	0.998426	-0.000498	0.421143	0.000498	0.998426	-1.886536	
1576	0.998366	-0.000584	0.544861	0.000584	0.998366	-1.938721	
1577	0.998465	-0.000295	0.302490	0.000295	0.998465	-1.794189	
1578	0.998461	-0.000430	0.276917	0.000430	0.998461	-1.785156	
1579	0.998386	-0.000688	0.609131	0.000688	0.998386	-2.352600	
1580	0.998694	-0.000344	0.085022	0.000344	0.998694	-1.929932	
1581	0.998479	-0.000342	0.333191	0.000342	0.998479	-1.779449	
1582	0.998494	-0.000348	0.224976	0.000348	0.998494	-1.777435	
1583	0.998726	-0.000308	0.030701	0.000308	0.998726	-1.809692	
1584	0.998549	-0.000332	0.365662	0.000332	0.998549	-1.846313	
1585	0.998470	-0.000263	0.202332	0.000263	0.998470	-1.667450	
1586	0.998546	-0.000749	0.377991	0.000749	0.998546	-2.588013	
1587	0.998485	-0.000323	0.152649	0.000323	0.998485	-1.913483	
1588	0.998729	-0.000209	0.074829	0.000209	0.998729	-1.925842	
1589	0.998495	-0.000484	0.392090	0.000484	0.998495	-2.072113	
1590	0.998654	-0.000341	-0.158386	0.000341	0.998654	-1.853210	
1591	0.998559	-0.000283	0.140808	0.000283	0.998559	-1.893433	
1592	0.998368	-0.000725	0.520752	0.000725	0.998368	-2.258575	
1593	0.998495	-0.000504	0.358032	0.000504	0.998495	-2.210083	
1594	0.998654	-0.000358	0.010132	0.000358	0.998654	-1.951599	
1595	0.998520	-0.000405	0.168884	0.000405	0.998520	-1.787445	
1596	0.998549	-0.000367	0.109070	0.000367	0.998549	-1.986816	
1597	0.998480	-0.000297	0.172058	0.000297	0.998480	-1.910919	
1598	0.998552	-0.000274	0.189270	0.000274	0.998552	-1.979858	
1599	0.998601	-0.000621	0.242126	0.000621	0.998601	-2.118164	
1600	0.998563	-0.000350	0.205872	0.000350	0.998563	-1.916168	
1601	0.998462	-0.000261	0.135986	0.000261	0.998462	-1.846924	
1602	0.998570	-0.000499	0.178406	0.000499	0.998570	-1.959198	
1603	0.998382	-0.000708	0.406616	0.000708	0.998382	-2.366425	
1604	0.998679	-0.000324	-0.009216	0.000324	0.998679	-1.918121	
1605	0.998486	-0.000365	0.202881	0.000365	0.998486	-1.790466	
1606	0.998502	-0.000239	0.040527	0.000239	0.998502	-1.986176	
1607	0.998624	-0.000382	0.145142	0.000382	0.998624	-1.762115	
1608	0.998508	-0.000240	0.074402	0.000240	0.998508	-1.801788	
1609	0.998522	-0.000379	0.158508	0.000379	0.998522	-1.992767	
1610	0.998506	-0.000395	0.130554	0.000395	0.998506	-1.902588	
1611	0.998580	-0.000382	0.062073	0.000382	0.998580	-2.149597	
1612	0.998550	-0.000407	0.125488	0.000407	0.998550	-2.343811	
1613	0.998526	-0.000365	0.139343	0.000365	0.998526	-2.247681	
1614	0.998658	-0.000383	0.100342	0.000383	0.998658	-2.198181	
1615	0.998365	-0.000361	-0.091309	0.000361	0.998365	-2.058228	
1616	0.998486	-0.000599	0.213440	0.000599	0.998486	-2.061218	
1617	0.998606	-0.000295	0.033447	0.000295	0.998606	-1.853943	
1618	0.998553	-0.000359	0.179932	0.000359	0.998553	-1.741669	
1619	0.998602	-0.000317	0.126099	0.000317	0.998602	-1.983765	
1620	0.998368	-0.000371	0.432617	0.000371	0.998368	-1.660034	
1621	0.998540	-0.000399	0.303650	0.000399	0.998540	-1.604065	
1622	0.998568	-0.000310	0.219666	0.000310	0.998568	-1.494904	
1623	0.998439	-0.000315	0.350281	0.000315	0.998439	-1.378082	
1624	0.998666	-0.000602	0.372131	0.000602	0.998666	-1.845032	
1625	0.998545	-0.000234	0.272400	0.000234	0.998545	-1.305359	
1626	0.998572	-0.000355	0.367920	0.000355	0.998572	-1.322021	
1627	0.998439	-0.000256	0.461853	0.000256	0.998439	-1.227539	
1628	0.998784	-0.000190	0.385986	0.000190	0.998784	-1.020416	
1629	0.998750	-0.000237	0.265869	0.000237	0.998750	-1.312714	
1630	0.998787	-0.000431	0.482849	0.000431	0.998787	-1.245117	
1631	0.998741	-0.000196	0.421204	0.000196	0.998741	-1.088806	
1632	0.998752	-0.000274	0.430359	0.000274	0.998752	-1.160217	
1633	0.998846	-0.000243	0.457825	0.000243	0.998846	-1.048492	
1634	0.998789	-0.000329	0.479126	0.000329	0.998789	-1.200104	
1635	0.998795	-0.000164	0.548645	0.000164	0.998795	-0.871826	
1636	0.998944	-0.000209	0.467468	0.000209	0.998944	-0.981689	
1637	0.998839	-0.000223	0.595947	0.000223	0.998839	-0.909760	
1638	0.998906	-0.000227	0.611694	0.000227	0.998906	-0.967041	
1639	0.998919	-0.000183	0.477905	0.000183	0.998919	-1.053467	
1640	0.998961	-0.000191	0.695862	0.000191	0.998961	-0.875702	
1641	0.999112	-0.000054	0.517456	0.000054	0.999112	-0.813904	
1642	0.998952	-0.000244	0.584106	0.000244	0.998952	-0.788239	
1643	0.999146	-0.000126	0.508789	0.000126	0.999146	-0.886993	
1644	0.999038	-0.000083	0.517639	0.000083	0.999038	-0.593781	
1645	0.999145	-0.000119	0.611084	0.000119	0.999145	-0.611420	
1646	0.999116	-0.000232	0.696899	0.000232	0.999116	-0.820496	
1647	0.999330	0.000060	0.393005	-0.000060	0.999330	-0.529816	
1648	0.999137	-0.000175	0.581909	0.000175	0.999137	-0.761597	
1649	0.999394	-0.000033	0.521973	0.000033	0.999394	-0.690735	
1650	0.999234	-0.000018	0.489807	0.000018	0.999234	-0.409851	
