0	1.000000	0.000000	0.000000	0.000000	1.000000	0.000000	
1	0.999986	0.000022	-0.015991	-0.000022	0.999986	0.016113	
2	1.000088	0.000109	-0.060425	-0.000109	1.000088	-0.063416	
3	0.999989	0.000012	0.120361	-0.000012	0.999989	-0.265259	
4	0.999976	0.000014	0.073853	-0.000014	0.999976	-0.154968	
5	0.999941	0.000058	0.141479	-0.000058	0.999941	-0.092651	
6	1.000019	0.000006	0.082031	-0.000006	1.000019	-0.171143	
7	0.999933	0.000064	0.110474	-0.000064	0.999933	0.093201	
8	0.999923	0.000047	-0.015747	-0.000047	0.999923	0.090210	
9	0.999971	0.000058	-0.055298	-0.000058	0.999971	0.062134	
10	0.999954	0.000059	-0.061646	-0.000059	0.999954	0.068970	
11	0.999952	0.000050	0.012939	-0.000050	0.999952	0.027832	
12	1.000038	0.000048	0.118774	-0.000048	1.000038	-0.245544	
13	0.999992	0.000006	0.240967	-0.000006	0.999992	-0.193481	
14	0.999961	0.000018	0.077759	-0.000018	0.999961	-0.071655	
15	0.999991	0.000012	0.130371	-0.000012	0.999991	-0.125610	
16	0.999999	0.000045	0.049561	-0.000045	0.999999	0.006531	
17	0.999970	0.000069	0.129150	-0.000069	0.999970	0.065735	
18	0.999961	0.000032	0.110962	-0.000032	0.999961	-0.038635	
19	0.999959	0.000045	0.064453	-0.000045	0.999959	-0.028809	
20	0.999957	0.000016	0.019165	-0.000016	0.999957	0.012390	
21	0.999962	0.000031	-0.010132	-0.000031	0.999962	-0.029541	
22	0.999959	-0.000006	-0.016846	0.000006	0.999959	-0.075439	
23	0.999989	-0.000045	0.067871	0.000045	0.999989	-0.301941	
24	1.000044	-0.000012	-0.050293	0.000012	1.000044	-0.230469	
25	0.999990	-0.000001	0.047485	0.000001	0.999990	-0.267883	
26	0.999983	-0.000012	-0.005249	0.000012	0.999983	-0.089722	
27	1.000040	-0.000006	-0.042969	0.000006	1.000040	-0.125488	
28	0.999996	0.000043	-0.001709	-0.000043	0.999996	0.016113	
29	1.000004	0.000063	-0.063232	-0.000063	1.000004	0.118896	
30	0.999959	0.000030	0.001831	-0.000030	0.999959	0.139771	
31	1.000027	0.000047	-0.039917	-0.000047	1.000027	0.316223	
32	0.999921	0.000106	0.058472	-0.000106	0.999921	0.366760	
33	1.000008	0.000131	-0.070557	-0.000131	1.000008	0.517761	
34	0.999939	0.000128	-0.028198	-0.000128	0.999939	0.564514	
35	0.999934	0.000122	0.047119	-0.000122	0.999934	0.742920	
36	0.999969	0.000200	-0.123535	-0.000200	0.999969	0.643433	
37	0.999918	0.000182	-0.000122	-0.000182	0.999918	0.850952	
38	0.999973	0.000227	-0.114746	-0.000227	0.999973	0.791016	
39	0.999954	0.000225	-0.077271	-0.000225	0.999954	1.031982	
40	0.999963	0.000223	-0.026611	-0.000223	0.999963	1.002625	
41	0.999959	0.000336	-0.124390	-0.000336	0.999959	1.051819	
42	0.999931	0.000311	-0.001099	-0.000311	0.999931	0.991394	
43	0.999999	0.000347	-0.166626	-0.000347	0.999999	1.067444	
44	0.999981	0.000335	-0.052490	-0.000335	0.999981	1.118591	
45	0.999973	0.000309	-0.111084	-0.000309	0.999973	1.100464	
46	0.999964	0.000445	-0.079834	-0.000445	0.999964	1.186829	
47	0.999935	0.000330	-0.095215	-0.000330	0.999935	1.340027	
48	0.999946	0.000414	-0.089844	-0.000414	0.999946	1.418030	
49	0.999944	0.000399	-0.025513	-0.000399	0.999944	1.404175	
50	1.000020	0.000404	-0.148682	-0.000404	1.000020	1.289062	
51	0.999936	0.000410	-0.006836	-0.000410	0.999936	1.301880	
52	1.000000	0.000382	-0.158447	-0.000382	1.000000	1.260498	
53	0.999966	0.000440	-0.119507	-0.000440	0.999966	1.432434	
54	0.999963	0.000443	-0.169800	-0.000443	0.999963	1.444824	
55	0.999954	0.000434	-0.089844	-0.000434	0.999954	1.577576	
56	1.000021	0.000398	-0.204224	-0.000398	1.000021	1.506165	
57	0.999933	0.000489	-0.116455	-0.000489	0.999933	1.601562	
58	0.999951	0.000454	-0.143188	-0.000454	0.999951	1.426270	
59	1.000008	0.000535	-0.149170	-0.000535	1.000008	1.593201	
60	0.999975	0.000403	-0.145264	-0.000403	0.999975	1.465637	
61	0.999904	0.000400	-0.087280	-0.000400	0.999904	1.622559	
62	0.999944	0.000460	-0.082520	-0.000460	0.999944	1.683899	
63	0.999937	0.000533	-0.205200	-0.000533	0.999937	1.866699	
64	0.999972	0.000486	-0.104736	-0.000486	0.999972	1.605835	
65	0.999987	0.000473	-0.120728	-0.000473	0.999987	1.590698	
66	0.999960	0.000488	-0.204224	-0.000488	0.999960	1.604492	
67	0.999987	0.000550	-0.290405	-0.000550	0.999987	1.695801	
68	0.999946	0.000355	-0.038452	-0.000355	0.999946	1.549072	
69	0.999944	0.000561	-0.211426	-0.000561	0.999944	1.775757	
70	0.999977	0.000506	-0.178955	-0.000506	0.999977	1.688354	
71	0.999954	0.000575	-0.251831	-0.000575	0.999954	1.796692	
72	0.999943	0.000617	-0.213257	-0.000617	0.999943	2.006897	
73	0.999916	0.000600	-0.166016	-0.000600	0.999916	2.009033	
74	0.999964	0.000599	-0.159546	-0.000599	0.999964	1.993896	
75	0.999885	0.000612	-0.168091	-0.000612	0.999885	2.051636	
76	0.999987	0.000631	-0.297607	-0.000631	0.999987	1.913391	
77	0.999948	0.000758	-0.291138	-0.000758	0.999948	1.926697	
78	0.999971	0.000802	-0.316040	-0.000802	0.999971	2.138428	
79	0.999982	0.000894	-0.454346	-0.000894	0.999982	2.067993	
80	0.999974	0.000998	-0.499023	-0.000998	0.999974	2.249084	
81	0.999934	0.000948	-0.512695	-0.000948	0.999934	2.167358	
82	0.999973	0.001128	-0.555176	-0.001128	0.999973	2.360046	
83	0.999921	0.001189	-0.562866	-0.001189	0.999921	2.243164	
84	1.000009	0.001394	-0.639404	-0.001394	1.000009	2.599731	
85	0.999939	0.001332	-0.651367	-0.001332	0.999939	2.487732	
86	0.999964	0.001599	-0.753052	-0.001599	0.999964	2.904236	
87	0.999901	0.001587	-0.637817	-0.001587	0.999901	2.883850	
88	0.999986	0.001752	-0.875488	-0.001752	0.999986	3.010315	
89	0.999913	0.001711	-0.822266	-0.001711	0.999913	2.910400	
90	0.999992	0.001871	-0.965942	-0.001871	0.999992	3.070129	
91	0.999956	0.001805	-0.862305	-0.001805	0.999956	2.918823	
92	0.999999	0.001983	-0.958740	-0.001983	0.999999	3.068726	
93	0.999996	0.001849	-0.967773	-0.001849	0.999996	2.770264	
94	0.999946	0.002017	-0.901001	-0.002017	0.999946	2.978027	
95	1.000016	0.001970	-1.055298	-0.001970	1.000016	2.960938	
96	0.999968	0.001945	-0.885010	-0.001945	0.999968	2.914368	
97	0.999971	0.001965	-1.001831	-0.001965	0.999971	2.956299	
98	0.999976	0.001917	-0.970215	-0.001917	0.999976	2.787170	
99	0.999988	0.001990	-0.943237	-0.001990	0.999988	2.846985	
100	0.999991	0.001918	-0.961060	-0.001918	0.999991	2.804260	
101	1.000058	0.001886	-0.982178	-0.001886	1.000058	2.689209	
102	1.000082	0.001774	-1.096802	-0.001774	1.000082	2.603577	
103	1.000158	0.001642	-0.959229	-0.001642	1.000158	2.422546	
104	1.000248	0.001724	-1.145386	-0.001724	1.000248	2.651123	
105	1.000257	0.001589	-1.097534	-0.001589	1.000257	2.401367	
106	1.000369	0.001518	-1.062134	-0.001518	1.000369	2.364441	
107	1.000335	0.001341	-1.053101	-0.001341	1.000335	2.101013	
108	1.000448	0.001333	-1.095215	-0.001333	1.000448	2.054688	
109	1.000397	0.001038	-0.926147	-0.001038	1.000397	1.562500	
110	1.000489	0.001053	-0.942505	-0.001053	1.000489	1.659363	
111	1.000400	0.000865	-0.830566	-0.000865	1.000400	1.383606	
112	1.000509	0.000849	-0.838867	-0.000849	1.000509	1.555786	
113	1.000418	0.000676	-0.760742	-0.000676	1.000418	1.308533	
114	1.000448	0.000565	-0.700806	-0.000565	1.000448	1.261963	
115	1.000406	0.000447	-0.556763	-0.000447	1.000406	1.077087	
116	1.000514	0.000412	-0.640503	-0.000412	1.000514	0.917419	
117	1.000480	0.000361	-0.693848	-0.000361	1.000480	0.872681	
118	1.000543	0.000378	-0.654663	-0.000378	1.000543	0.939758	
119	1.000483	0.000265	-0.645264	-0.000265	1.000483	0.911743	
120	1.000497	0.000371	-0.550293	-0.000371	1.000497	1.082458	
121	1.000409	0.000233	-0.531250	-0.000233	1.000409	1.010498	
122	1.000541	0.000216	-0.577148	-0.000216	1.000541	0.872986	
123	1.000555	0.000153	-0.553467	-0.000153	1.000555	0.846375	
124	1.000564	0.000241	-0.656738	-0.000241	1.000564	1.003540	
125	1.000550	0.000062	-0.649048	-0.000062	1.000550	0.709106	
126	1.000602	0.000113	-0.598755	-0.000113	1.000602	0.812744	
127	1.000542	0.000025	-0.530396	-0.000025	1.000542	0.753540	
128	1.000577	0.000100	-0.582764	-0.000100	1.000577	0.912354	
129	1.000574	0.000073	-0.583984	-0.000073	1.000574	0.903137	
130	1.000638	0.000119	-0.514404	-0.000119	1.000638	0.894531	
131	1.000562	-0.000015	-0.569702	0.000015	1.000562	0.746033	
132	1.000665	0.000063	-0.684204	-0.000063	1.000665	0.862183	
133	1.000620	0.000084	-0.566406	-0.000084	1.000620	0.957642	
134	1.000717	0.000116	-0.676880	-0.000116	1.000717	0.935974	
135	1.000688	-0.000009	-0.655029	0.000009	1.000688	0.905945	
136	1.000699	0.000053	-0.662964	-0.000053	1.000699	0.991638	
137	1.000801	0.000069	-0.808228	-0.000069	1.000801	0.951172	
138	1.000708	0.000084	-0.618286	-0.000084	1.000708	1.155151	
139	1.000650	0.000057	-0.675659	-0.000057	1.000650	1.104858	
140	1.000761	-0.000001	-0.720337	0.000001	1.000761	1.026306	
141	1.000684	0.000040	-0.623291	-0.000040	1.000684	1.164124	
142	1.000667	0.000038	-0.627441	-0.000038	1.000667	1.192749	
143	1.000702	0.000063	-0.572388	-0.000063	1.000702	1.346558	
144	1.000682	-0.000022	-0.722046	0.000022	1.000682	1.250549	
145	1.000616	0.000078	-0.568481	-0.000078	1.000616	1.350830	
146	1.000663	0.000101	-0.753174	-0.000101	1.000663	1.504700	
147	1.000691	0.000031	-0.618774	-0.000031	1.000691	1.385315	
148	1.000599	0.000016	-0.619873	-0.000016	1.000599	1.455811	
149	1.000716	0.000007	-0.571289	-0.000007	1.000716	1.364990	
150	1.000633	0.000079	-0.747925	-0.000079	1.000633	1.548828	
151	1.000702	0.000073	-0.609741	-0.000073	1.000702	1.468079	
152	1.000611	0.000092	-0.515015	-0.000092	1.000611	1.546143	
153	1.000760	0.000036	-0.702148	-0.000036	1.000760	1.501465	
154	1.000662	0.000093	-0.564331	-0.000093	1.000662	1.663269	
155	1.000755	0.000007	-0.662476	-0.000007	1.000755	1.432739	
156	1.000690	0.000060	-0.625366	-0.000060	1.000690	1.487244	
157	1.000767	0.000084	-0.624146	-0.000084	1.000767	1.440369	
158	1.000764	0.000046	-0.761841	-0.000046	1.000764	1.367798	
159	1.000745	0.000096	-0.633667	-0.000096	1.000745	1.405762	
160	1.000803	0.000050	-0.712036	-0.000050	1.000803	1.382202	
161	1.000739	0.000007	-0.671387	-0.000007	1.000739	1.289612	
162	1.000781	0.000049	-0.678467	-0.000049	1.000781	1.382141	
163	1.000803	0.000013	-0.691406	-0.000013	1.000803	1.335938	
164	1.000699	0.000040	-0.625488	-0.000040	1.000699	1.367798	
165	1.000766	0.000036	-0.695557	-0.000036	1.000766	1.459473	
166	1.000738	0.000040	-0.824585	-0.000040	1.000738	1.540100	
167	1.000759	0.000006	-0.624268	-0.000006	1.000759	1.509521	
168	1.000731	0.000020	-0.645264	-0.000020	1.000731	1.588684	
169	1.000753	0.000070	-0.670166	-0.000070	1.000753	1.594788	
170	1.000705	0.000067	-0.571167	-0.000067	1.000705	1.541687	
171	1.000777	-0.000027	-0.581421	0.000027	1.000777	1.431702	
172	1.000797	0.000022	-0.655518	-0.000022	1.000797	1.453064	
173	1.000711	-0.000005	-0.582397	0.000005	1.000711	1.592346	
174	1.000769	0.000092	-0.749878	-0.000092	1.000769	1.457520	
175	1.000799	-0.000039	-0.611084	0.000039	1.000799	1.438049	
176	1.000716	0.000064	-0.604614	-0.000064	1.000716	1.480103	
177	1.000876	0.000060	-0.768066	-0.000060	1.000876	1.469421	
178	1.000694	0.000019	-0.533691	-0.000019	1.000694	1.480103	
179	1.000758	-0.000006	-0.715820	0.000006	1.000758	1.449158	
180	1.000767	0.000063	-0.656616	-0.000063	1.000767	1.672119	
181	1.000620	0.000102	-0.505615	-0.000102	1.000620	1.635742	
182	1.000757	-0.000055	-0.571777	0.000055	1.000757	1.355042	
183	1.000749	0.000095	-0.743774	-0.000095	1.000749	1.466125	
184	1.000733	-0.000010	-0.457520	0.000010	1.000733	1.334229	
185	1.000741	-0.000018	-0.629639	0.000018	1.000741	1.346375	
186	1.000689	-0.000062	-0.578613	0.000062	1.000689	1.251343	
187	1.000715	0.000030	-0.549438	-0.000030	1.000715	1.396973	
188	1.000721	-0.000097	-0.766602	0.000097	1.000721	1.194275	
189	1.000835	0.000025	-0.661987	-0.000025	1.000835	1.441223	
190	1.000692	-0.000217	-0.536133	0.000217	1.000692	1.123047	
191	1.000754	-0.000126	-0.543579	0.000126	1.000754	1.180542	
192	1.000735	-0.000223	-0.515381	0.000223	1.000735	1.068237	
193	1.000859	-0.000305	-0.596436	0.000305	1.000859	0.858459	
194	1.000800	-0.000312	-0.440186	0.000312	1.000800	0.896912	
195	1.000779	-0.000406	-0.335938	0.000406	1.000779	0.779968	
196	1.000787	-0.000393	-0.554443	0.000393	1.000787	0.822754	
197	1.000741	-0.000470	-0.265259	0.000470	1.000741	0.743530	
198	1.000782	-0.000464	-0.452393	0.000464	1.000782	0.846802	
199	1.000746	-0.000537	-0.335327	0.000537	1.000746	0.699829	
200	1.000804	-0.000555	-0.492188	0.000555	1.000804	0.794922	
201	1.000768	-0.000547	-0.326904	0.000547	1.000768	0.765930	
202	1.000773	-0.000550	-0.452148	0.000550	1.000773	0.636536	
203	1.000745	-0.000621	-0.314087	0.000621	1.000745	0.542480	
204	1.000849	-0.000562	-0.358398	0.000562	1.000849	0.613770	
205	1.000747	-0.000621	-0.233276	0.000621	1.000747	0.568176	
206	1.000825	-0.000644	-0.328857	0.000644	1.000825	0.577454	
207	1.000821	-0.000710	-0.428467	0.000710	1.000821	0.476746	
208	1.000789	-0.000641	-0.386719	0.000641	1.000789	0.569092	
209	1.000811	-0.000857	-0.356323	0.000857	1.000811	0.394043	
210	1.000903	-0.000820	-0.425049	0.000820	1.000903	0.417297	
211	1.000810	-0.001074	-0.191406	0.001074	1.000810	0.124878	
212	1.000873	-0.000885	-0.400146	0.000885	1.000873	0.328674	
213	1.000912	-0.001093	-0.228638	0.001093	1.000912	0.105347	
214	1.000916	-0.001113	-0.338989	0.001113	1.000916	0.080994	
215	1.000905	-0.001087	-0.221436	0.001087	1.000905	0.032410	
216	1.000910	-0.001130	-0.182007	0.001130	1.000910	0.032654	
217	1.000885	-0.001172	-0.250488	0.001172	1.000885	-0.052490	
218	1.000832	-0.001178	-0.086426	0.001178	1.000832	0.003723	
219	1.000987	-0.001032	-0.378662	0.001032	1.000987	0.052551	
220	1.000799	-0.001109	-0.161133	0.001109	1.000799	0.153198	
221	1.000925	-0.001048	-0.264038	0.001048	1.000925	0.104309	
222	1.000887	-0.001028	-0.265259	0.001028	1.000887	0.204651	
223	1.000996	-0.000914	-0.399536	0.000914	1.000996	0.205750	
224	1.000961	-0.000889	-0.420776	0.000889	1.000961	0.295471	
225	1.001033	-0.000856	-0.433960	0.000856	1.001033	0.194397	
226	1.000970	-0.000839	-0.476318	0.000839	1.000970	0.230896	
227	1.000893	-0.000780	-0.384521	0.000780	1.000893	0.366333	
228	1.001070	-0.000757	-0.642090	0.000757	1.001070	0.334717	
229	1.000995	-0.000780	-0.343750	0.000780	1.000995	0.412354	
230	1.000962	-0.000749	-0.738281	0.000749	1.000962	0.437317	
231	1.000945	-0.000683	-0.402954	0.000683	1.000945	0.686646	
232	1.001019	-0.000684	-0.584351	0.000684	1.001019	0.525085	
233	1.000896	-0.000739	-0.439209	0.000739	1.000896	0.518311	
234	1.001078	-0.000704	-0.596802	0.000704	1.001078	0.454346	
235	1.000914	-0.000708	-0.536255	0.000708	1.000914	0.526123	
236	1.001017	-0.000619	-0.436890	0.000619	1.001017	0.472107	
237	1.000948	-0.000679	-0.459351	0.000679	1.000948	0.571289	
238	1.000979	-0.000829	-0.361816	0.000829	1.000979	0.368652	
239	1.000919	-0.000679	-0.450073	0.000679	1.000919	0.663391	
240	1.000988	-0.000773	-0.566040	0.000773	1.000988	0.418762	
241	1.001095	-0.000723	-0.533203	0.000723	1.001095	0.524170	
242	1.000973	-0.000701	-0.583008	0.000701	1.000973	0.508728	
243	1.001015	-0.000782	-0.541016	0.000782	1.001015	0.404419	
244	1.001029	-0.000673	-0.591675	0.000673	1.001029	0.606812	
245	1.000821	-0.000714	-0.403564	0.000714	1.000821	0.604614	
246	1.001066	-0.000760	-0.613403	0.000760	1.001066	0.387329	
247	1.000919	-0.000815	-0.453979	0.000815	1.000919	0.610657	
248	1.001058	-0.000765	-0.635742	0.000765	1.001058	0.432739	
249	1.000999	-0.000763	-0.567749	0.000763	1.000999	0.470825	
250	1.000953	-0.000766	-0.470581	0.000766	1.000953	0.517029	
251	1.001029	-0.000777	-0.599976	0.000777	1.001029	0.449768	
252	1.000854	-0.000681	-0.526611	0.000681	1.000854	0.744934	
253	1.001020	-0.000701	-0.677856	0.000701	1.001020	0.591614	
254	1.000929	-0.000642	-0.537109	0.000642	1.000929	0.710999	
255	1.000900	-0.000636	-0.695801	0.000636	1.000900	0.678345	
256	1.000936	-0.000694	-0.543701	0.000694	1.000936	0.725037	
257	1.001017	-0.000686	-0.705200	0.000686	1.001017	0.641113	
258	1.000935	-0.000555	-0.644897	0.000555	1.000935	0.792053	
259	1.000949	-0.000626	-0.515747	0.000626	1.000949	0.718384	
260	1.000858	-0.000635	-0.597046	0.000635	1.000858	0.772156	
261	1.001021	-0.000507	-0.684448	0.000507	1.001021	0.857544	
262	1.000925	-0.000615	-0.676636	0.000615	1.000925	0.921143	
263	1.000911	-0.000497	-0.626038	0.000497	1.000911	0.978943	
264	1.000931	-0.000386	-0.702881	0.000386	1.000931	1.007019	
265	1.001021	-0.000389	-0.738708	0.000389	1.001021	0.896118	
266	1.000948	-0.000412	-0.749084	0.000412	1.000948	0.993774	
267	1.000964	-0.000262	-0.741577	0.000262	1.000964	0.947388	
268	1.000915	-0.000032	-0.915344	0.000032	1.000915	1.268311	
269	1.000841	0.000307	-1.154663	-0.000307	1.000841	1.579590	
270	1.000903	0.000915	-1.392456	-0.000915	1.000903	2.202271	
271	1.000813	0.001726	-1.711426	-0.001726	1.000813	2.920898	
272	1.000789	0.002841	-2.298523	-0.002841	1.000789	4.053955	
273	1.000894	0.003813	-2.816895	-0.003813	1.000894	4.815125	
274	1.000826	0.005251	-3.658813	-0.005251	1.000826	6.221985	
275	1.000708	0.006394	-4.160400	-0.006394	1.000708	7.428345	
276	1.000717	0.007409	-4.742920	-0.007409	1.000717	8.379150	
277	1.000687	0.008453	-5.197510	-0.008453	1.000687	9.366577	
278	1.000645	0.009261	-5.627808	-0.009261	1.000645	9.984680	
279	1.000492	0.010091	-5.910400	-0.010091	1.000492	10.818359	
280	1.000530	0.010681	-6.243835	-0.010681	1.000530	11.090576	
281	1.000515	0.010934	-6.381409	-0.010934	1.000515	11.401062	
282	1.000411	0.011424	-6.588867	-0.011424	1.000411	11.715576	
283	1.000270	0.011799	-6.651123	-0.011799	1.000270	11.849060	
284	1.000269	0.012267	-6.849182	-0.012267	1.000269	12.325989	
285	1.000249	0.012718	-7.363892	-0.012718	1.000249	12.761414	
286	1.000042	0.013631	-7.662476	-0.013631	1.000042	13.614197	
287	1.000000	0.014514	-7.983032	-0.014514	1.000000	14.321167	
288	0.999635	0.015305	-8.323364	-0.015305	0.999635	15.318542	
289	0.999895	0.016288	-8.745728	-0.016288	0.999895	16.027771	
290	0.999548	0.017058	-9.015442	-0.017058	0.999548	16.914368	
291	0.999515	0.017602	-9.149170	-0.017602	0.999515	17.416748	
292	0.999564	0.018274	-9.502930	-0.018274	0.999564	17.859558	
293	0.999344	0.018758	-9.693604	-0.018758	0.999344	18.582397	
294	0.999320	0.019219	-9.879456	-0.019219	0.999320	19.044006	
295	0.999594	0.019383	-10.177917	-0.019383	0.999594	19.022156	
296	0.999397	0.019726	-10.101074	-0.019726	0.999397	19.377136	
297	0.999555	0.019914	-10.429626	-0.019914	0.999555	19.495422	
298	0.999250	0.020046	-10.281250	-0.020046	0.999250	19.746887	
299	0.999559	0.020297	-10.551392	-0.020297	0.999559	19.744629	
300	0.999662	0.020350	-10.541260	-0.020350	0.999662	19.741089	
301	0.999826	0.019832	-10.613770	-0.019832	0.999826	18.758820	
302	0.999801	0.020585	-10.801392	-0.020585	0.999801	19.648804	
303	0.999332	0.020578	-10.561157	-0.020578	0.999332	20.321838	
304	0.999662	0.020483	-10.719299	-0.020483	0.999662	19.766357	
305	0.999576	0.020473	-10.680786	-0.020473	0.999576	19.841614	
306	0.999543	0.020523	-10.832642	-0.020523	0.999543	19.909180	
307	0.999633	0.020729	-10.961731	-0.020729	0.999633	19.914856	
308	0.999280	0.020598	-10.726440	-0.020598	0.999280	20.215759	
309	0.999589	0.020719	-10.923096	-0.020719	0.999589	20.045471	
310	0.999480	0.020615	-10.793274	-0.020615	0.999480	19.967529	
311	0.999583	0.020625	-10.820251	-0.020625	0.999583	19.899719	
312	0.999627	0.020536	-10.716614	-0.020536	0.999627	19.768799	
313	0.999542	0.020756	-10.896851	-0.020756	0.999542	20.126099	
314	0.999792	0.020474	-10.815735	-0.020474	0.999792	19.547119	
315	0.999548	0.020831	-10.855957	-0.020831	0.999548	20.194702	
316	0.999804	0.020917	-11.097595	-0.020917	0.999804	19.970520	
317	0.999526	0.021010	-11.024292	-0.021010	0.999526	20.392395	
318	0.999593	0.021023	-11.005005	-0.021023	0.999593	20.356873	
319	0.999756	0.021027	-11.138794	-0.021027	0.999756	20.200317	
320	0.999795	0.020816	-11.031006	-0.020816	0.999795	19.916870	
321	0.999573	0.021016	-10.856689	-0.021016	0.999573	20.241089	
322	0.999790	0.021082	-11.252197	-0.021082	0.999790	20.355255	
323	0.999815	0.020929	-11.031494	-0.020929	0.999815	20.009949	
324	0.999846	0.021254	-11.486938	-0.021254	0.999846	20.564606	
325	0.999720	0.021303	-11.183228	-0.021303	0.999720	20.705627	
326	0.999841	0.021442	-11.453735	-0.021442	0.999841	20.786804	
327	0.999693	0.020944	-10.973755	-0.020944	0.999693	20.104584	
328	0.999702	0.020861	-10.940552	-0.020861	0.999702	19.914673	
329	0.999801	0.020822	-10.961426	-0.020822	0.999801	19.782227	
330	0.999785	0.020617	-10.885742	-0.020617	0.999785	19.813538	
331	0.999754	0.020518	-10.945435	-0.020518	0.999754	19.771576	
332	0.999657	0.020388	-10.699707	-0.020388	0.999657	19.628326	
333	0.999617	0.020428	-10.654663	-0.020428	0.999617	19.860626	
334	0.999858	0.019981	-10.619141	-0.019981	0.999858	19.195892	
335	0.999440	0.019809	-10.125854	-0.019809	0.999440	19.334259	
336	0.999906	0.018851	-10.101562	-0.018851	0.999906	17.942017	
337	0.999830	0.018757	-10.004028	-0.018757	0.999830	18.003357	
338	0.999824	0.018261	-9.657715	-0.018261	0.999824	17.383392	
339	0.999938	0.018299	-9.785400	-0.018299	0.999938	17.574829	
340	0.999805	0.017606	-9.234009	-0.017606	0.999805	16.577240	
341	0.999884	0.017332	-9.358643	-0.017332	0.999884	16.375580	
342	0.999878	0.017241	-9.255249	-0.017241	0.999878	16.288300	
343	0.999811	0.017319	-9.193726	-0.017319	0.999811	16.717194	
344	0.999841	0.017038	-9.022583	-0.017038	0.999841	16.293488	
345	1.000008	0.016881	-9.210693	-0.016881	1.000008	16.128662	
346	0.999886	0.016359	-8.728882	-0.016359	0.999886	15.695038	
347	1.000077	0.016103	-8.781006	-0.016103	1.000077	15.350922	
348	1.000049	0.015198	-8.301025	-0.015198	1.000049	14.473450	
349	0.999981	0.014106	-7.491211	-0.014106	0.999981	13.263824	
350	1.000000	0.013069	-7.166260	-0.013069	1.000000	12.330414	
351	1.000041	0.012036	-6.552612	-0.012036	1.000041	11.414886	
352	0.999928	0.010737	-5.806885	-0.010737	0.999928	10.163971	
353	1.000036	0.009852	-5.307007	-0.009852	1.000036	9.306824	
354	0.999961	0.008614	-4.590454	-0.008614	0.999961	8.238525	
355	1.000079	0.007998	-4.362549	-0.007998	1.000079	7.511261	
356	1.000002	0.007245	-3.908691	-0.007245	1.000002	7.058685	
357	0.999842	0.006442	-3.379028	-0.006442	0.999842	6.121674	
358	0.999951	0.006284	-3.369873	-0.006284	0.999951	6.204041	
359	1.000028	0.005920	-3.356567	-0.005920	1.000028	5.584137	
360	1.000042	0.005835	-3.184448	-0.005835	1.000042	5.636627	
361	0.999907	0.005901	-3.125732	-0.005901	0.999907	5.779266	
362	0.999982	0.006118	-3.226318	-0.006118	0.999982	5.919220	
363	1.000077	0.006434	-3.575684	-0.006434	1.000077	6.242737	
364	1.000005	0.006837	-3.746216	-0.006837	1.000005	6.583710	
365	1.000048	0.007276	-3.971069	-0.007276	1.000048	7.133392	
366	0.999942	0.007742	-4.183960	-0.007742	0.999942	7.678131	
367	1.000167	0.008200	-4.548218	-0.008200	1.000167	8.008545	
368	0.999779	0.008478	-4.034668	-0.008478	0.999779	8.626282	
369	1.000097	0.008778	-4.358032	-0.008778	1.000097	8.528564	
370	0.999969	0.009026	-4.391479	-0.009026	0.999969	9.000275	
371	1.000079	0.009637	-4.522339	-0.009637	1.000079	9.172485	
372	0.999723	0.009439	-4.274292	-0.009439	0.999723	9.268036	
373	0.999912	0.009778	-4.625000	-0.009778	0.999912	9.517517	
374	1.000047	0.009839	-4.834839	-0.009839	1.000047	9.511993	
375	0.999701	0.009916	-4.577515	-0.009916	0.999701	10.019653	
376	1.000042	0.009857	-4.760010	-0.009857	1.000042	9.539581	
377	0.999974	0.010048	-4.852783	-0.010048	0.999974	9.924927	
378	1.000226	0.010698	-5.465210	-0.010698	1.000226	10.678009	
379	0.999951	0.010410	-4.906982	-0.010410	0.999951	10.399963	
380	0.999843	0.010596	-4.856201	-0.010596	0.999843	10.384705	
381	1.000015	0.010692	-5.116943	-0.010692	1.000015	10.286285	
382	1.000049	0.010853	-5.231689	-0.010853	1.000049	10.536224	
383	1.000072	0.011198	-5.398926	-0.011198	1.000072	10.780457	
384	1.000182	0.011167	-5.547729	-0.011167	1.000182	10.805603	
385	1.000053	0.011341	-5.625000	-0.011341	1.000053	11.243195	
386	1.000000	0.011440	-5.651733	-0.011440	1.000000	11.466064	
387	0.999917	0.011540	-5.711670	-0.011540	0.999917	11.488922	
388	0.999922	0.011555	-5.560425	-0.011555	0.999922	11.447174	
389	1.000018	0.011369	-5.701050	-0.011369	1.000018	11.294220	
390	1.000123	0.010682	-5.320435	-0.010682	1.000123	10.438232	
391	0.999948	0.009872	-4.864014	-0.009872	0.999948	9.966400	
392	0.999914	0.008656	-4.212891	-0.008656	0.999914	8.855164	
393	0.999903	0.007465	-3.523804	-0.007465	0.999903	7.896332	
394	0.999919	0.006291	-2.880615	-0.006291	0.999919	6.765167	
395	1.000017	0.005257	-2.341431	-0.005257	1.000017	5.561066	
396	1.000047	0.004475	-1.939697	-0.004475	1.000047	4.799438	
397	0.999966	0.004046	-1.617676	-0.004046	0.999966	4.410248	
398	1.000076	0.003657	-1.781738	-0.003657	1.000076	3.885101	
399	1.000030	0.002948	-1.462402	-0.002948	1.000030	3.501099	
400	1.000037	0.001870	-1.055054	-0.001870	1.000037	2.543976	
401	1.000066	0.000182	-0.199097	-0.000182	1.000066	1.163269	
402	1.000071	-0.002563	1.227905	0.002563	1.000071	-1.257538	
403	1.000031	-0.005761	2.797241	0.005761	1.000031	-4.207275	
404	0.999877	-0.009467	5.199951	0.009467	0.999877	-7.490234	
405	0.999840	-0.013030	7.298889	0.013030	0.999840	-10.931610	
406	0.999793	-0.016385	9.100220	0.016385	0.999793	-13.925781	
407	0.999848	-0.019776	10.972168	0.019776	0.999848	-17.256134	
408	0.999706	-0.023029	12.949585	0.023029	0.999706	-20.139221	
409	0.999624	-0.025360	14.210571	0.025360	0.999624	-22.429352	
410	0.999561	-0.027212	15.421753	0.027212	0.999561	-24.326263	
411	0.999559	-0.029295	16.425842	0.029295	0.999559	-26.008942	
412	0.999390	-0.029800	17.216797	0.029800	0.999390	-26.250580	
413	0.999565	-0.031280	17.639648	0.031280	0.999565	-28.250702	
414	0.999527	-0.032369	18.176392	0.032369	0.999527	-29.115997	
415	0.999458	-0.032756	18.483765	0.032756	0.999458	-29.455658	
416	0.999340	-0.033033	18.763794	0.033033	0.999340	-29.567413	
417	0.999413	-0.033410	18.719116	0.033410	0.999413	-29.664459	
418	0.999406	-0.033690	18.832153	0.033690	0.999406	-30.076630	
419	0.999249	-0.033868	19.187134	0.033868	0.999249	-30.237427	
420	0.999505	-0.034302	19.055298	0.034302	0.999505	-30.974701	
421	0.999650	-0.034152	18.700439	0.034152	0.999650	-30.554321	
422	0.999316	-0.034424	19.487549	0.034424	0.999316	-30.862183	
423	0.999518	-0.034263	19.003784	0.034263	0.999518	-30.738464	
424	0.999401	-0.034375	19.102539	0.034375	0.999401	-30.667328	
425	0.999312	-0.034461	19.369019	0.034461	0.999312	-30.712738	
426	0.999756	-0.034206	18.542847	0.034206	0.999756	-30.632874	
427	0.999397	-0.034790	19.320557	0.034790	0.999397	-30.981354	
428	0.999415	-0.034308	19.082275	0.034308	0.999415	-30.622559	
429	0.999466	-0.034595	19.227417	0.034595	0.999466	-30.998779	
430	0.999282	-0.034722	19.279053	0.034722	0.999282	-30.969971	
431	0.999445	-0.034225	18.775024	0.034225	0.999445	-30.394897	
432	0.998766	-0.034215	19.840210	0.034215	0.998766	-29.862000	
433	0.999258	-0.034807	19.426758	0.034807	0.999258	-30.912415	
434	0.999326	-0.034157	19.011230	0.034157	0.999326	-30.446289	
435	0.999063	-0.034521	19.470703	0.034521	0.999063	-30.479309	
436	0.999839	-0.035333	19.103760	0.035333	0.999839	-32.123108	
437	0.999049	-0.034515	19.450562	0.034515	0.999049	-30.489197	
438	0.999528	-0.034707	19.216492	0.034707	0.999528	-31.263184	
439	0.999425	-0.034697	19.528687	0.034697	0.999425	-31.087402	
440	0.999334	-0.034692	19.312805	0.034692	0.999334	-31.060608	
441	0.999075	-0.034650	19.416626	0.034650	0.999075	-30.652222	
442	0.999305	-0.034468	19.195435	0.034468	0.999305	-30.641541	
443	0.998891	-0.035025	19.688477	0.035025	0.998891	-31.022217	
444	0.999795	-0.035137	18.927368	0.035137	0.999795	-31.549286	
445	0.999329	-0.035177	19.717285	0.035177	0.999329	-31.335083	
446	0.999271	-0.034521	19.388367	0.034521	0.999271	-30.662537	
447	0.999323	-0.035072	19.707642	0.035072	0.999323	-31.348145	
448	0.999353	-0.034853	19.532471	0.034853	0.999353	-31.049194	
449	0.999219	-0.034780	19.347229	0.034780	0.999219	-31.026672	
450	0.999358	-0.034837	19.609741	0.034837	0.999358	-31.299194	
451	0.999253	-0.034908	19.632568	0.034908	0.999253	-30.968506	
452	0.999170	-0.034270	19.207703	0.034270	0.999170	-30.477234	
453	0.999567	-0.034404	18.820374	0.034404	0.999567	-31.069946	
454	0.999384	-0.034739	19.319031	0.034739	0.999384	-30.508362	
455	0.999265	-0.034735	19.358643	0.034735	0.999265	-30.889893	
456	0.999135	-0.034678	19.551880	0.034678	0.999135	-30.630005	
457	0.999404	-0.034847	19.330627	0.034847	0.999404	-31.207397	
458	0.999180	-0.034707	19.452454	0.034707	0.999180	-30.761169	
459	0.998900	-0.034694	19.442627	0.034694	0.998900	-30.814270	
460	0.999304	-0.034755	19.450256	0.034755	0.999304	-30.703979	
461	0.999382	-0.034960	19.599182	0.034960	0.999382	-30.963440	
462	0.999275	-0.034618	19.495728	0.034618	0.999275	-30.570129	
463	0.999327	-0.034977	19.500488	0.034977	0.999327	-30.960938	
464	0.999228	-0.033946	19.020935	0.033946	0.999228	-30.366272	
465	0.999467	-0.034401	19.129822	0.034401	0.999467	-30.789612	
466	0.999231	-0.034225	19.063721	0.034225	0.999231	-30.575623	
467	0.999403	-0.035006	19.524353	0.035006	0.999403	-31.028503	
468	0.999450	-0.034831	19.332764	0.034831	0.999450	-30.733948	
469	0.999218	-0.034896	19.398743	0.034896	0.999218	-30.958923	
470	0.999450	-0.035057	19.497498	0.035057	0.999450	-30.973694	
471	0.999342	-0.035313	19.735474	0.035313	0.999342	-31.210876	
472	0.999332	-0.035140	19.614624	0.035140	0.999332	-31.054810	
473	0.999226	-0.034655	19.442078	0.034655	0.999226	-30.863068	
474	0.999110	-0.034564	19.467468	0.034564	0.999110	-30.578186	
475	0.998999	-0.034540	19.464783	0.034540	0.998999	-30.755768	
476	0.999383	-0.035223	19.784790	0.035223	0.999383	-31.218719	
477	0.999053	-0.033860	18.939026	0.033860	0.999053	-29.987091	
478	0.999108	-0.035004	19.858276	0.035004	0.999108	-31.065979	
479	0.999404	-0.034480	19.425293	0.034480	0.999404	-30.901306	
480	0.999214	-0.035017	19.887207	0.035017	0.999214	-30.960083	
481	0.999385	-0.034946	19.717712	0.034946	0.999385	-31.035217	
482	0.999556	-0.034792	19.473450	0.034792	0.999556	-30.936218	
483	0.999376	-0.035819	20.163940	0.035819	0.999376	-31.835266	
484	0.999304	-0.034908	19.647705	0.034908	0.999304	-30.785706	
485	0.999452	-0.035163	19.725708	0.035163	0.999452	-31.457703	
486	0.999743	-0.034877	19.314880	0.034877	0.999743	-31.319580	
487	0.999132	-0.035322	20.074707	0.035322	0.999132	-31.508362	
488	0.999486	-0.035467	19.413635	0.035467	0.999486	-31.441650	
489	0.999535	-0.035772	19.666565	0.035772	0.999535	-31.857666	
490	0.999656	-0.034951	19.091675	0.034951	0.999656	-31.055359	
491	0.999394	-0.035438	19.633545	0.035438	0.999394	-31.649170	
492	0.999453	-0.035803	20.010071	0.035803	0.999453	-31.852356	
493	0.999151	-0.035079	19.753235	0.035079	0.999151	-30.665894	
494	0.999238	-0.036472	20.592407	0.036472	0.999238	-32.415894	
495	0.999532	-0.035834	19.906616	0.035834	0.999532	-32.221619	
496	0.998936	-0.036317	21.125977	0.036317	0.998936	-31.859192	
497	0.999444	-0.035675	19.698364	0.035675	0.999444	-31.776978	
498	0.999713	-0.035192	19.392334	0.035192	0.999713	-31.009521	
499	1.000159	-0.035206	19.296204	0.035206	1.000159	-31.954590	
500	0.999296	-0.035802	20.111938	0.035802	0.999296	-31.775452	
501	0.999982	-0.000026	0.021240	0.000026	0.999982	-0.011108	
502	0.999797	-0.036052	20.186340	0.036052	0.999797	-32.261780	
503	1.000218	-0.035727	19.676331	0.035727	1.000218	-32.118103	
504	0.999702	-0.036187	20.252502	0.036187	0.999702	-32.294739	
505	0.999640	-0.036252	20.272522	0.036252	0.999640	-32.375305	
506	0.999326	-0.036749	20.854736	0.036749	0.999326	-32.487610	
507	0.999317	-0.036686	20.834717	0.036686	0.999317	-32.344849	
508	0.999523	-0.036869	20.891785	0.036869	0.999523	-32.807922	
509	0.999365	-0.036946	21.077515	0.036946	0.999365	-32.635498	
510	0.999303	-0.037065	21.106262	0.037065	0.999303	-32.629517	
511	0.999926	-0.036799	20.766663	0.036799	0.999926	-32.874573	
512	0.999636	-0.036714	20.624451	0.036714	0.999636	-32.830688	
513	0.999572	-0.036816	20.791321	0.036816	0.999572	-32.699707	
514	0.999944	-0.036746	20.664673	0.036746	0.999944	-33.085571	
515	0.999563	-0.036722	20.708740	0.036722	0.999563	-32.589417	
516	0.999945	-0.036305	20.302185	0.036305	0.999945	-32.578979	
517	0.999574	-0.037116	20.997681	0.037116	0.999574	-33.054993	
518	0.999146	-0.036935	21.086121	0.036935	0.999146	-32.705688	
519	0.999690	-0.036639	20.623474	0.036639	0.999690	-32.778992	
520	1.000369	-0.037145	20.569031	0.037145	1.000369	-33.437073	
521	0.999134	-0.036845	20.979858	0.036845	0.999134	-32.742859	
522	0.999115	-0.037127	20.904236	0.037127	0.999115	-32.563721	
523	0.999511	-0.036375	20.760376	0.036375	0.999511	-32.906830	
524	0.999307	-0.036853	20.733948	0.036853	0.999307	-32.599792	
525	0.999462	-0.037150	21.049744	0.037150	0.999462	-33.056519	
526	0.999593	-0.037447	21.120544	0.037447	0.999593	-33.273804	
527	0.999605	-0.037659	21.300232	0.037659	0.999605	-33.544586	
528	0.999517	-0.037550	21.113159	0.037550	0.999517	-33.441284	
529	0.999285	-0.037288	21.638245	0.037288	0.999285	-33.449799	
530	0.999965	-0.036987	20.255371	0.036987	0.999965	-32.888214	
531	1.001086	-0.035890	19.801819	0.035890	1.001086	-33.249878	
532	0.999692	-0.037044	20.489685	0.037044	0.999692	-32.963226	
533	0.999540	-0.037453	20.979126	0.037453	0.999540	-33.341461	
534	0.999386	-0.036910	20.840881	0.036910	0.999386	-32.870300	
535	0.998646	-0.037375	22.601318	0.037375	0.998646	-33.026611	
536	0.999259	-0.037481	21.576172	0.037481	0.999259	-33.339935	
537	0.999999	-0.037769	20.512573	0.037769	0.999999	-33.329224	
538	0.999502	-0.036618	20.607178	0.036618	0.999502	-32.693451	
539	0.999239	-0.036398	20.848145	0.036398	0.999239	-32.516968	
540	0.999368	-0.035453	20.297363	0.035453	0.999368	-31.458405	
541	0.999758	-0.034285	18.983398	0.034285	0.999758	-30.500824	
542	0.999872	-0.032718	18.154541	0.032718	0.999872	-28.948181	
543	0.999730	-0.031596	17.587769	0.031596	0.999730	-28.037415	
544	0.999797	-0.030200	16.780518	0.030200	0.999797	-26.802124	
545	0.999735	-0.027874	15.593994	0.027874	0.999735	-24.631287	
546	0.999696	-0.025168	14.089600	0.025168	0.999696	-22.199585	
547	0.999848	-0.021614	12.220032	0.021614	0.999848	-18.765289	
548	1.000075	-0.018453	10.013428	0.018453	1.000075	-16.049622	
549	1.000227	-0.015235	8.051025	0.015235	1.000227	-13.001587	
550	1.000172	-0.012502	6.653320	0.012502	1.000172	-10.387024	
551	1.000233	-0.010743	5.553589	0.010743	1.000233	-8.820465	
552	1.000247	-0.009369	4.845886	0.009369	1.000247	-7.738495	
553	1.000209	-0.008386	4.249329	0.008386	1.000209	-6.506744	
554	1.000320	-0.007485	3.641724	0.007485	1.000320	-5.959930	
555	1.000220	-0.006475	3.233887	0.006475	1.000220	-4.745819	
556	1.000157	-0.005456	2.728638	0.005456	1.000157	-3.820618	
557	1.000142	-0.004566	2.220215	0.004566	1.000142	-3.043671	
558	1.002859	-0.003740	-0.706482	0.003740	1.002859	-3.640808	
559	1.002844	-0.002604	-1.242310	0.002604	1.002844	-2.553497	
560	1.002986	-0.001771	-1.801147	0.001771	1.002986	-2.061646	
561	1.003237	-0.000893	-2.674194	0.000893	1.003237	-1.496796	
562	1.004996	-0.000065	-4.617554	0.000065	1.004996	-1.501953	
563	1.005153	0.000175	-5.090820	-0.000175	1.005153	-1.540894	
564	1.005158	0.000149	-4.930298	-0.000149	1.005158	-1.616943	
565	1.004983	0.000088	-4.853271	-0.000088	1.004983	-1.826965	
566	1.005057	0.000261	-4.892456	-0.000261	1.005057	-1.706787	
567	1.004925	0.000059	-4.703369	-0.000059	1.004925	-1.926147	
568	1.005038	0.000079	-4.756226	-0.000079	1.005038	-2.205811	
569	1.004928	0.000165	-4.720825	-0.000165	1.004928	-1.899963	
570	1.005076	0.000083	-4.832520	-0.000083	1.005076	-2.268799	
571	1.004978	0.000060	-4.720825	-0.000060	1.004978	-2.122498	
572	1.005102	-0.000031	-4.847290	0.000031	1.005102	-2.530762	
573	1.004967	0.000052	-4.668335	-0.000052	1.004967	-2.083313	
574	1.004931	0.000072	-4.707642	-0.000072	1.004931	-1.836792	
575	1.004905	0.000135	-4.701660	-0.000135	1.004905	-1.578796	
576	1.004981	0.000072	-4.766113	-0.000072	1.004981	-1.475586	
577	1.004897	0.000089	-4.724243	-0.000089	1.004897	-1.433044	
578	1.004925	0.000054	-4.661987	-0.000054	1.004925	-1.408875	
579	1.005021	0.000052	-4.861694	-0.000052	1.005021	-1.380249	
580	1.005046	0.000057	-4.805420	-0.000057	1.005046	-1.271912	
581	1.004878	0.000079	-4.616089	-0.000079	1.004878	-1.074707	
582	1.004892	0.000133	-4.669434	-0.000133	1.004892	-1.059387	
583	1.005002	0.000140	-4.836670	-0.000140	1.005002	-1.077759	
584	1.005003	0.000238	-4.930664	-0.000238	1.005003	-0.910461	
585	1.004990	0.000061	-4.622559	-0.000061	1.004990	-1.200439	
586	1.004902	0.000031	-4.638184	-0.000031	1.004902	-1.215210	
587	1.005105	0.000260	-4.917725	-0.000260	1.005105	-0.989136	
588	1.004938	0.000128	-4.737854	-0.000128	1.004938	-1.014954	
589	1.004949	0.000212	-4.598206	-0.000212	1.004949	-0.996277	
590	1.004862	0.000165	-4.623169	-0.000165	1.004862	-1.020782	
591	1.004807	0.000136	-4.485352	-0.000136	1.004807	-1.002228	
592	1.005130	0.000056	-4.937378	-0.000056	1.005130	-1.183960	
593	1.005046	-0.000034	-4.677307	0.000034	1.005046	-1.249695	
594	1.004741	-0.000119	-4.292786	0.000119	1.004741	-1.101562	
595	1.004985	-0.000426	-4.332947	0.000426	1.004985	-1.549500	
596	1.005083	-0.000606	-4.522217	0.000606	1.005083	-1.816772	
597	1.004741	-0.000932	-3.945923	0.000932	1.004741	-2.066132	
598	1.005151	-0.001302	-4.054382	0.001302	1.005151	-2.607422	
599	1.004548	-0.001599	-3.199158	0.001599	1.004548	-2.466278	
600	1.004703	-0.002084	-3.083557	0.002084	1.004703	-2.987091	
601	1.004761	-0.002321	-3.088806	0.002321	1.004761	-3.491089	
602	1.005136	-0.002694	-3.252991	0.002694	1.005136	-3.850342	
603	1.004686	-0.003110	-2.451660	0.003110	1.004686	-4.119507	
604	1.004631	-0.003212	-2.321167	0.003212	1.004631	-4.317200	
605	1.004907	-0.003520	-2.463318	0.003520	1.004907	-4.860535	
606	1.004798	-0.003662	-2.216187	0.003662	1.004798	-4.886383	
607	1.004815	-0.003933	-2.155701	0.003933	1.004815	-5.342407	
608	1.004924	-0.003943	-2.342285	0.003943	1.004924	-5.514801	
609	1.005129	-0.004095	-2.471069	0.004095	1.005129	-5.582336	
610	1.004983	-0.004337	-2.080872	0.004337	1.004983	-5.910553	
611	1.004753	-0.004546	-1.652161	0.004546	1.004753	-5.779785	
612	1.005113	-0.004640	-2.003967	0.004640	1.005113	-6.292206	
613	1.004799	-0.004691	-1.670044	0.004691	1.004799	-5.986755	
614	1.004952	-0.004621	-1.962036	0.004621	1.004952	-5.689575	
615	1.005185	-0.004836	-1.949890	0.004836	1.005185	-6.162354	
616	1.004603	-0.005123	-1.199463	0.005123	1.004603	-6.155823	
617	1.004972	-0.005243	-1.311218	0.005243	1.004972	-6.644440	
618	1.004788	-0.005176	-1.360779	0.005176	1.004788	-6.371338	
619	1.004884	-0.005451	-1.196777	0.005451	1.004884	-6.550903	
620	1.004755	-0.005265	-1.052856	0.005265	1.004755	-6.266235	
621	1.005119	-0.005404	-1.737915	0.005404	1.005119	-6.748535	
622	1.004747	-0.005468	-1.099976	0.005468	1.004747	-6.958130	
623	1.004862	-0.005353	-1.217773	0.005353	1.004862	-6.792694	
624	1.004886	-0.005627	-1.187256	0.005627	1.004886	-7.043091	
625	1.004531	-0.005334	-0.923950	0.005334	1.004531	-6.698578	
626	1.004784	-0.005564	-1.106628	0.005564	1.004784	-7.151550	
627	1.004978	-0.005350	-1.387878	0.005350	1.004978	-7.171326	
628	1.004698	-0.005680	-1.000214	0.005680	1.004698	-6.995148	
629	1.005098	-0.005047	-1.556458	0.005047	1.005098	-7.108643	
630	1.005080	-0.004961	-1.753967	0.004961	1.005080	-6.913391	
631	1.005018	-0.005154	-1.522339	0.005154	1.005018	-7.166016	
632	1.004511	-0.006009	-0.851105	0.006009	1.004511	-6.565704	
633	1.005105	-0.005091	-1.583984	0.005091	1.005105	-7.241333	
634	1.005262	-0.005093	-1.777832	0.005093	1.005262	-7.306152	
635	1.004788	-0.005103	-1.292297	0.005103	1.004788	-7.127716	
636	1.005123	-0.004752	-1.981567	0.004752	1.005123	-6.950287	
637	1.004828	-0.004042	-1.923401	0.004042	1.004828	-6.022247	
638	1.004989	-0.004512	-1.875183	0.004512	1.004989	-6.876404	
639	1.004948	-0.003290	-2.789612	0.003290	1.004948	-5.560059	
640	1.005043	-0.003121	-2.867676	0.003121	1.005043	-5.937164	
641	1.005010	-0.002548	-3.216125	0.002548	1.005010	-5.381287	
642	1.005047	-0.002294	-3.444275	0.002294	1.005047	-5.222717	
643	1.005180	-0.001927	-3.560181	0.001927	1.005180	-5.053802	
644	1.005185	-0.001631	-3.940308	0.001631	1.005185	-4.443970	
645	1.005016	-0.000955	-4.112122	0.000955	1.005016	-3.194153	
646	1.004958	-0.001025	-3.640564	0.001025	1.004958	-3.159607	
647	1.004511	-0.002068	-3.048615	0.002068	1.004511	-2.987213	
648	1.005285	-0.001194	-3.972107	0.001194	1.005285	-3.673157	
649	1.004943	-0.000670	-3.699524	0.000670	1.004943	-2.922638	
650	1.004934	-0.000685	-3.689148	0.000685	1.004934	-3.094727	
651	1.005182	-0.000627	-3.778076	0.000627	1.005182	-3.084747	
652	1.004952	-0.000414	-3.442688	0.000414	1.004952	-2.755890	
653	1.005696	-0.001450	-3.247009	0.001450	1.005696	-3.173523	
654	1.004273	0.000668	-2.876709	-0.000668	1.004273	-1.228333	
655	1.005006	0.000216	-3.240234	-0.000216	1.005006	-2.190186	
656	1.005117	0.000162	-3.161102	-0.000162	1.005117	-2.583160	
657	1.005776	-0.002260	-2.286224	0.002260	1.005776	-3.532227	
658	1.005731	-0.001463	-2.437775	0.001463	1.005731	-2.877319	
659	1.004598	-0.001041	-2.164093	0.001041	1.004598	-2.969635	
660	1.005710	-0.001774	-2.052246	0.001774	1.005710	-2.770081	
661	1.004966	0.000226	-2.576965	-0.000226	1.004966	-2.375763	
662	1.004746	0.000153	-2.432129	-0.000153	1.004746	-2.118835	
663	1.005603	0.000260	-3.151245	-0.000260	1.005603	-2.703613	
664	1.004971	0.000108	-2.501404	-0.000108	1.004971	-2.688965	
665	1.004844	0.000255	-2.088806	-0.000255	1.004844	-2.425446	
666	1.004954	0.000280	-2.276917	-0.000280	1.004954	-2.389069	
667	1.005081	0.000067	-2.009705	-0.000067	1.005081	-2.748779	
668	1.004407	-0.000675	-1.134583	0.000675	1.004407	-2.648590	
669	1.005034	0.000099	-1.899536	-0.000099	1.005034	-2.732086	
670	1.003982	0.001079	-1.121521	-0.001079	1.003982	-0.568848	
671	1.005078	-0.000184	-1.546265	0.000184	1.005078	-2.917908	
672	1.004965	0.000409	-1.894226	-0.000409	1.004965	-2.161987	
673	1.004928	0.000340	-1.434448	-0.000340	1.004928	-2.233521	
674	1.004791	0.000004	-1.169067	-0.000004	1.004791	-2.537994	
675	1.004957	0.000091	-1.110840	-0.000091	1.004957	-2.451904	
676	1.004994	0.000171	-1.186157	-0.000171	1.004994	-2.682434	
677	1.004414	-0.000068	-0.229553	0.000068	1.004414	-2.477417	
678	1.004961	0.000177	-0.854980	-0.000177	1.004961	-2.639526	
679	1.004659	0.000062	-0.471802	-0.000062	1.004659	-2.489838	
680	1.004938	-0.000158	-0.532043	0.000158	1.004938	-2.531769	
681	1.004947	0.000299	-0.743164	-0.000299	1.004947	-2.332214	
682	1.004760	0.000130	-0.266602	-0.000130	1.004760	-2.423492	
683	1.005021	0.000169	-0.635193	-0.000169	1.005021	-2.624390	
684	1.004940	0.000032	-0.338806	-0.000032	1.004940	-2.631958	
685	1.005135	0.000204	-0.443542	-0.000204	1.005135	-2.653259	
686	1.005043	0.000161	-0.270813	-0.000161	1.005043	-2.404419	
687	1.005170	0.000034	-0.035339	-0.000034	1.005170	-2.690125	
688	1.005414	0.000271	-0.535706	-0.000271	1.005414	-2.767639	
689	1.004983	0.000024	0.472717	-0.000024	1.004983	-2.665924	
690	1.005373	0.000024	-0.038513	-0.000024	1.005373	-2.675507	
691	1.005120	-0.000154	0.349365	0.000154	1.005120	-2.489227	
692	1.005104	0.000225	0.452820	-0.000225	1.005104	-2.493835	
693	1.004479	-0.000643	1.200439	0.000643	1.004479	-2.670563	
694	1.004420	0.000287	1.432434	-0.000287	1.004420	-2.041016	
695	1.004907	0.000369	0.811035	-0.000369	1.004907	-2.114319	
696	1.005010	0.000294	0.727722	-0.000294	1.005010	-2.304626	
697	1.003999	0.000381	2.207031	-0.000381	1.003999	-1.387634	
698	1.005118	0.000295	0.694885	-0.000295	1.005118	-2.512512	
699	1.004106	0.001639	2.731506	-0.001639	1.004106	-0.205658	
700	1.006062	0.000062	1.427887	-0.000062	1.006062	-3.449280	
701	1.004892	0.000253	1.283203	-0.000253	1.004892	-2.345703	
702	1.004749	0.000158	1.667053	-0.000158	1.004749	-2.284546	
703	1.004803	0.000156	1.775330	-0.000156	1.004803	-2.128937	
704	1.004972	0.000126	1.524536	-0.000126	1.004972	-2.233215	
705	1.004930	0.000314	1.419250	-0.000314	1.004930	-2.046936	
706	1.005472	0.000461	1.841003	-0.000461	1.005472	-2.659180	
707	1.004827	0.000317	1.908325	-0.000317	1.004827	-2.214417	
708	1.005123	0.001026	1.509888	-0.001026	1.005123	-1.925049	
709	1.002578	0.000869	3.710571	-0.000869	1.002578	0.308716	
710	1.003197	-0.000137	3.825439	0.000137	1.003197	-1.845001	
711	1.002793	-0.000157	4.579956	0.000157	1.002793	-1.542847	
712	1.003322	-0.000378	3.921448	0.000378	1.003322	-2.264313	
713	1.003344	0.001078	3.577637	-0.001078	1.003344	-1.313599	
714	1.003058	-0.000386	4.242859	0.000386	1.003058	-2.430756	
715	1.002647	-0.000248	4.549377	0.000248	1.002647	-1.679810	
716	1.003100	-0.000314	4.081482	0.000314	1.003100	-1.908264	
717	1.003098	-0.000223	4.462646	0.000223	1.003098	-1.983856	
718	1.003097	-0.000268	4.248596	0.000268	1.003097	-1.948608	
719	1.000393	0.000696	7.321106	-0.000696	1.000393	-0.214111	
720	1.000119	-0.000351	7.413269	0.000351	1.000119	-0.308044	
721	1.000097	-0.000469	7.587708	0.000469	1.000097	-0.455841	
722	0.999891	0.000336	7.346252	-0.000336	0.999891	0.725677	
723	1.000355	0.000307	6.262329	-0.000307	1.000355	0.419952	
724	1.000242	0.001540	6.007690	-0.001540	1.000242	1.007446	
725	0.999256	0.003449	6.410400	-0.003449	0.999256	4.291779	
726	1.000201	-0.000192	6.738281	0.000192	1.000201	-0.559357	
727	1.000294	-0.000368	7.077637	0.000368	1.000294	-0.604218	
728	1.000421	0.000995	5.045837	-0.000995	1.000421	1.240906	
729	1.000519	0.000882	4.543091	-0.000882	1.000519	1.403809	
730	0.999835	0.000494	5.681519	-0.000494	0.999835	0.944336	
731	1.000234	0.000685	4.543396	-0.000685	1.000234	1.428467	
732	1.000082	-0.000031	5.213257	0.000031	1.000082	-0.000824	
733	0.999637	-0.000762	5.210388	0.000762	0.999637	-0.183990	
734	0.999417	-0.000870	5.532654	0.000870	0.999417	-0.095352	
735	0.999544	-0.000811	4.955322	0.000811	0.999544	-0.331558	
736	1.000505	-0.000364	3.794067	0.000364	1.000505	-0.294037	
737	1.000037	-0.000058	3.237976	0.000058	1.000037	0.298309	
738	0.995360	0.000310	7.705444	-0.000310	0.995360	3.164978	
739	0.995286	0.000087	7.694092	-0.000087	0.995286	2.918182	
740	0.995388	-0.000127	7.619507	0.000127	0.995388	2.643219	
741	0.974397	0.001218	27.898682	-0.001218	0.974397	14.461182	
742	0.974130	0.000054	27.770996	-0.000054	0.974130	13.982758	
743	0.974862	0.001679	26.185791	-0.001679	0.974862	14.485931	
744	0.973940	0.000090	27.269043	-0.000090	0.973940	14.231232	
745	0.974138	0.000958	26.075195	-0.000958	0.974138	15.437927	
746	0.973970	0.000852	26.575073	-0.000852	0.973970	15.155273	
747	0.974706	-0.000874	26.250366	0.000874	0.974706	14.026672	
748	0.974291	-0.000401	26.169678	0.000401	0.974291	14.755035	
749	0.974380	0.000896	25.303406	-0.000896	0.974380	15.183289	
750	0.974246	-0.000320	25.809814	0.000320	0.974246	14.937103	
751	0.973973	0.000261	26.402649	-0.000261	0.973973	14.320770	
752	0.974063	0.000301	26.014648	-0.000301	0.974063	14.258789	
753	0.974702	0.000328	24.873657	-0.000328	0.974702	14.777344	
754	0.974237	0.000640	25.024536	-0.000640	0.974237	15.102814	
755	0.973956	0.000448	25.776978	-0.000448	0.973956	14.542236	
756	0.974113	0.000521	25.257141	-0.000521	0.974113	14.842010	
757	0.974708	0.000018	24.987000	-0.000018	0.974708	14.119446	
758	0.974182	0.000146	25.390625	-0.000146	0.974182	14.341187	
759	0.974160	0.000277	25.275146	-0.000277	0.974160	14.508850	
760	0.974148	0.000128	25.279846	-0.000128	0.974148	14.326843	
761	0.974283	0.000221	25.073425	-0.000221	0.974283	14.094818	
762	0.974133	0.000144	25.245422	-0.000144	0.974133	14.171387	
763	0.974161	-0.000019	25.075623	0.000019	0.974161	13.966095	
764	0.974159	0.000136	25.011414	-0.000136	0.974159	14.032410	
765	0.974061	0.000118	24.987915	-0.000118	0.974061	14.006470	
766	0.974393	0.000374	24.932068	-0.000374	0.974393	14.198517	
767	0.974240	0.000198	24.891663	-0.000198	0.974240	14.205322	
768	0.978310	0.000170	21.089417	-0.000170	0.978310	11.901733	
769	0.999947	0.000091	0.314941	-0.000091	0.999947	0.217316	
770	1.000043	0.000032	0.261475	-0.000032	1.000043	0.045654	
771	0.999989	0.000150	0.161682	-0.000150	0.999989	0.165222	
772	1.000036	0.000069	0.145447	-0.000069	1.000036	0.053467	
773	0.999964	0.000120	0.286865	-0.000120	0.999964	0.225067	
774	1.000049	0.000072	0.162720	-0.000072	1.000049	0.095764	
775	0.999942	0.000018	0.357361	-0.000018	0.999942	0.073242	
776	1.000052	0.000118	0.173401	-0.000118	1.000052	0.161316	
777	0.999912	0.000026	0.396423	-0.000026	0.999912	0.171844	
778	1.000013	0.000136	0.193848	-0.000136	1.000013	0.141113	
779	0.999999	-0.000000	0.167175	0.000000	0.999999	0.130920	
780	0.999957	0.000083	0.259888	-0.000083	0.999957	0.211578	
781	1.000083	0.000102	0.178650	-0.000102	1.000083	0.093292	
782	1.000006	0.000090	0.297363	-0.000090	1.000006	0.015411	
783	1.000019	0.000090	0.171997	-0.000090	1.000019	0.124146	
784	1.000045	0.000076	0.207825	-0.000076	1.000045	0.122192	
785	1.000002	0.000128	0.206360	-0.000128	1.000002	0.170410	
786	0.999991	0.000033	0.235229	-0.000033	0.999991	0.061401	
787	0.999925	-0.000012	0.388550	0.000012	0.999925	0.071899	
788	1.000048	0.000039	0.098511	-0.000039	1.000048	0.048950	
789	0.999965	-0.000160	0.361938	0.000160	0.999965	-0.007294	
790	1.000000	-0.000156	0.397278	0.000156	1.000000	-0.147064	
791	0.999996	-0.000643	0.737427	0.000643	0.999996	-0.670990	
792	1.000011	-0.001536	1.199036	0.001536	1.000011	-1.409088	
793	0.999980	-0.002947	2.170166	0.002947	0.999980	-2.774170	
794	1.000060	-0.004570	3.079712	0.004570	1.000060	-4.255829	
795	0.999899	-0.006727	4.572754	0.006727	0.999899	-6.306915	
796	1.000052	-0.008804	5.765808	0.008804	1.000052	-8.379059	
797	0.999999	-0.010966	7.094788	0.010966	0.999999	-10.493805	
798	0.999975	-0.013490	8.741272	0.013490	0.999975	-12.849091	
799	0.999863	-0.015977	10.357361	0.015977	0.999863	-15.110291	
800	0.999854	-0.018624	11.875244	0.018624	0.999854	-17.644958	
801	0.999689	-0.021226	13.707764	0.021226	0.999689	-20.048828	
802	0.998962	-0.024265	15.583771	0.024265	0.998962	-22.268951	
803	0.999284	-0.026303	16.882141	0.026303	0.999284	-24.357178	
804	0.999136	-0.027772	17.888611	0.027772	0.999136	-26.236816	
805	0.999489	-0.029409	18.902466	0.029409	0.999489	-27.830902	
806	0.998763	-0.030742	19.767761	0.030742	0.998763	-28.780579	
807	0.998603	-0.032861	20.951294	0.032861	0.998603	-30.485809	
808	0.999054	-0.033550	21.630432	0.033550	0.999054	-31.565918	
809	0.998627	-0.035256	22.240906	0.035256	0.998627	-32.542755	
810	0.999500	-0.034040	22.138855	0.034040	0.999500	-32.353821	
811	0.999638	-0.034320	21.858826	0.034320	0.999638	-32.395386	
812	1.000181	-0.035120	21.185974	0.035120	1.000181	-33.481506	
813	0.999362	-0.036071	22.596497	0.036071	0.999362	-33.981140	
814	1.000644	-0.036841	21.657532	0.036841	1.000644	-35.025635	
815	0.999348	-0.036290	22.541321	0.036290	0.999348	-34.094604	
816	0.999564	-0.036449	22.665344	0.036449	0.999564	-34.487000	
817	0.999523	-0.037684	23.187317	0.037684	0.999523	-35.411407	
818	1.000038	-0.037738	22.557251	0.037738	1.000038	-36.568939	
819	0.999268	-0.037063	23.464478	0.037063	0.999268	-36.093262	
820	1.000891	-0.038818	21.757690	0.038818	1.000891	-39.225067	
821	1.000386	-0.037877	21.972656	0.037877	1.000386	-38.361694	
822	1.001369	-0.037673	20.681763	0.037673	1.001369	-38.261200	
823	0.999695	-0.036991	23.046631	0.036991	0.999695	-36.909149	
824	0.999927	-0.036010	21.926025	0.036010	0.999927	-36.002991	
825	0.999509	-0.036632	22.726440	0.036632	0.999509	-36.240936	
826	0.999756	-0.035859	22.015686	0.035859	0.999756	-35.564575	
827	0.999644	-0.037158	23.107666	0.037158	0.999644	-36.724792	
828	1.000407	-0.037123	21.615479	0.037123	1.000407	-37.136719	
829	0.999742	-0.036314	22.296509	0.036314	0.999742	-35.822174	
830	1.000243	-0.037211	22.322510	0.037211	1.000243	-36.875031	
831	1.000699	-0.036710	21.146240	0.036710	1.000699	-36.267792	
832	0.999693	-0.036501	22.273499	0.036501	0.999693	-35.790405	
833	1.000368	-0.037566	21.724854	0.037566	1.000368	-36.997711	
834	1.000118	-0.036830	21.905640	0.036830	1.000118	-36.238098	
835	0.999680	-0.036812	22.514587	0.036812	0.999680	-36.193756	
836	1.000145	-0.035928	21.447632	0.035928	1.000145	-35.578735	
837	0.999730	-0.036615	22.113892	0.036615	0.999730	-36.324554	
838	1.000190	-0.037104	21.818481	0.037104	1.000190	-37.106445	
839	1.000051	-0.036810	21.838379	0.036810	1.000051	-36.508881	
840	1.000281	-0.037550	21.871582	0.037550	1.000281	-37.493652	
841	1.000194	-0.037132	21.810181	0.037132	1.000194	-36.911163	
842	0.999803	-0.037149	22.325684	0.037149	0.999803	-36.596252	
843	1.000067	-0.037103	21.870850	0.037103	1.000067	-36.728760	
844	1.000290	-0.036740	21.344727	0.036740	1.000290	-36.092834	
845	1.000276	-0.037858	22.045044	0.037858	1.000276	-37.485657	
846	1.000152	-0.037348	22.031738	0.037348	1.000152	-36.756287	
847	0.999803	-0.036491	21.877319	0.036491	0.999803	-35.861084	
848	0.999589	-0.036932	22.466553	0.036932	0.999589	-36.237854	
849	0.999642	-0.036655	22.183105	0.036655	0.999642	-36.145325	
850	0.999531	-0.036684	22.404846	0.036684	0.999531	-36.011230	
851	0.999496	-0.036955	22.560059	0.036955	0.999496	-35.698792	
852	1.000174	-0.036691	21.663086	0.036691	1.000174	-35.530457	
853	0.999988	-0.037014	22.021362	0.037014	0.999988	-35.018066	
854	0.999903	-0.037234	22.490356	0.037234	0.999903	-34.508942	
855	0.999733	-0.037027	22.445801	0.037027	0.999733	-33.224304	
856	0.999751	-0.037206	22.720093	0.037206	0.999751	-32.485809	
857	0.999636	-0.037303	23.067139	0.037303	0.999636	-31.741577	
858	0.999618	-0.036993	22.934082	0.036993	0.999618	-30.960999	
859	0.999420	-0.037265	23.528687	0.037265	0.999420	-30.359863	
860	0.999596	-0.037478	23.754517	0.037478	0.999596	-30.057312	
861	0.999477	-0.036948	23.618774	0.036948	0.999477	-28.148010	
862	0.999590	-0.038386	24.666504	0.038386	0.999590	-29.848419	
863	0.999744	-0.037528	24.536377	0.037528	0.999744	-29.241119	
864	1.002421	-0.035667	19.948242	0.035667	1.002421	-28.469086	
865	1.000748	-0.036788	23.810303	0.036788	1.000748	-28.395569	
866	1.000425	-0.036982	24.811646	0.036982	1.000425	-26.948517	
867	0.999001	-0.037898	27.905151	0.037898	0.999001	-26.840576	
868	0.999909	-0.036993	26.815430	0.036993	0.999909	-25.948303	
869	1.000967	-0.037527	25.854736	0.037527	1.000967	-26.744507	
870	1.000444	-0.036481	26.162842	0.036481	1.000444	-25.766602	
871	1.002446	-0.039095	25.344849	0.039095	1.002446	-30.199097	
872	1.004781	-0.037553	20.808228	0.037553	1.004781	-29.168091	
873	1.001496	-0.037370	27.585449	0.037370	1.001496	-26.372742	
874	0.999216	-0.036813	28.741211	0.036813	0.999216	-25.011719	
875	0.998313	-0.037035	30.040283	0.037035	0.998313	-24.788025	
876	0.998135	-0.036484	30.093140	0.036484	0.998135	-24.447510	
877	0.999720	-0.037093	29.515869	0.037093	0.999720	-25.556763	
878	1.000039	-0.036950	29.182251	0.036950	1.000039	-25.682922	
879	0.998738	-0.036904	30.605713	0.036904	0.998738	-24.976929	
880	1.008572	-0.038445	20.434204	0.038445	1.008572	-34.069458	
881	1.001355	-0.036227	28.588623	0.036227	1.001355	-25.364685	
882	0.999857	-0.035617	29.629150	0.035617	0.999857	-23.983826	
883	0.995312	-0.035242	32.950455	0.035242	0.995312	-19.092712	
884	1.001122	-0.030431	24.771729	0.030431	1.001122	-18.947937	
885	1.000646	-0.026444	22.458984	0.026444	1.000646	-14.735107	
886	0.997599	-0.024061	23.332184	0.024061	0.997599	-9.431091	
887	0.997831	-0.019232	19.368225	0.019232	0.997831	-6.079651	
888	0.998008	-0.016182	16.517242	0.016182	0.998008	-3.276215	
889	0.998396	-0.014899	15.370148	0.014899	0.998396	-1.761261	
890	0.999126	-0.013415	13.908356	0.013415	0.999126	-0.653625	
891	0.998798	-0.011715	12.363220	0.011715	0.998798	1.288879	
892	0.998693	-0.009541	10.410553	0.009541	0.998693	3.309784	
893	0.999613	-0.007942	8.380219	0.007942	0.999613	4.687500	
894	1.000075	-0.006469	6.527679	0.006469	1.000075	5.904663	
895	1.000317	-0.004570	4.506897	0.004570	1.000317	7.665833	
896	1.000472	-0.002780	2.501221	0.002780	1.000472	9.123291	
897	1.000533	-0.001686	1.319885	0.001686	1.000533	10.243164	
898	1.000844	-0.000297	-0.235901	0.000297	1.000844	11.403259	
899	1.001403	-0.000238	-0.938202	0.000238	1.001403	11.670105	
900	1.001186	0.001672	-2.911377	-0.001672	1.001186	13.139404	
901	1.001409	0.002508	-4.107544	-0.002508	1.001409	13.724792	
902	0.998905	-0.002522	-0.797592	0.002522	0.998905	15.458038	
903	1.001550	0.003776	-5.938538	-0.003776	1.001550	14.700439	
904	1.000945	0.004116	-5.615723	-0.004116	1.000945	15.458923	
905	0.998761	0.004657	-3.503357	-0.004657	0.998761	17.284760	
906	1.001574	0.004301	-7.817474	-0.004301	1.001574	16.709656	
907	1.001802	0.006184	-9.467529	-0.006184	1.001802	16.941528	
908	0.999702	0.006302	-6.763062	-0.006302	0.999702	18.394440	
909	1.002716	0.005123	-9.964264	-0.005123	1.002716	17.230652	
910	0.999685	0.006951	-7.753113	-0.006951	0.999685	18.948303	
911	0.999180	0.006948	-7.318726	-0.006948	0.999180	19.180481	
912	0.999520	0.007357	-8.598267	-0.007357	0.999520	19.437561	
913	0.999924	0.008458	-10.027344	-0.008458	0.999924	20.555084	
914	0.999650	0.007892	-9.451599	-0.007892	0.999650	19.740784	
915	0.999594	0.007897	-9.697266	-0.007897	0.999594	19.914520	
916	0.999619	0.007916	-9.923523	-0.007916	0.999619	19.504303	
917	0.999477	0.008101	-10.130127	-0.008101	0.999477	19.657501	
918	0.999655	0.008654	-11.066589	-0.008654	0.999655	20.161652	
919	0.999585	0.008702	-11.494507	-0.008702	0.999585	20.208160	
920	0.999923	0.009052	-12.106018	-0.009052	0.999923	20.142090	
921	0.999841	0.008818	-12.174866	-0.008818	0.999841	19.903137	
922	1.000203	0.009025	-12.429199	-0.009025	1.000203	19.896088	
923	1.000252	0.009050	-13.054871	-0.009050	1.000252	19.608612	
924	1.000312	0.008795	-13.211182	-0.008795	1.000312	19.289368	
925	1.000877	0.008147	-12.772522	-0.008147	1.000877	18.707825	
926	1.000774	0.007726	-12.034485	-0.007726	1.000774	17.979614	
927	1.000436	0.006784	-10.104736	-0.006784	1.000436	17.040619	
928	1.000589	0.005811	-8.743164	-0.005811	1.000589	16.314331	
929	1.000277	0.004736	-7.114136	-0.004736	1.000277	15.506622	
930	0.998724	0.003892	-5.627197	-0.003892	0.998724	14.917358	
931	0.998760	0.002595	-4.729004	-0.002595	0.998760	14.248520	
932	1.000061	0.003226	-5.033081	-0.003226	1.000061	13.774567	
933	0.999445	0.002327	-4.102600	-0.002327	0.999445	13.143829	
934	0.998765	0.001631	-3.132874	-0.001631	0.998765	12.811539	
935	0.998899	0.001399	-2.855103	-0.001399	0.998899	12.553055	
936	0.999193	0.001393	-2.452209	-0.001393	0.999193	12.149506	
937	0.998778	0.000837	-1.623657	-0.000837	0.998778	11.909500	
938	0.999376	0.000898	-1.378540	-0.000898	0.999376	11.375702	
939	0.998916	0.000288	-0.547180	-0.000288	0.998916	11.091949	
940	0.998777	0.000159	0.113708	-0.000159	0.998777	10.554581	
941	0.999207	0.000017	0.300537	-0.000017	0.999207	10.023071	
942	0.999216	-0.000001	0.544373	0.000001	0.999216	10.199783	
943	0.999137	0.000057	0.816956	-0.000057	0.999137	10.272842	
944	0.999303	-0.000003	0.739075	0.000003	0.999303	10.380997	
945	0.999129	-0.000282	0.649841	0.000282	0.999129	10.007111	
946	0.998862	-0.000312	0.991394	0.000312	0.998862	10.254898	
947	0.999100	-0.000609	0.668457	0.000609	0.999100	9.646057	
948	0.999400	-0.000658	0.683899	0.000658	0.999400	9.587891	
949	0.999157	-0.000605	0.810303	0.000605	0.999157	9.730865	
950	0.999143	-0.000765	1.037354	0.000765	0.999143	9.814178	
951	0.998856	-0.000481	1.190125	0.000481	0.998856	10.233551	
952	0.999820	-0.000445	0.371460	0.000445	0.999820	9.985535	
953	0.999418	-0.000628	0.591431	0.000628	0.999418	10.174225	
954	0.999542	-0.000304	0.444824	0.000304	0.999542	10.359558	
955	0.999078	-0.000540	0.834473	0.000540	0.999078	10.338074	
956	0.999510	-0.000476	0.413757	0.000476	0.999510	10.292786	
957	0.999549	-0.000586	0.487305	0.000586	0.999549	10.210297	
958	0.998352	-0.000453	1.470947	0.000453	0.998352	10.947266	
959	0.998731	-0.000436	1.218811	0.000436	0.998731	10.954285	
960	0.999603	-0.000279	0.379517	0.000279	0.999603	10.554535	
961	0.999721	-0.000553	0.166687	0.000553	0.999721	10.481750	
962	1.000411	-0.000304	-0.411194	0.000304	1.000411	10.338287	
963	0.997842	0.000012	1.986267	-0.000012	0.997842	12.021362	
964	0.997962	0.000128	1.889282	-0.000128	0.997962	12.026245	
965	0.998520	0.000078	1.674683	-0.000078	0.998520	11.903748	
966	0.998778	-0.000415	1.151550	0.000415	0.998778	11.356812	
967	0.999972	-0.000235	0.005127	0.000235	0.999972	10.563934	
968	0.998032	0.000231	1.681458	-0.000231	0.998032	11.883270	
969	0.998191	0.000391	1.584534	-0.000391	0.998191	11.994415	
970	0.998184	-0.000077	1.589539	0.000077	0.998184	11.918915	
971	0.998037	0.000541	1.757751	-0.000541	0.998037	12.512268	
972	0.998424	0.000133	1.466187	-0.000133	0.998424	12.320923	
973	0.998287	0.000048	1.667542	-0.000048	0.998287	12.281006	
974	0.998656	-0.000237	1.133484	0.000237	0.998656	11.519165	
975	0.998474	0.000249	1.407532	-0.000249	0.998474	11.776428	
976	0.998646	-0.000023	1.323303	0.000023	0.998646	10.954987	
977	0.999896	-0.000182	0.162476	0.000182	0.999896	9.351532	
978	0.998835	-0.000612	1.175842	0.000612	0.998835	9.089844	
979	0.999780	-0.000504	0.372803	0.000504	0.999780	7.520233	
980	0.999577	-0.000290	0.388367	0.000290	0.999577	6.610657	
981	0.999574	-0.000481	0.322021	0.000481	0.999574	5.454590	
982	0.999963	-0.000137	0.047302	0.000137	0.999963	4.394745	
983	1.000094	-0.000108	0.034302	0.000108	1.000094	3.452515	
984	1.000134	-0.000097	-0.089600	0.000097	1.000134	2.904541	
985	1.000118	0.000002	-0.158508	-0.000002	1.000118	2.627930	
986	1.000015	-0.000013	-0.058105	0.000013	1.000015	1.977875	
987	1.000051	-0.000020	-0.054443	0.000020	1.000051	1.494507	
988	1.000036	0.000035	0.035706	-0.000035	1.000036	1.140900	
989	1.000076	0.000018	-0.041626	-0.000018	1.000076	0.663239	
990	1.000099	-0.000009	-0.086487	0.000009	1.000099	0.121307	
991	1.000094	-0.000004	-0.058899	0.000004	1.000094	0.046021	
992	1.000170	0.000041	-0.094604	-0.000041	1.000170	0.065369	
993	1.000101	0.000062	-0.075500	-0.000062	1.000101	0.131042	
994	1.000176	0.000024	-0.076050	-0.000024	1.000176	0.092682	
995	1.000029	0.000018	-0.040955	-0.000018	1.000029	0.040436	
996	1.000211	0.000031	-0.101440	-0.000031	1.000211	-0.042572	
997	1.000066	0.000029	-0.090393	-0.000029	1.000066	-0.042358	
998	1.000246	0.000015	-0.140015	-0.000015	1.000246	-0.314880	
999	1.000173	0.000065	-0.113342	-0.000065	1.000173	-0.427948	
1000	1.000225	0.000019	-0.207581	-0.000019	1.000225	-0.693604	
1001	1.000091	0.000067	-0.116333	-0.000067	1.000091	-0.729980	
1002	1.000177	0.000030	-0.173035	-0.000030	1.000177	-0.889557	
1003	1.000166	0.000025	-0.127136	-0.000025	1.000166	-0.930450	
1004	1.000186	0.000067	-0.283997	-0.000067	1.000186	-0.898712	
1005	1.000191	0.000063	-0.197815	-0.000063	1.000191	-1.059723	
1006	1.000122	0.000082	-0.151550	-0.000082	1.000122	-1.048401	
1007	1.000199	0.000024	-0.144836	-0.000024	1.000199	-1.140503	
1008	1.000221	0.000061	-0.267761	-0.000061	1.000221	-1.280182	
1009	1.000186	0.000047	-0.182861	-0.000047	1.000186	-1.295258	
1010	1.000185	0.000066	-0.285339	-0.000066	1.000185	-1.385803	
1011	1.000286	0.000020	-0.190063	-0.000020	1.000286	-1.472992	
1012	1.000241	0.000116	-0.267883	-0.000116	1.000241	-1.444336	
1013	1.000154	0.000045	-0.140320	-0.000045	1.000154	-1.492920	
1014	1.000301	0.000123	-0.416382	-0.000123	1.000301	-1.556793	
1015	1.000210	0.000076	-0.236633	-0.000076	1.000210	-1.550354	
1016	1.000457	0.000078	-0.403137	-0.000078	1.000457	-1.751587	
1017	1.000282	0.000056	-0.218323	-0.000056	1.000282	-1.697418	
1018	1.000344	0.000102	-0.362610	-0.000102	1.000344	-1.786499	
1019	1.000305	0.000011	-0.198730	-0.000011	1.000305	-1.830475	
1020	1.000320	0.000190	-0.436890	-0.000190	1.000320	-1.737000	
1021	1.000256	0.000058	-0.241882	-0.000058	1.000256	-1.850037	
1022	1.000373	0.000112	-0.416260	-0.000112	1.000373	-1.828003	
1023	1.000237	0.000090	-0.185791	-0.000090	1.000237	-1.730164	
1024	1.000379	0.000056	-0.432251	-0.000056	1.000379	-1.978729	
1025	1.000297	0.000034	-0.233398	-0.000034	1.000297	-1.785400	
1026	1.000450	0.000106	-0.456604	-0.000106	1.000450	-1.855011	
1027	1.000296	0.000017	-0.292908	-0.000017	1.000296	-1.809265	
1028	1.000477	0.000039	-0.418152	-0.000039	1.000477	-1.937775	
1029	1.000273	0.000083	-0.244507	-0.000083	1.000273	-1.661102	
1030	1.000474	0.000055	-0.450806	-0.000055	1.000474	-1.943176	
1031	1.000321	0.000057	-0.324280	-0.000057	1.000321	-1.781036	
1032	1.000504	0.000064	-0.502319	-0.000064	1.000504	-1.962341	
1033	1.000332	0.000068	-0.361511	-0.000068	1.000332	-1.754883	
1034	1.000521	0.000088	-0.461792	-0.000088	1.000521	-1.954803	
1035	1.000356	0.000034	-0.287415	-0.000034	1.000356	-1.804291	
1036	1.000453	0.000072	-0.430542	-0.000072	1.000453	-2.007996	
1037	1.000372	0.000056	-0.351807	-0.000056	1.000372	-2.060669	
1038	1.000517	0.000058	-0.541016	-0.000058	1.000517	-2.235992	
1039	1.000466	0.000088	-0.420837	-0.000088	1.000466	-2.183136	
1040	1.000419	0.000101	-0.503174	-0.000101	1.000419	-2.328430	
1041	1.000481	0.000086	-0.566040	-0.000086	1.000481	-2.401428	
1042	1.000488	0.000148	-0.547546	-0.000148	1.000488	-2.467957	
1043	1.000448	0.000109	-0.464600	-0.000109	1.000448	-2.513184	
1044	1.000603	0.000118	-0.546753	-0.000118	1.000603	-2.630493	
1045	1.000451	0.000148	-0.459229	-0.000148	1.000451	-2.710205	
1046	1.000549	0.000112	-0.531311	-0.000112	1.000549	-2.837677	
1047	1.000497	0.000148	-0.546692	-0.000148	1.000497	-2.836273	
1048	1.000611	0.000045	-0.548828	-0.000045	1.000611	-2.972107	
1049	1.000512	0.000129	-0.509827	-0.000129	1.000512	-2.936584	
1050	1.000551	0.000131	-0.600281	-0.000131	1.000551	-3.014801	
1051	1.000608	0.000072	-0.546631	-0.000072	1.000608	-3.149078	
1052	1.000537	0.000151	-0.570435	-0.000151	1.000537	-3.050385	
1053	1.000710	0.000073	-0.655945	-0.000073	1.000710	-3.328522	
1054	1.000605	0.000174	-0.655701	-0.000174	1.000605	-3.186646	
1055	1.000664	0.000032	-0.633240	-0.000032	1.000664	-3.300293	
1056	1.000684	0.000067	-0.661560	-0.000067	1.000684	-3.331207	
1057	1.000668	0.000048	-0.660339	-0.000048	1.000668	-3.312378	
1058	1.000751	0.000100	-0.801880	-0.000100	1.000751	-3.431152	
1059	1.000732	0.000076	-0.672302	-0.000076	1.000732	-3.426758	
1060	1.000884	0.000082	-0.867798	-0.000082	1.000884	-3.646820	
1061	1.000718	0.000022	-0.693542	-0.000022	1.000718	-3.554657	
1062	1.000892	0.000162	-0.925354	-0.000162	1.000892	-3.706848	
1063	1.000807	0.000004	-0.729797	-0.000004	1.000807	-3.694702	
1064	1.000910	0.000091	-0.906982	-0.000091	1.000910	-3.858459	
1065	1.000901	0.000061	-0.835266	-0.000061	1.000901	-3.811157	
1066	1.001031	0.000037	-1.026062	-0.000037	1.001031	-3.875122	
1067	1.000871	0.000034	-0.732361	-0.000034	1.000871	-3.710266	
1068	1.000913	-0.000109	-0.896362	0.000109	1.000913	-4.019104	
1069	1.000973	-0.000148	-0.863281	0.000148	1.000973	-4.106903	
1070	1.000940	0.000064	-0.879517	-0.000064	1.000940	-3.849274	
1071	1.001051	-0.000062	-1.035706	0.000062	1.001051	-4.087952	
1072	1.000907	0.000153	-0.858398	-0.000153	1.000907	-3.744110	
1073	1.001019	0.000002	-1.074768	-0.000002	1.001019	-4.057922	
1074	1.000928	0.000174	-0.874207	-0.000174	1.000928	-3.979706	
1075	1.001084	0.000099	-1.020325	-0.000099	1.001084	-3.797577	
1076	1.000973	0.000008	-0.967041	-0.000008	1.000973	-3.565277	
1077	1.000905	0.000033	-0.876526	-0.000033	1.000905	-3.441071	
1078	1.000919	0.000047	-0.924377	-0.000047	1.000919	-3.319031	
1079	1.001023	-0.000040	-0.924805	0.000040	1.001023	-3.298615	
1080	1.000876	0.000129	-0.958984	-0.000129	1.000876	-3.178558	
1081	1.000991	0.000045	-0.832275	-0.000045	1.000991	-3.081024	
1082	1.000918	0.000061	-0.898315	-0.000061	1.000918	-3.201996	
1083	1.001046	0.000087	-0.971497	-0.000087	1.001046	-3.026703	
1084	1.000838	0.000069	-0.789062	-0.000069	1.000838	-3.004730	
1085	1.000981	0.000103	-1.015015	-0.000103	1.000981	-3.024109	
1086	1.000925	0.000071	-0.892273	-0.000071	1.000925	-3.026642	
1087	1.000984	0.000023	-0.942932	-0.000023	1.000984	-3.063232	
1088	1.000963	0.000082	-0.945557	-0.000082	1.000963	-2.934204	
1089	1.001001	0.000068	-0.949829	-0.000068	1.001001	-2.929321	
1090	1.001009	0.000039	-1.054077	-0.000039	1.001009	-2.980316	
1091	1.000863	0.000159	-0.876831	-0.000159	1.000863	-2.777130	
1092	1.001028	-0.000026	-0.914917	0.000026	1.001028	-2.908051	
1093	1.000904	0.000156	-0.894836	-0.000156	1.000904	-2.772980	
1094	1.001085	0.000029	-0.987915	-0.000029	1.001085	-2.844788	
1095	1.000837	0.000133	-0.919128	-0.000133	1.000837	-2.717041	
1096	1.001028	0.000047	-0.943909	-0.000047	1.001028	-2.786011	
1097	1.000920	0.000106	-0.985107	-0.000106	1.000920	-2.584778	
1098	1.000993	0.000081	-0.899353	-0.000081	1.000993	-2.727173	
1099	1.000883	0.000091	-0.992249	-0.000091	1.000883	-2.679749	
1100	1.001000	0.000012	-0.957886	-0.000012	1.001000	-2.703674	
1101	1.000895	0.000139	-1.009033	-0.000139	1.000895	-2.526031	
1102	1.001025	0.000018	-0.938904	-0.000018	1.001025	-2.603699	
1103	1.000907	0.000171	-0.941528	-0.000171	1.000907	-2.533936	
1104	1.000909	0.000077	-0.974670	-0.000077	1.000909	-2.543945	
1105	1.000906	0.000086	-0.940857	-0.000086	1.000906	-2.597351	
1106	1.000997	0.000077	-1.041565	-0.000077	1.000997	-2.541748	
1107	1.000898	0.000150	-0.928223	-0.000150	1.000898	-2.518707	
1108	1.001073	0.000063	-1.005188	-0.000063	1.001073	-2.552643	
1109	1.000981	0.000091	-1.075195	-0.000091	1.000981	-2.592896	
1110	1.001072	0.000017	-0.987427	-0.000017	1.001072	-2.633942	
1111	1.000926	0.000181	-1.005737	-0.000181	1.000926	-2.571533	
1112	1.001067	0.000050	-0.982056	-0.000050	1.001067	-2.589386	
1113	1.001009	0.000100	-1.040283	-0.000100	1.001009	-2.640045	
1114	1.001069	0.000063	-1.016296	-0.000063	1.001069	-2.621613	
1115	1.000993	0.000129	-1.003784	-0.000129	1.000993	-2.650269	
1116	1.000969	0.000047	-0.918884	-0.000047	1.000969	-2.622101	
1117	1.000960	0.000189	-1.044617	-0.000189	1.000960	-2.587982	
1118	1.001018	0.000003	-0.918945	-0.000003	1.001018	-2.749512	
1119	1.000983	0.000136	-0.968018	-0.000136	1.000983	-2.718262	
1120	1.001042	0.000123	-0.983704	-0.000123	1.001042	-2.784912	
1121	1.000978	0.000106	-0.997925	-0.000106	1.000978	-2.760681	
1122	1.000974	0.000022	-0.953796	-0.000022	1.000974	-2.826050	
1123	1.001031	0.000074	-1.053772	-0.000074	1.001031	-2.819519	
1124	1.001117	0.000004	-0.987000	-0.000004	1.001117	-2.838440	
1125	1.000967	0.000132	-0.960022	-0.000132	1.000967	-2.764252	
1126	1.001116	0.000019	-1.034241	-0.000019	1.001116	-2.740112	
1127	1.000902	0.000169	-1.031006	-0.000169	1.000902	-2.640778	
1128	1.001132	0.000016	-1.035400	-0.000016	1.001132	-2.675293	
1129	1.000963	0.000131	-1.036865	-0.000131	1.000963	-2.622589	
1130	1.001136	0.000135	-1.122559	-0.000135	1.001136	-2.511078	
1131	1.001008	0.000210	-1.162842	-0.000210	1.001008	-2.450928	
1132	1.000948	0.000181	-1.148132	-0.000181	1.000948	-2.434387	
1133	1.001025	0.000128	-1.106689	-0.000128	1.001025	-2.306030	
1134	1.000981	0.000362	-1.260620	-0.000362	1.000981	-2.188721	
1135	1.001053	0.000219	-1.319641	-0.000219	1.001053	-2.326782	
1136	1.001027	0.000223	-1.268799	-0.000223	1.001027	-2.357483	
1137	1.001005	0.000244	-1.315857	-0.000244	1.001005	-2.289459	
1138	1.001004	0.000238	-1.289490	-0.000238	1.001004	-2.268951	
1139	1.001000	0.000298	-1.393127	-0.000298	1.001000	-2.337616	
1140	1.001004	0.000151	-1.186401	-0.000151	1.001004	-2.398285	
1141	1.001050	0.000240	-1.317627	-0.000240	1.001050	-2.362183	
1142	1.001056	0.000175	-1.231689	-0.000175	1.001056	-2.322449	
1143	1.001009	0.000212	-1.157654	-0.000212	1.001009	-2.329712	
1144	1.001147	0.000209	-1.321777	-0.000209	1.001147	-2.381134	
1145	1.001002	0.000170	-1.121155	-0.000170	1.001002	-2.467224	
1146	1.001107	0.000250	-1.308228	-0.000250	1.001107	-2.354309	
1147	1.000944	0.000173	-1.033020	-0.000173	1.000944	-2.438782	
1148	1.001046	0.000188	-1.160889	-0.000188	1.001046	-2.446167	
1149	1.000931	0.000292	-1.033142	-0.000292	1.000931	-2.439911	
1150	1.001155	0.000190	-1.267151	-0.000190	1.001155	-2.510254	
1151	1.001104	0.000049	-1.067810	-0.000049	1.001104	-2.523499	
1152	1.001112	0.000064	-1.175903	-0.000064	1.001112	-2.654663	
1153	1.001023	0.000225	-1.127808	-0.000225	1.001023	-2.581757	
1154	1.001058	0.000096	-1.013245	-0.000096	1.001058	-2.829376	
1155	1.001040	0.000240	-1.131714	-0.000240	1.001040	-2.720978	
1156	1.001097	0.000112	-1.107361	-0.000112	1.001097	-2.726410	
1157	1.001136	0.000132	-1.237427	-0.000132	1.001136	-2.659668	
1158	1.001070	0.000127	-1.124023	-0.000127	1.001070	-2.717010	
1159	1.001096	0.000195	-1.166199	-0.000195	1.001096	-2.697662	
1160	1.001067	0.000157	-1.184021	-0.000157	1.001067	-2.652161	
1161	1.001177	0.000076	-1.239441	-0.000076	1.001177	-2.690887	
1162	1.001023	0.000231	-1.193054	-0.000231	1.001023	-2.577728	
1163	1.001172	0.000078	-1.206604	-0.000078	1.001172	-2.746521	
1164	1.001088	0.000202	-1.168701	-0.000202	1.001088	-2.704712	
1165	1.001121	0.000130	-1.084290	-0.000130	1.001121	-2.700897	
1166	1.001209	0.000132	-1.292175	-0.000132	1.001209	-2.690674	
1167	1.001013	0.000096	-0.983459	-0.000096	1.001013	-2.574982	
1168	1.001153	0.000057	-1.133972	-0.000057	1.001153	-2.705750	
1169	1.001107	-0.000012	-1.061707	0.000012	1.001107	-2.750946	
1170	1.001142	0.000094	-1.238342	-0.000094	1.001142	-2.706787	
1171	1.001091	0.000114	-1.039612	-0.000114	1.001091	-2.685364	
1172	1.001173	-0.000131	-1.150818	0.000131	1.001173	-2.885773	
1173	1.001123	0.000014	-1.043274	-0.000014	1.001123	-2.605865	
1174	1.001167	-0.000052	-1.098022	0.000052	1.001167	-2.592865	
1175	1.001184	0.000076	-1.115906	-0.000076	1.001184	-2.464020	
1176	1.001095	0.000038	-1.077332	-0.000038	1.001095	-2.606049	
1177	1.001179	-0.000132	-0.998352	0.000132	1.001179	-2.848053	
1178	1.001165	-0.000010	-1.123718	0.000010	1.001165	-2.666229	
1179	1.001018	-0.000049	-0.855408	0.000049	1.001018	-2.719666	
1180	1.001261	-0.000047	-1.200378	0.000047	1.001261	-2.783539	
1181	1.001099	0.000151	-0.974426	-0.000151	1.001099	-2.600067	
1182	1.001197	0.000064	-1.107910	-0.000064	1.001197	-2.703278	
1183	1.001163	0.000141	-0.969360	-0.000141	1.001163	-2.591522	
1184	1.001161	0.000129	-1.111084	-0.000129	1.001161	-2.342896	
1185	1.001107	0.000094	-0.977478	-0.000094	1.001107	-2.320557	
1186	1.001139	0.000103	-0.989990	-0.000103	1.001139	-2.336212	
1187	1.001158	0.000167	-1.103088	-0.000167	1.001158	-2.264114	
1188	1.001165	0.000124	-1.107056	-0.000124	1.001165	-2.302917	
1189	1.001124	0.000041	-0.906616	-0.000041	1.001124	-2.353714	
1190	1.001256	0.000236	-1.220520	-0.000236	1.001256	-2.120453	
1191	1.001215	0.000067	-1.058960	-0.000067	1.001215	-2.432831	
1192	1.001125	0.000144	-0.981873	-0.000144	1.001125	-2.282898	
1193	1.001215	0.000111	-1.033569	-0.000111	1.001215	-2.356918	
1194	1.001209	0.000270	-1.172852	-0.000270	1.001209	-2.172668	
1195	1.001271	0.000238	-1.152588	-0.000238	1.001271	-2.136612	
1196	1.001184	0.000114	-1.050293	-0.000114	1.001184	-2.267319	
1197	1.001266	0.000127	-1.115051	-0.000127	1.001266	-2.226578	
1198	1.001217	0.000120	-1.011414	-0.000120	1.001217	-2.360199	
1199	1.001242	0.000255	-1.048340	-0.000255	1.001242	-2.079712	
1200	1.001183	0.000169	-0.945801	-0.000169	1.001183	-2.206772	
1201	1.001177	0.000089	-1.112488	-0.000089	1.001177	-2.334595	
1202	1.001340	0.000049	-1.128662	-0.000049	1.001340	-2.372559	
1203	1.001215	0.000261	-1.104980	-0.000261	1.001215	-2.151947	
1204	1.001334	0.000212	-1.160522	-0.000212	1.001334	-2.248978	
1205	1.001345	0.000173	-1.195251	-0.000173	1.001345	-2.173340	
1206	1.001243	0.000236	-1.143921	-0.000236	1.001243	-2.154297	
1207	1.001213	0.000176	-0.939270	-0.000176	1.001213	-2.101639	
1208	1.001220	0.000250	-1.057861	-0.000250	1.001220	-2.022339	
1209	1.001326	0.000157	-1.205627	-0.000157	1.001326	-2.129410	
1210	1.001197	0.000146	-1.016052	-0.000146	1.001197	-2.254456	
1211	1.001176	0.000179	-0.988770	-0.000179	1.001176	-2.145645	
1212	1.001283	0.000177	-1.095886	-0.000177	1.001283	-1.963928	
1213	1.001154	0.000291	-1.040833	-0.000291	1.001154	-1.999573	
1214	1.001348	0.000150	-1.140320	-0.000150	1.001348	-2.101654	
1215	1.001144	0.000142	-0.945312	-0.000142	1.001144	-1.981964	
1216	1.001321	0.000267	-1.169189	-0.000267	1.001321	-1.976501	
1217	1.001219	0.000052	-0.983582	-0.000052	1.001219	-2.169128	
1218	1.001186	0.000177	-0.972900	-0.000177	1.001186	-2.065247	
1219	1.001250	0.000106	-1.026306	-0.000106	1.001250	-2.231262	
1220	1.001339	0.000073	-1.185852	-0.000073	1.001339	-2.258667	
1221	1.001281	0.000181	-1.090759	-0.000181	1.001281	-2.140045	
1222	1.001285	0.000246	-1.129089	-0.000246	1.001285	-1.980316	
1223	1.001362	0.000104	-1.184326	-0.000104	1.001362	-2.174500	
1224	1.001211	0.000179	-1.094116	-0.000179	1.001211	-2.059540	
1225	1.001301	-0.000027	-1.058044	0.000027	1.001301	-2.275543	
1226	1.001329	0.000272	-1.211426	-0.000272	1.001329	-2.027588	
1227	1.001227	0.000064	-0.890320	-0.000064	1.001227	-2.077515	
1228	1.001443	0.000311	-1.318237	-0.000311	1.001443	-1.956543	
1229	1.001305	0.000173	-1.122559	-0.000173	1.001305	-2.082214	
1230	1.001368	0.000243	-1.134766	-0.000243	1.001368	-1.962860	
1231	1.001283	0.000020	-1.058228	-0.000020	1.001283	-2.202759	
1232	1.001329	0.000200	-1.061096	-0.000200	1.001329	-2.053711	
1233	1.001329	0.000174	-1.034302	-0.000174	1.001329	-2.221497	
1234	1.001304	0.000058	-0.974731	-0.000058	1.001304	-2.216492	
1235	1.001442	0.000216	-1.117554	-0.000216	1.001442	-1.965851	
1236	1.001197	0.000076	-0.949280	-0.000076	1.001197	-2.076294	
1237	1.001512	0.000167	-1.188110	-0.000167	1.001512	-1.884705	
1238	1.001371	0.000190	-1.222778	-0.000190	1.001371	-1.603485	
1239	1.001245	0.000030	-0.968506	-0.000030	1.001245	-1.603058	
1240	1.001247	0.000122	-1.027100	-0.000122	1.001247	-1.310791	
1241	1.001154	-0.000025	-0.860962	0.000025	1.001154	-1.278748	
1242	1.001224	0.000104	-0.898743	-0.000104	1.001224	-0.952332	
1243	1.001245	-0.000104	-0.810364	0.000104	1.001245	-1.031952	
1244	1.001258	0.000042	-1.057129	-0.000042	1.001258	-0.814880	
1245	1.001009	-0.000046	-0.606628	0.000046	1.001009	-0.647491	
1246	1.001102	-0.000023	-0.950989	0.000023	1.001102	-0.554657	
1247	1.001133	0.000066	-0.845825	-0.000066	1.001133	-0.350677	
1248	1.001133	0.000002	-0.961121	-0.000002	1.001133	-0.304718	
1249	1.001192	0.000106	-1.005310	-0.000106	1.001192	-0.151855	
1250	1.001216	0.000121	-0.994507	-0.000121	1.001216	-0.224304	
1251	1.000979	-0.000017	-0.795776	0.000017	1.000979	-0.185608	
1252	1.001217	0.000183	-0.966064	-0.000183	1.001217	-0.059021	
1253	1.001298	0.000264	-1.302490	-0.000264	1.001298	0.037262	
1254	1.001025	0.000015	-0.902893	-0.000015	1.001025	-0.087402	
1255	1.001076	0.000194	-1.032532	-0.000194	1.001076	-0.072021	
1256	1.001170	0.000100	-0.929016	-0.000100	1.001170	-0.353790	
1257	1.001096	0.000127	-0.863586	-0.000127	1.001096	-0.341644	
1258	1.001115	0.000109	-0.869263	-0.000109	1.001115	-0.300537	
1259	1.001356	0.000307	-1.074646	-0.000307	1.001356	-0.116608	
1260	1.000867	0.000299	-0.658081	-0.000299	1.000867	0.129761	
1261	1.001126	0.000109	-1.043762	-0.000109	1.001126	-0.315643	
1262	1.001100	0.000129	-1.024292	-0.000129	1.001100	-0.222656	
1263	1.001250	0.000155	-1.094482	-0.000155	1.001250	-0.245239	
1264	1.001171	0.000170	-1.021057	-0.000170	1.001171	-0.237823	
1265	1.001277	0.000079	-1.123169	-0.000079	1.001277	-0.367188	
1266	1.001480	0.000325	-1.198853	-0.000325	1.001480	-0.134613	
1267	1.001091	0.000054	-1.066956	-0.000054	1.001091	-0.360626	
1268	1.001423	0.000247	-1.308105	-0.000247	1.001423	-0.182068	
1269	1.001220	0.000174	-1.366943	-0.000174	1.001220	-0.200165	
1270	1.001187	0.000099	-1.190979	-0.000099	1.001187	-0.361420	
1271	1.001660	0.000275	-1.438965	-0.000275	1.001660	-0.212189	
1272	1.001133	0.000156	-1.177795	-0.000156	1.001133	-0.204468	
1273	1.001073	0.000125	-1.149048	-0.000125	1.001073	-0.321960	
1274	1.001235	0.000291	-1.361206	-0.000291	1.001235	-0.141693	
1275	1.001332	0.000248	-1.409485	-0.000248	1.001332	-0.133667	
1276	1.001263	0.000195	-1.377075	-0.000195	1.001263	-0.185608	
1277	1.001209	0.000311	-1.323669	-0.000311	1.001209	-0.064087	
1278	1.001301	0.000120	-1.238403	-0.000120	1.001301	-0.271149	
1279	1.001322	0.000265	-1.442749	-0.000265	1.001322	-0.111786	
1280	1.001190	0.000419	-1.324402	-0.000419	1.001190	-0.035614	
1281	1.001246	0.000122	-1.177063	-0.000122	1.001246	-0.280182	
1282	1.001529	0.000316	-1.538452	-0.000316	1.001529	-0.345642	
1283	1.001432	0.000400	-1.439514	-0.000400	1.001432	-0.229614	
1284	1.001160	0.000171	-1.277039	-0.000171	1.001160	-0.336487	
1285	1.001224	0.000217	-1.323792	-0.000217	1.001224	-0.103607	
1286	1.001118	0.000418	-1.329712	-0.000418	1.001118	0.046692	
1287	1.001326	0.000283	-1.384521	-0.000283	1.001326	-0.122437	
1288	1.001071	0.000339	-1.189697	-0.000339	1.001071	-0.090851	
1289	1.001200	0.000384	-1.208191	-0.000384	1.001200	-0.088318	
1290	1.001310	0.000460	-1.571960	-0.000460	1.001310	-0.001160	
1291	1.001298	0.000129	-1.286926	-0.000129	1.001298	-0.231445	
1292	1.001263	0.000352	-1.656494	-0.000352	1.001263	-0.046478	
1293	1.001311	0.000332	-1.517700	-0.000332	1.001311	-0.204987	
1294	1.001258	0.000193	-1.531128	-0.000193	1.001258	-0.387268	
1295	1.001557	0.000233	-1.529114	-0.000233	1.001557	-0.394257	
1296	1.001283	0.000217	-1.441895	-0.000217	1.001283	-0.475739	
1297	1.001381	0.000259	-1.550171	-0.000259	1.001381	-0.532349	
1298	1.001222	0.000251	-1.378113	-0.000251	1.001222	-0.496674	
1299	1.001511	0.000248	-1.541626	-0.000248	1.001511	-0.472626	
1300	1.001500	0.000239	-1.598145	-0.000239	1.001500	-0.582581	
1301	1.001633	0.000266	-1.440247	-0.000266	1.001633	-0.585052	
1302	1.001221	0.000299	-1.559692	-0.000299	1.001221	-0.502686	
1303	1.001481	0.000260	-1.597839	-0.000260	1.001481	-0.598358	
1304	1.001305	0.000290	-1.614563	-0.000290	1.001305	-0.560425	
1305	1.001334	0.000335	-1.605591	-0.000335	1.001334	-0.516449	
1306	1.001376	0.000148	-1.516235	-0.000148	1.001376	-0.767883	
1307	1.001401	0.000439	-1.753906	-0.000439	1.001401	-0.449615	
1308	1.001315	0.000186	-1.632935	-0.000186	1.001315	-0.629547	
1309	1.001277	0.000291	-1.661316	-0.000291	1.001277	-0.566864	
1310	1.001355	0.000306	-1.713684	-0.000306	1.001355	-0.520081	
1311	1.001221	0.000343	-1.651917	-0.000343	1.001221	-0.419250	
1312	1.001400	0.000319	-1.741028	-0.000319	1.001400	-0.570007	
1313	1.001167	0.000355	-1.648071	-0.000355	1.001167	-0.447937	
1314	1.001389	0.000303	-1.724548	-0.000303	1.001389	-0.579712	
1315	1.001270	0.000357	-1.641968	-0.000357	1.001270	-0.388519	
1316	1.001395	0.000387	-1.754822	-0.000387	1.001395	-0.479340	
1317	1.001255	0.000435	-1.628052	-0.000435	1.001255	-0.421204	
1318	1.001398	0.000273	-1.677490	-0.000273	1.001398	-0.629211	
1319	1.001499	0.000389	-1.935791	-0.000389	1.001499	-0.530853	
1320	1.001878	0.000210	-1.803345	-0.000210	1.001878	-0.854126	
1321	1.001362	0.000393	-1.876953	-0.000393	1.001362	-0.434662	
1322	1.001373	0.000527	-1.896973	-0.000527	1.001373	-0.338196	
1323	1.001406	0.000450	-1.968140	-0.000450	1.001406	-0.480316	
1324	1.001432	0.000388	-1.980225	-0.000388	1.001432	-0.424774	
1325	1.001481	0.000364	-1.827881	-0.000364	1.001481	-0.388611	
1326	1.001609	0.000489	-2.111206	-0.000489	1.001609	-0.318146	
1327	1.001411	0.000488	-2.066772	-0.000488	1.001411	-0.310608	
1328	1.001885	0.000607	-2.396790	-0.000607	1.001885	-0.239807	
1329	1.001666	0.000590	-2.392456	-0.000590	1.001666	-0.241180	
1330	1.001775	0.000694	-2.599304	-0.000694	1.001775	-0.134979	
1331	1.001544	0.000858	-2.667847	-0.000858	1.001544	0.086639	
1332	1.002140	0.001002	-3.085999	-0.001002	1.002140	-0.096893	
1333	1.001641	0.000973	-2.936829	-0.000973	1.001641	0.238434	
1334	1.001569	0.001123	-3.066406	-0.001123	1.001569	0.482269	
1335	1.001496	0.001247	-3.279968	-0.001247	1.001496	0.754395	
1336	1.001933	0.001094	-3.415405	-0.001094	1.001933	0.514282	
1337	1.001784	0.001421	-3.661926	-0.001421	1.001784	0.859283	
1338	1.002121	0.001462	-3.855286	-0.001462	1.002121	0.835327	
1339	1.001447	0.001641	-3.988342	-0.001641	1.001447	1.383240	
1340	1.001257	0.001784	-4.332458	-0.001784	1.001257	1.680206	
1341	1.001769	0.002198	-5.018555	-0.002198	1.001769	1.942657	
1342	1.001958	0.002660	-5.682739	-0.002660	1.001958	2.158661	
1343	1.001970	0.002667	-5.887451	-0.002667	1.001970	2.428223	
1344	1.001488	0.002909	-6.191467	-0.002909	1.001488	2.890137	
1345	1.002044	0.002999	-6.583191	-0.002999	1.002044	2.888763	
1346	1.001714	0.003397	-6.938965	-0.003397	1.001714	3.249329	
1347	1.001651	0.003611	-7.150146	-0.003611	1.001651	3.540649	
1348	1.002496	0.003826	-7.981140	-0.003826	1.002496	3.482849	
1349	1.002469	0.003949	-8.164001	-0.003949	1.002469	3.524353	
1350	1.002782	0.004203	-8.740265	-0.004203	1.002782	3.658081	
1351	1.001245	0.004148	-8.434570	-0.004148	1.001245	4.311707	
1352	1.001739	0.004542	-8.656189	-0.004542	1.001739	4.468689	
1353	1.004508	0.004952	-10.232300	-0.004952	1.004508	3.716736	
1354	1.002349	0.004804	-9.907013	-0.004804	1.002349	4.338745	
1355	1.002155	0.005225	-9.978333	-0.005225	1.002155	4.643982	
1356	1.004685	0.005465	-10.775024	-0.005465	1.004685	3.863434	
1357	1.001498	0.004730	-9.945740	-0.004730	1.001498	4.814331	
1358	1.000589	0.005415	-8.909180	-0.005415	1.000589	5.738953	
1359	1.003836	0.005260	-10.704834	-0.005260	1.003836	4.314087	
1360	1.004200	0.005464	-10.841339	-0.005464	1.004200	4.058624	
1361	1.003422	0.005646	-10.838043	-0.005646	1.003422	4.600800	
1362	1.004351	0.005601	-11.270691	-0.005601	1.004351	4.215363	
1363	1.004135	0.005310	-11.016083	-0.005310	1.004135	4.393066	
1364	1.003271	0.004899	-10.716888	-0.004899	1.003271	4.448853	
1365	1.003440	0.005815	-10.933319	-0.005815	1.003440	4.380066	
1366	1.003305	0.004660	-10.396271	-0.004660	1.003305	4.284332	
1367	1.002256	0.004349	-9.831482	-0.004349	1.002256	4.280365	
1368	1.002407	0.004104	-9.857788	-0.004104	1.002407	4.310883	
1369	1.002129	0.005136	-9.795166	-0.005136	1.002129	4.364075	
1370	1.002596	0.003852	-9.401550	-0.003852	1.002596	4.038818	
1371	1.001572	0.004671	-8.929626	-0.004671	1.001572	4.488464	
1372	1.002996	0.004411	-8.910431	-0.004411	1.002996	3.989075	
1373	1.002404	0.004529	-8.744141	-0.004529	1.002404	4.083344	
1374	1.002360	0.003992	-8.720856	-0.003992	1.002360	3.943237	
1375	1.003793	0.005135	-8.895538	-0.005135	1.003793	3.670074	
1376	1.002146	0.004090	-8.582275	-0.004090	1.002146	3.890686	
1377	1.001845	0.004491	-8.411011	-0.004491	1.001845	4.062134	
1378	0.998762	0.003897	-5.749268	-0.003897	0.998762	4.696442	
1379	0.999094	0.004132	-6.283447	-0.004132	0.999094	5.056580	
1380	1.002212	0.004019	-8.447723	-0.004019	1.002212	3.872375	
1381	1.003035	0.004581	-8.616974	-0.004581	1.003035	3.698700	
1382	1.002561	0.005064	-8.585907	-0.005064	1.002561	4.087921	
1383	0.999856	0.003981	-7.138245	-0.003981	0.999856	4.747406	
1384	1.001336	0.004617	-8.019440	-0.004617	1.001336	4.362671	
1385	0.999187	0.003773	-6.338257	-0.003773	0.999187	4.416931	
1386	0.999655	0.003973	-7.146118	-0.003973	0.999655	4.532440	
1387	0.999234	0.004065	-6.565674	-0.004065	0.999234	4.867462	
1388	0.999470	0.003849	-6.662598	-0.003849	0.999470	4.377777	
1389	0.998373	0.004251	-4.952881	-0.004251	0.998373	5.566559	
1390	0.999634	0.004091	-7.195312	-0.004091	0.999634	5.020233	
1391	1.001413	0.004460	-8.058228	-0.004460	1.001413	4.310577	
1392	0.998909	0.003975	-5.868896	-0.003975	0.998909	5.000671	
1393	0.999349	0.004175	-6.795532	-0.004175	0.999349	5.070770	
1394	0.998692	0.004312	-5.597412	-0.004312	0.998692	5.849823	
1395	0.998868	0.004221	-6.091797	-0.004221	0.998868	5.637299	
1396	0.999215	0.004096	-6.579956	-0.004096	0.999215	5.088135	
1397	0.999087	0.004010	-6.094116	-0.004010	0.999087	5.033447	
1398	0.999205	0.003972	-5.849121	-0.003972	0.999205	4.730927	
1399	0.999852	0.003775	-6.896240	-0.003775	0.999852	4.342682	
1400	0.999535	0.003416	-5.643799	-0.003416	0.999535	4.192139	
1401	0.999473	0.003258	-4.997314	-0.003258	0.999473	4.302063	
1402	0.999797	0.002527	-4.518311	-0.002527	0.999797	3.175690	
1403	1.000105	0.002290	-4.420410	-0.002290	1.000105	2.898132	
1404	0.999889	0.001948	-3.164612	-0.001948	0.999889	2.546753	
1405	0.999901	0.001655	-2.703979	-0.001655	0.999901	2.204407	
1406	0.999868	0.001387	-2.085999	-0.001387	0.999868	2.023590	
1407	1.000126	0.001117	-1.920654	-0.001117	1.000126	1.799500	
1408	0.999974	0.000949	-1.397339	-0.000949	0.999974	1.863159	
1409	1.000047	0.000743	-1.234497	-0.000743	1.000047	1.587097	
1410	1.000094	0.000635	-1.093506	-0.000635	1.000094	1.616699	
1411	1.000154	0.000480	-1.076172	-0.000480	1.000154	1.343018	
1412	1.000038	0.000483	-0.861145	-0.000483	1.000038	1.426483	
1413	1.000036	0.000365	-0.677856	-0.000365	1.000036	1.369568	
1414	1.000155	0.000284	-0.794556	-0.000284	1.000155	1.242462	
1415	1.000056	0.000309	-0.406555	-0.000309	1.000056	1.336578	
1416	1.000211	0.000220	-0.619324	-0.000220	1.000211	1.162262	
1417	1.000146	0.000150	-0.335205	-0.000150	1.000146	1.145721	
1418	1.000134	0.000128	-0.145813	-0.000128	1.000134	1.107086	
1419	1.000040	0.000103	0.031250	-0.000103	1.000040	1.151733	
1420	1.000138	0.000070	-0.041809	-0.000070	1.000138	1.089508	
1421	1.000119	0.000002	0.127441	-0.000002	1.000119	1.047089	
1422	1.000135	0.000004	0.037109	-0.000004	1.000135	1.048615	
1423	1.000184	0.000052	0.061829	-0.000052	1.000184	1.163269	
1424	1.000135	0.000077	0.082764	-0.000077	1.000135	1.172333	
1425	1.000229	-0.000003	-0.039856	0.000003	1.000229	1.036713	
1426	1.000278	0.000010	-0.041199	-0.000010	1.000278	1.008759	
1427	1.000276	0.000080	-0.182556	-0.000080	1.000276	1.101410	
1428	1.000332	-0.000029	-0.116760	0.000029	1.000332	1.096405	
1429	1.000170	0.000099	0.024963	-0.000099	1.000170	1.205627	
1430	1.000324	0.000012	-0.137451	-0.000012	1.000324	1.101562	
1431	1.000230	0.000064	-0.021912	-0.000064	1.000230	1.173248	
1432	1.000353	0.000030	-0.155273	-0.000030	1.000353	1.142334	
1433	1.000226	-0.000021	-0.051025	0.000021	1.000226	1.138733	
1434	1.000426	0.000005	-0.298279	-0.000005	1.000426	1.206604	
1435	1.000131	0.000097	0.003906	-0.000097	1.000131	1.505737	
1436	1.000432	-0.000058	-0.294189	0.000058	1.000432	1.679779	
1437	1.000266	0.000006	-0.017456	-0.000006	1.000266	2.412903	
1438	1.000029	0.000036	0.108337	-0.000036	1.000029	2.956726	
1439	1.000090	0.000028	0.201843	-0.000028	1.000090	3.324738	
1440	1.000249	-0.000024	-0.056763	0.000024	1.000249	3.878235	
1441	1.000323	-0.000061	-0.302856	0.000061	1.000323	4.073334	
1442	0.999910	0.000121	0.057617	-0.000121	0.999910	4.395050	
1443	0.999932	0.000076	0.182739	-0.000076	0.999932	4.542786	
1444	0.999837	0.000092	0.317993	-0.000092	0.999837	4.731049	
1445	0.999842	-0.000034	0.359558	0.000034	0.999842	4.900604	
1446	1.000056	-0.000187	0.087708	0.000187	1.000056	5.058563	
1447	0.999792	0.000215	0.383240	-0.000215	0.999792	5.390701	
1448	0.999894	0.000186	0.251526	-0.000186	0.999894	5.374832	
1449	0.999849	0.000059	0.349365	-0.000059	0.999849	5.176315	
1450	1.000095	-0.000129	0.007141	0.000129	1.000095	5.347412	
1451	1.000017	-0.000224	0.186401	0.000224	1.000017	5.333542	
1452	0.999873	0.000005	0.264954	-0.000005	0.999873	5.317398	
1453	1.000255	0.000000	-0.158997	-0.000000	1.000255	5.242950	
1454	1.000035	0.000082	0.088989	-0.000082	1.000035	5.087952	
1455	1.000104	0.000122	0.229553	-0.000122	1.000104	5.163422	
1456	0.999976	-0.000002	0.253967	0.000002	0.999976	5.097260	
1457	1.000048	-0.000078	0.203308	0.000078	1.000048	5.187454	
1458	1.000261	-0.000006	0.009827	0.000006	1.000261	5.322693	
1459	1.000233	0.000032	0.017090	-0.000032	1.000233	5.415161	
1460	1.000055	-0.000031	0.110535	0.000031	1.000055	5.301880	
1461	1.000185	0.000047	0.059082	-0.000047	1.000185	5.506393	
1462	1.000426	-0.000033	-0.226990	0.000033	1.000426	5.380341	
1463	1.000190	0.000019	0.012146	-0.000019	1.000190	5.281372	
1464	1.000352	0.000047	-0.116943	-0.000047	1.000352	5.237061	
1465	1.000364	0.000081	-0.111450	-0.000081	1.000364	4.973480	
1466	1.000406	0.000111	-0.185791	-0.000111	1.000406	4.921265	
1467	1.000361	0.000056	-0.150940	-0.000056	1.000361	4.612396	
1468	1.000576	-0.000035	-0.329773	0.000035	1.000576	4.425781	
1469	1.000396	0.000008	-0.281067	-0.000008	1.000396	4.308899	
1470	1.000528	-0.000013	-0.277588	0.000013	1.000528	4.277069	
1471	1.000399	0.000050	-0.307983	-0.000050	1.000399	4.312164	
1472	1.000712	-0.000014	-0.504578	0.000014	1.000712	4.189941	
1473	1.000589	-0.000064	-0.413452	0.000064	1.000589	4.153687	
1474	1.000431	-0.000084	-0.316895	0.000084	1.000431	4.065430	
1475	1.000620	-0.000016	-0.470398	0.000016	1.000620	4.070435	
1476	1.000540	0.000007	-0.453064	-0.000007	1.000540	4.041992	
1477	1.000523	-0.000051	-0.375366	0.000051	1.000523	4.007385	
1478	1.000689	-0.000007	-0.498108	0.000007	1.000689	3.924225	
1479	1.000582	0.000040	-0.431519	-0.000040	1.000582	4.143066	
1480	1.000704	-0.000040	-0.560608	0.000040	1.000704	4.091309	
1481	1.000568	0.000002	-0.415466	-0.000002	1.000568	4.127045	
1482	1.000577	-0.000004	-0.515564	0.000004	1.000577	4.026764	
1483	1.000935	0.000058	-0.653870	-0.000058	1.000935	4.019562	
1484	1.000944	0.000017	-0.693909	-0.000017	1.000944	3.830597	
1485	1.000459	0.000175	-0.476074	-0.000175	1.000459	4.052612	
1486	1.000800	-0.000050	-0.626282	0.000050	1.000800	3.743073	
1487	1.000871	-0.000178	-0.674011	0.000178	1.000871	3.563843	
1488	1.000839	-0.000136	-0.652710	0.000136	1.000839	3.661957	
1489	1.000830	-0.000048	-0.645691	0.000048	1.000830	3.832336	
1490	1.000886	-0.000142	-0.717285	0.000142	1.000886	3.784943	
1491	1.000841	-0.000091	-0.733398	0.000091	1.000841	3.880005	
1492	1.000900	-0.000064	-0.696838	0.000064	1.000900	3.798401	
1493	1.000896	-0.000044	-0.714111	0.000044	1.000896	3.763306	
1494	1.000841	-0.000035	-0.698120	0.000035	1.000841	3.866913	
1495	1.000778	-0.000049	-0.780334	0.000049	1.000778	3.857758	
1496	1.000802	-0.000012	-0.647034	0.000012	1.000802	4.075684	
1497	1.000960	-0.000019	-0.796936	0.000019	1.000960	3.981842	
1498	1.000988	-0.000033	-0.765442	0.000033	1.000988	3.907166	
1499	1.000931	-0.000002	-0.807373	0.000002	1.000931	3.802460	
1500	1.000963	-0.000021	-0.698242	0.000021	1.000963	3.818085	
1501	1.000978	0.000069	-0.961182	-0.000069	1.000978	3.738037	
1502	0.999978	-0.000015	0.024292	0.000015	0.999978	0.018005	
1503	1.000862	-0.000061	-0.758850	0.000061	1.000862	3.883362	
1504	1.000958	0.000037	-0.962524	-0.000037	1.000958	3.800354	
1505	1.001026	0.000015	-0.893005	-0.000015	1.001026	3.747559	
1506	1.000963	-0.000007	-0.907532	0.000007	1.000963	3.840851	
1507	1.000905	0.000069	-0.828064	-0.000069	1.000905	3.834412	
1508	1.000917	0.000116	-0.973999	-0.000116	1.000917	4.011444	
1509	1.001055	0.000048	-0.906738	-0.000048	1.001055	3.861267	
1510	1.001119	-0.000043	-0.989258	0.000043	1.001119	3.639526	
1511	1.001025	0.000001	-0.920959	-0.000001	1.001025	3.538391	
1512	1.001115	-0.000010	-1.083984	0.000010	1.001115	3.321075	
1513	1.001171	-0.000027	-1.000122	0.000027	1.001171	3.340973	
1514	1.001256	-0.000184	-1.048523	0.000184	1.001256	2.968567	
1515	1.001195	-0.000073	-0.984192	0.000073	1.001195	2.890808	
1516	1.001260	-0.000063	-1.080688	0.000063	1.001260	2.772797	
1517	1.001299	-0.000125	-1.019775	0.000125	1.001299	2.647247	
1518	1.001297	-0.000076	-0.983093	0.000076	1.001297	2.520966	
1519	1.001298	-0.000119	-0.970154	0.000119	1.001298	2.371643	
1520	1.001162	-0.000033	-0.834351	0.000033	1.001162	2.301483	
1521	1.001302	-0.000269	-0.733276	0.000269	1.001302	2.000122	
1522	1.001213	-0.000228	-0.507263	0.000228	1.001213	1.953735	
1523	1.001256	-0.000473	-0.242004	0.000473	1.001256	1.734283	
1524	1.001366	-0.000754	0.109192	0.000754	1.001366	1.376892	
1525	1.001537	-0.001072	0.443237	0.001072	1.001537	0.887177	
1526	1.001405	-0.001154	1.018677	0.001154	1.001405	0.748718	
1527	1.001456	-0.001273	1.382629	0.001273	1.001456	0.395691	
1528	1.001594	-0.001782	2.081726	0.001782	1.001594	-0.182922	
1529	1.001658	-0.001853	2.407837	0.001853	1.001658	-0.394684	
1530	1.000910	-0.001429	3.335815	0.001429	1.000910	0.016083	
1531	1.000597	-0.002008	4.039795	0.002008	1.000597	-0.254730	
1532	1.000350	-0.001747	4.590027	0.001747	1.000350	-0.234100	
1533	1.000872	-0.001994	4.501587	0.001994	1.000872	-0.646362	
1534	1.000504	-0.002495	5.222534	0.002495	1.000504	-0.865204	
1535	1.001305	-0.002802	5.005981	0.002802	1.001305	-1.463501	
1536	0.999943	-0.002551	5.963074	0.002551	0.999943	-1.019073	
1537	1.000293	-0.002456	5.990112	0.002456	1.000293	-1.219452	
1538	1.002668	-0.003524	4.352417	0.003524	1.002668	-2.679291	
1539	1.000169	-0.002603	6.183289	0.002603	1.000169	-1.296722	
1540	0.999701	-0.002938	6.720276	0.002938	0.999701	-1.267731	
1541	1.000282	-0.002626	6.142090	0.002626	1.000282	-1.223572	
1542	1.000342	-0.002835	6.446655	0.002835	1.000342	-1.513000	
1543	1.000110	-0.002813	6.445129	0.002813	1.000110	-1.374054	
1544	0.999598	-0.003245	7.076721	0.003245	0.999598	-1.491974	
1545	1.000651	-0.003013	6.109985	0.003013	1.000651	-1.705353	
1546	1.000435	-0.002847	6.402527	0.002847	1.000435	-1.633606	
1547	0.999915	-0.003085	6.677368	0.003085	0.999915	-1.501434	
1548	0.999505	-0.003251	7.096069	0.003251	0.999505	-1.359406	
1549	0.999687	-0.003286	6.901001	0.003286	0.999687	-1.475189	
1550	1.000346	-0.002846	6.281860	0.002846	1.000346	-1.531708	
1551	1.000191	-0.002928	6.470581	0.002928	1.000191	-1.542786	
1552	1.000828	-0.002955	5.905640	0.002955	1.000828	-1.821259	
1553	1.000255	-0.003271	6.559875	0.003271	1.000255	-1.806763	
1554	0.999712	-0.003240	6.704102	0.003240	0.999712	-1.600677	
1555	1.000253	-0.003790	6.677002	0.003790	1.000253	-2.178986	
1556	0.999303	-0.003352	7.005493	0.003352	0.999303	-1.585785	
1557	0.999990	-0.003333	6.595154	0.003333	0.999990	-1.716858	
1558	0.999210	-0.003439	7.139465	0.003439	0.999210	-1.564911	
1559	1.000518	-0.002836	5.957886	0.002836	1.000518	-1.665985	
1560	0.999799	-0.003155	6.615662	0.003155	0.999799	-1.685547	
1561	1.000763	-0.002855	5.703735	0.002855	1.000763	-1.942139	
1562	0.999570	-0.003387	6.823547	0.003387	0.999570	-1.699280	
1563	1.000329	-0.003034	6.132629	0.003034	1.000329	-1.860107	
1564	1.000382	-0.003625	6.305542	0.003625	1.000382	-2.139526	
1565	1.000563	-0.003228	6.122925	0.003228	1.000563	-2.085693	
1566	0.999368	-0.003494	6.912354	0.003494	0.999368	-1.780731	
1567	1.000996	-0.002914	5.511353	0.002914	1.000996	-2.013062	
1568	0.999381	-0.003602	6.969360	0.003602	0.999381	-1.876465	
1569	0.999053	-0.003648	7.291809	0.003648	0.999053	-1.890717	
1570	0.999354	-0.003660	7.038513	0.003660	0.999354	-1.870697	
1571	0.999594	-0.003631	6.811829	0.003631	0.999594	-2.025635	
1572	1.000926	-0.002978	5.516113	0.002978	1.000926	-2.157410	
1573	0.999920	-0.003536	6.584412	0.003536	0.999920	-2.262085	
1574	1.000792	-0.003229	5.794922	0.003229	1.000792	-2.305115	
1575	0.999882	-0.003804	6.710876	0.003804	0.999882	-2.185120	
1576	0.999718	-0.003858	6.754578	0.003858	0.999718	-2.078857	
1577	0.998882	-0.003692	7.372559	0.003692	0.998882	-1.738800	
1578	0.999282	-0.003786	7.203918	0.003786	0.999282	-2.004272	
1579	0.999674	-0.003506	6.728333	0.003506	0.999674	-2.067810	
1580	1.000134	-0.003571	6.362244	0.003571	1.000134	-2.323944	
1581	0.999556	-0.003675	6.814941	0.003675	0.999556	-2.211212	
1582	0.999196	-0.003864	7.416199	0.003864	0.999196	-2.201416	
1583	0.999362	-0.003629	7.043152	0.003629	0.999362	-2.102417	
1584	0.999247	-0.003693	7.166260	0.003693	0.999247	-2.121155	
1585	0.999398	-0.003746	7.044922	0.003746	0.999398	-2.182159	
1586	0.999064	-0.003882	7.265869	0.003882	0.999064	-2.122620	
1587	0.999128	-0.003845	7.321228	0.003845	0.999128	-2.090240	
1588	0.999816	-0.003816	6.544067	0.003816	0.999816	-2.312988	
1589	0.999086	-0.003979	7.433899	0.003979	0.999086	-2.241425	
1590	0.999247	-0.004042	7.212891	0.004042	0.999247	-2.253235	
1591	0.999424	-0.003951	7.139221	0.003951	0.999424	-2.205109	
1592	0.999042	-0.004067	7.382507	0.004067	0.999042	-2.208008	
1593	0.998959	-0.004078	7.459473	0.004078	0.998959	-2.184509	
1594	0.999157	-0.004101	7.401611	0.004101	0.999157	-2.344757	
1595	0.999062	-0.004020	7.274231	0.004020	0.999062	-2.301880	
1596	0.999069	-0.003991	7.392029	0.003991	0.999069	-2.173218	
1597	0.999583	-0.004053	6.817444	0.004053	0.999583	-2.557953	
1598	0.999379	-0.003980	7.057739	0.003980	0.999379	-2.415955	
1599	0.999766	-0.003966	6.700317	0.003966	0.999766	-2.555542	
1600	0.999547	-0.004013	6.958923	0.004013	0.999547	-2.495636	
1601	0.999638	-0.004098	6.942566	0.004098	0.999638	-2.525085	
1602	0.999582	-0.003973	6.826294	0.003973	0.999582	-2.567841	
1603	0.999537	-0.004133	7.179688	0.004133	0.999537	-2.594391	
1604	0.999781	-0.003993	6.657532	0.003993	0.999781	-2.596283	
1605	0.999711	-0.003999	6.815002	0.003999	0.999711	-2.642761	
1606	0.999167	-0.004124	7.334351	0.004124	0.999167	-2.384277	
1607	0.999341	-0.004048	7.167358	0.004048	0.999341	-2.386993	
1608	0.999366	-0.004110	7.089233	0.004110	0.999366	-2.404724	
1609	0.999797	-0.004019	6.803040	0.004019	0.999797	-2.388977	
1610	0.999603	-0.004068	6.858276	0.004068	0.999603	-2.015472	
1611	0.999204	-0.004063	7.346741	0.004063	0.999204	-1.498383	
1612	0.999483	-0.004019	7.022644	0.004019	0.999483	-1.386963	
1613	0.999538	-0.004076	7.068726	0.004076	0.999538	-1.350861	
1614	0.999372	-0.004057	7.019592	0.004057	0.999372	-1.306122	
1615	0.999355	-0.004135	7.224976	0.004135	0.999355	-1.250732	
1616	0.999099	-0.004063	7.239807	0.004063	0.999099	-1.150909	
1617	0.998749	-0.004084	7.717896	0.004084	0.998749	-0.923798	
1618	0.999314	-0.004086	7.146484	0.004086	0.999314	-1.008392	
1619	0.999692	-0.004191	6.818848	0.004191	0.999692	-1.200439	
1620	0.999477	-0.004091	7.017578	0.004091	0.999477	-0.951172	
1621	0.998956	-0.004114	7.540955	0.004114	0.998956	-0.793793	
1622	0.999676	-0.004142	6.792603	0.004142	0.999676	-1.081940	
1623	0.999874	-0.004195	6.525330	0.004195	0.999874	-0.989166	
1624	0.999799	-0.004189	6.665466	0.004189	0.999799	-1.044861	
1625	0.998748	-0.004109	7.471802	0.004109	0.998748	-0.649567	
1626	0.999171	-0.003830	7.085754	0.003830	0.999171	-0.827301	
1627	0.999737	-0.004002	6.920349	0.004002	0.999737	-1.129211	
1628	0.999199	-0.003972	7.487732	0.003972	0.999199	-0.724731	
1629	0.999557	-0.004007	7.204041	0.004007	0.999557	-0.928162	
1630	0.999224	-0.003941	7.536926	0.003941	0.999224	-0.710144	
1631	0.999391	-0.003899	7.202271	0.003899	0.999391	-0.970032	
1632	0.999440	-0.004046	7.217041	0.004046	0.999440	-1.169128	
1633	1.000103	-0.003755	6.486023	0.003755	1.000103	-1.471558	
1634	0.999005	-0.003908	7.552551	0.003908	0.999005	-1.136505	
1635	0.998768	-0.003964	7.823792	0.003964	0.998768	-1.296631	
1636	0.999384	-0.003955	7.371704	0.003955	0.999384	-1.757294	
1637	0.999306	-0.004070	7.412415	0.004070	0.999306	-1.966675	
1638	0.999426	-0.004005	7.401550	0.004005	0.999426	-2.246948	
1639	0.998816	-0.003912	7.843079	0.003912	0.998816	-1.983582	
1640	0.999397	-0.004078	7.611267	0.004078	0.999397	-2.459106	
1641	0.998676	-0.004119	8.153931	0.004119	0.998676	-2.164886	
1642	0.999205	-0.004332	8.069885	0.004332	0.999205	-2.621216	
1643	0.999125	-0.004293	8.315796	0.004293	0.999125	-2.681061	
1644	0.998382	-0.004113	8.543884	0.004113	0.998382	-2.232269	
1645	1.000187	-0.004593	7.561340	0.004593	1.000187	-3.397034	
1646	0.998255	-0.004286	8.964600	0.004286	0.998255	-2.297272	
1647	0.999171	-0.004473	8.825562	0.004473	0.999171	-2.801910	
1648	0.999622	-0.004628	8.397827	0.004628	0.999622	-3.164948	
1649	0.999316	-0.004575	8.813721	0.004575	0.999316	-3.029724	
1650	0.999501	-0.004586	8.610657	0.004586	0.999501	-3.290436	
1651	0.998444	-0.004467	9.182190	0.004467	0.998444	-2.912170	
1652	0.999695	-0.004679	8.335754	0.004679	0.999695	-3.512665	
1653	1.000363	-0.004655	7.737488	0.004655	1.000363	-3.692169	
1654	0.999162	-0.004612	9.041626	0.004612	0.999162	-3.089355	
1655	1.000729	-0.004596	7.215881	0.004596	1.000729	-3.827728	
1656	0.999114	-0.004630	9.121643	0.004630	0.999114	-3.189484	
1657	0.998749	-0.004503	9.264038	0.004503	0.998749	-2.930542	
1658	0.999413	-0.004826	8.993591	0.004826	0.999413	-3.576172	
1659	0.999828	-0.004872	8.611633	0.004872	0.999828	-3.834686	
1660	0.998927	-0.004566	9.161804	0.004566	0.998927	-3.231110	
1661	1.000087	-0.004938	8.551636	0.004938	1.000087	-3.924042	
1662	0.999203	-0.004674	9.257263	0.004674	0.999203	-3.277405	
1663	0.999397	-0.004910	9.415771	0.004910	0.999397	-3.503571	
1664	0.999814	-0.004920	9.025024	0.004920	0.999814	-3.656403	
1665	0.999663	-0.005017	9.143433	0.005017	0.999663	-3.689575	
1666	0.999812	-0.004950	9.047058	0.004950	0.999812	-3.660339	
1667	0.998918	-0.004809	9.436584	0.004809	0.998918	-3.456848	
1668	1.000152	-0.004969	8.623535	0.004969	1.000152	-3.970215	
1669	1.000367	-0.005103	8.599365	0.005103	1.000367	-4.198242	
1670	1.000044	-0.005009	8.847107	0.005009	1.000044	-3.806671	
1671	1.000079	-0.005056	8.713989	0.005056	1.000079	-3.935242	
1672	0.999447	-0.005023	9.230164	0.005023	0.999447	-3.666016	
1673	0.999734	-0.004857	8.835327	0.004857	0.999734	-3.740265	
1674	1.001317	-0.005028	7.388672	0.005028	1.001317	-4.650696	
1675	1.000168	-0.005047	8.735962	0.005047	1.000168	-4.009674	
1676	1.000442	-0.004934	8.370544	0.004934	1.000442	-4.070496	
1677	1.001348	-0.004827	7.031006	0.004827	1.001348	-4.357849	
1678	1.000976	-0.005114	7.799683	0.005114	1.000976	-4.523132	
1679	1.000834	-0.004867	7.750000	0.004867	1.000834	-4.249817	
1680	1.000615	-0.005232	8.250488	0.005232	1.000615	-4.576508	
1681	1.002085	-0.005117	6.286743	0.005117	1.002085	-5.266174	
1682	1.001251	-0.005122	7.622437	0.005122	1.001251	-4.761353	
1683	1.001340	-0.005066	7.220215	0.005066	1.001340	-4.732788	
1684	0.999046	-0.004683	9.541016	0.004683	0.999046	-3.461639	
1685	1.001760	-0.005081	6.867188	0.005081	1.001760	-4.898438	
1686	1.000643	-0.005266	8.349182	0.005266	1.000643	-4.637451	
1687	1.001829	-0.005086	6.687378	0.005086	1.001829	-5.117004	
1688	1.001688	-0.005189	6.995728	0.005189	1.001688	-5.122498	
1689	1.000983	-0.004887	7.489136	0.004887	1.000983	-4.453033	
1690	1.000450	-0.004961	8.201416	0.004961	1.000450	-4.313721	
1691	1.000702	-0.005120	8.225220	0.005120	1.000702	-4.449707	
1692	1.001272	-0.005191	7.612305	0.005191	1.001272	-4.743652	
1693	1.002421	-0.004874	5.673096	0.004874	1.002421	-5.056152	
1694	1.000351	-0.005177	8.393005	0.005177	1.000351	-4.552826	
1695	1.002823	-0.005276	5.110352	0.005276	1.002823	-5.910950	
1696	1.001948	-0.005362	6.337769	0.005362	1.001948	-5.473633	
1697	1.001440	-0.005144	7.069092	0.005144	1.001440	-4.871643	
1698	1.001782	-0.005268	6.852173	0.005268	1.001782	-5.070374	
1699	1.002814	-0.005190	5.057373	0.005190	1.002814	-5.781799	
1700	0.997996	-0.004399	9.861267	0.004399	0.997996	-3.091583	
1701	1.000878	-0.005072	7.671021	0.005072	1.000878	-4.468994	
1702	1.002669	-0.005204	5.163574	0.005204	1.002669	-5.551941	
1703	1.002597	-0.005221	5.298828	0.005221	1.002597	-5.636597	
1704	1.001688	-0.005118	6.529053	0.005118	1.001688	-5.021484	
1705	1.001832	-0.005050	6.401733	0.005050	1.001832	-4.948792	
1706	1.001795	-0.005038	6.265869	0.005038	1.001795	-4.994751	
1707	1.002104	-0.004952	5.715332	0.004952	1.002104	-5.087891	
1708	1.001359	-0.005263	6.981812	0.005263	1.001359	-5.040161	
1709	0.998021	-0.004360	9.536804	0.004360	0.998021	-3.046112	
1710	0.998558	-0.004265	9.175476	0.004265	0.998558	-3.036774	
1711	0.998206	-0.004146	9.311096	0.004146	0.998206	-2.881714	
1712	0.998291	-0.004108	9.278748	0.004108	0.998291	-3.006195	
1713	0.998185	-0.004201	9.294525	0.004201	0.998185	-3.106140	
1714	0.998216	-0.003959	9.177277	0.003959	0.998216	-3.060455	
1715	0.999838	-0.004976	9.351318	0.004976	0.999838	-3.644287	
1716	0.998033	-0.004359	9.375824	0.004359	0.998033	-3.110199	
1717	0.998526	-0.004349	9.322449	0.004349	0.998526	-3.218689	
1718	0.998592	-0.004522	9.222290	0.004522	0.998592	-3.124298	
1719	0.998635	-0.004278	9.277039	0.004278	0.998635	-3.162476	
1720	0.999796	-0.004515	8.294067	0.004515	0.999796	-3.598175	
1721	0.998059	-0.005936	9.615814	0.005936	0.998059	-3.228058	
1722	0.999163	-0.004246	8.775696	0.004246	0.999163	-3.100037	
1723	0.998517	-0.003973	8.769775	0.003973	0.998517	-2.921753	
1724	0.999181	-0.004628	8.259827	0.004628	0.999181	-3.367828	
1725	0.998369	-0.004171	8.577057	0.004171	0.998369	-2.851044	
1726	0.998793	-0.004022	8.354431	0.004022	0.998793	-2.961151	
1727	0.998683	-0.003782	8.140625	0.003782	0.998683	-2.941818	
1728	0.999104	-0.004081	7.922668	0.004081	0.999104	-3.226288	
1729	0.999113	-0.004107	7.741272	0.004107	0.999113	-3.326508	
1730	0.999210	-0.003969	7.728577	0.003969	0.999210	-3.366455	
1731	0.998845	-0.003586	7.742981	0.003586	0.998845	-3.370682	
1732	0.999158	-0.003830	7.597839	0.003830	0.999158	-3.527344	
1733	0.999297	-0.003865	7.537964	0.003865	0.999297	-3.639038	
1734	0.999386	-0.004051	7.254272	0.004051	0.999386	-3.868805	
1735	0.999552	-0.003881	7.288635	0.003881	0.999552	-3.950653	
1736	0.999798	-0.003855	6.966797	0.003855	0.999798	-4.121490	
1737	0.999623	-0.003777	7.138550	0.003777	0.999623	-4.120941	
1738	0.999710	-0.004135	7.030640	0.004135	0.999710	-4.442444	
1739	1.000310	-0.004105	6.732422	0.004105	1.000310	-4.701202	
1740	0.999381	-0.003950	7.175232	0.003950	0.999381	-4.601654	
1741	1.000235	-0.004167	6.847717	0.004167	1.000235	-4.943939	
1742	0.999618	-0.003780	6.839844	0.003780	0.999618	-4.989471	
1743	1.000268	-0.004096	6.588013	0.004096	1.000268	-5.752686	
1744	1.000536	-0.004046	6.260559	0.004046	1.000536	-6.159180	
1745	1.000529	-0.004180	6.255432	0.004180	1.000529	-6.668457	
1746	1.000548	-0.004231	6.231873	0.004231	1.000548	-6.889282	
1747	1.000324	-0.004181	6.447083	0.004181	1.000324	-7.019043	
1748	1.000611	-0.004166	6.154480	0.004166	1.000611	-7.210938	
1749	1.000632	-0.004267	6.074829	0.004267	1.000632	-7.594696	
1750	1.000433	-0.003957	5.940674	0.003957	1.000433	-7.540009	
1751	1.000502	-0.004130	5.952637	0.004130	1.000502	-7.963470	
1752	1.000925	-0.004335	5.679016	0.004335	1.000925	-8.293457	
1753	1.000784	-0.004436	5.880920	0.004436	1.000784	-8.389954	
1754	1.000772	-0.004329	5.810669	0.004329	1.000772	-8.243927	
1755	1.000807	-0.004298	5.763916	0.004298	1.000807	-8.528900	
1756	1.000976	-0.004235	5.403687	0.004235	1.000976	-8.767242	
1757	1.000774	-0.004281	5.652222	0.004281	1.000774	-8.909424	
1758	1.000888	-0.004350	5.591797	0.004350	1.000888	-9.113861	
1759	1.000881	-0.004373	5.661255	0.004373	1.000881	-9.036621	
1760	1.000845	-0.004398	5.614380	0.004398	1.000845	-9.172791	
1761	1.000886	-0.004404	5.336792	0.004404	1.000886	-9.055298	
1762	1.000940	-0.004451	5.271484	0.004451	1.000940	-9.175232	
1763	1.000846	-0.004352	5.261719	0.004352	1.000846	-8.904480	
1764	1.000820	-0.004283	5.418213	0.004283	1.000820	-9.075439	
1765	1.000978	-0.004176	4.965698	0.004176	1.000978	-9.007538	
1766	1.000890	-0.004359	5.235840	0.004359	1.000890	-9.381439	
1767	1.001011	-0.004231	4.949463	0.004231	1.001011	-9.342194	
1768	1.001059	-0.004286	4.833862	0.004286	1.001059	-9.660919	
1769	1.001037	-0.004219	4.745728	0.004219	1.001037	-9.567200	
1770	1.000999	-0.004260	4.768188	0.004260	1.000999	-9.585236	
1771	1.001120	-0.004275	4.652588	0.004275	1.001120	-9.696777	
1772	1.001019	-0.004234	4.716919	0.004234	1.001019	-9.600952	
1773	1.001216	-0.004112	4.282715	0.004112	1.001216	-9.482056	
1774	1.001081	-0.004057	4.307007	0.004057	1.001081	-9.299652	
1775	1.000998	-0.004189	4.562256	0.004189	1.000998	-9.264923	
1776	1.001017	-0.004068	4.345215	0.004068	1.001017	-8.778564	
1777	1.001022	-0.004051	4.338257	0.004051	1.001022	-8.649292	
1778	1.000971	-0.004065	4.327759	0.004065	1.000971	-8.442535	
1779	1.001147	-0.003995	4.016968	0.003995	1.001147	-8.374542	
1780	1.001198	-0.003959	3.888306	0.003959	1.001198	-8.328949	
1781	1.001013	-0.003872	4.069336	0.003872	1.001013	-8.010925	
1782	1.001077	-0.003956	3.945312	0.003956	1.001077	-8.155334	
1783	1.001210	-0.004017	3.763062	0.004017	1.001210	-8.365875	
1784	1.001131	-0.003825	3.838623	0.003825	1.001131	-8.087891	
1785	1.001276	-0.003869	3.677856	0.003869	1.001276	-8.385590	
1786	1.001195	-0.003761	3.636719	0.003761	1.001195	-8.327972	
1787	1.001205	-0.004028	3.966797	0.004028	1.001205	-8.667816	
1788	1.001202	-0.003771	3.857056	0.003771	1.001202	-8.169006	
1789	1.001074	-0.003878	4.066772	0.003878	1.001074	-8.265076	
1790	1.001334	-0.003814	3.635132	0.003814	1.001334	-8.178375	
1791	1.000992	-0.003736	4.010376	0.003736	1.000992	-8.359467	
1792	1.001311	-0.003709	3.415161	0.003709	1.001311	-8.391449	
1793	1.001225	-0.003694	3.422607	0.003694	1.001225	-8.373444	
1794	1.001251	-0.003554	3.313477	0.003554	1.001251	-8.168152	
1795	1.001164	-0.003652	3.353394	0.003652	1.001164	-8.345367	
1796	1.001239	-0.003546	3.176025	0.003546	1.001239	-8.199219	
1797	1.001176	-0.003802	3.293579	0.003802	1.001176	-8.846954	
1798	1.001017	-0.003454	3.290894	0.003454	1.001017	-8.251038	
1799	1.001024	-0.003451	3.266846	0.003451	1.001024	-8.394867	
1800	1.001253	-0.003683	2.972046	0.003683	1.001253	-8.973053	
1801	1.001213	-0.003521	2.920532	0.003521	1.001213	-8.700592	
1802	1.001113	-0.003327	2.993408	0.003327	1.001113	-8.395874	
1803	1.001059	-0.003408	3.027466	0.003408	1.001059	-8.397461	
1804	1.001129	-0.003517	3.026123	0.003517	1.001129	-8.705597	
1805	1.001292	-0.003452	2.720215	0.003452	1.001292	-8.658447	
1806	1.001530	-0.003454	2.395386	0.003454	1.001530	-8.622528	
1807	1.001474	-0.003442	2.489868	0.003442	1.001474	-8.601685	
1808	1.001604	-0.003920	2.363770	0.003920	1.001604	-9.240204	
1809	1.001665	-0.003661	2.173096	0.003661	1.001665	-8.930542	
1810	1.001352	-0.003586	2.678955	0.003586	1.001352	-8.786499	
1811	1.001688	-0.003406	2.187012	0.003406	1.001688	-8.696930	
1812	1.001538	-0.003532	2.336182	0.003532	1.001538	-8.971130	
1813	1.001279	-0.004034	2.829590	0.004034	1.001279	-9.990234	
1814	1.001216	-0.003788	2.899170	0.003788	1.001216	-9.466187	
1815	1.001293	-0.003748	2.815430	0.003748	1.001293	-9.365997	
1816	1.001450	-0.003823	2.574219	0.003823	1.001450	-9.470703	
1817	1.001554	-0.003279	2.280273	0.003279	1.001554	-8.472198	
1818	1.001503	-0.003783	2.444458	0.003783	1.001503	-9.254608	
1819	1.001527	-0.003605	2.327637	0.003605	1.001527	-9.055756	
1820	1.001529	-0.003724	2.387695	0.003724	1.001529	-9.351044	
1821	1.001454	-0.003615	2.418701	0.003615	1.001454	-9.027863	
1822	1.001399	-0.003920	2.550781	0.003920	1.001399	-9.515350	
1823	1.001318	-0.003846	2.666748	0.003846	1.001318	-9.310699	
1824	1.001472	-0.003546	2.258423	0.003546	1.001472	-8.801636	
1825	1.001483	-0.004119	2.432373	0.004119	1.001483	-9.637238	
1826	1.001424	-0.003736	2.274902	0.003736	1.001424	-8.597443	
1827	1.001169	-0.003256	2.316650	0.003256	1.001169	-7.197937	
1828	1.001083	-0.003136	2.182739	0.003136	1.001083	-6.659943	
1829	1.001142	-0.002674	1.429199	0.002674	1.001142	-5.714050	
1830	1.001099	-0.002645	1.139893	0.002645	1.001099	-5.526062	
1831	1.000878	-0.002007	0.847656	0.002007	1.000878	-4.160065	
