0	1.000000	0.000000	0.000000	0.000000	1.000000	0.000000	
1	1.000015	0.000030	-0.082947	-0.000030	1.000015	-0.005890	
2	1.000070	-0.000078	0.025208	0.000078	1.000070	-0.187683	
3	0.999856	0.000015	0.190796	-0.000015	0.999856	0.081879	
4	0.999956	0.000090	-0.071655	-0.000090	0.999956	0.160278	
5	1.000029	0.000018	-0.108582	-0.000018	1.000029	-0.015808	
6	0.999956	-0.000067	0.093872	0.000067	0.999956	-0.052277	
7	0.999986	0.000037	-0.091370	-0.000037	0.999986	0.073425	
8	0.999957	-0.000011	0.029480	0.000011	0.999957	0.058441	
9	0.999941	-0.000057	0.095276	0.000057	0.999941	0.054199	
10	0.999980	0.000086	-0.069275	-0.000086	0.999980	0.149963	
11	0.999925	0.000032	-0.087524	-0.000032	0.999925	0.106232	
12	1.000011	-0.000154	-0.041931	0.000154	1.000011	-0.145233	
13	0.999960	0.000001	-0.011292	-0.000001	0.999960	0.055573	
14	0.999870	0.000098	-0.083130	-0.000098	0.999870	0.117737	
15	0.999993	-0.000144	-0.009460	0.000144	0.999993	-0.223907	
16	0.999899	0.000015	-0.066956	-0.000015	0.999899	-0.080872	
17	0.999923	-0.000020	-0.041809	0.000020	0.999923	-0.173767	
18	1.000140	-0.000086	-0.102173	0.000086	1.000140	-0.279816	
19	0.999927	-0.000037	-0.012085	0.000037	0.999927	-0.005127	
20	1.000067	0.000089	-0.329773	-0.000089	1.000067	0.087128	
21	1.000129	-0.000086	-0.170837	0.000086	1.000129	-0.088593	
22	1.000109	-0.000064	-0.149963	0.000064	1.000109	-0.069031	
23	1.000184	-0.000020	-0.349182	0.000020	1.000184	0.031616	
24	1.000189	-0.000005	-0.342346	0.000005	1.000189	0.102814	
25	1.000300	-0.000069	-0.266785	0.000069	1.000300	-0.021759	
26	1.000272	0.000009	-0.466064	-0.000009	1.000272	0.106079	
27	1.000360	0.000003	-0.472839	-0.000003	1.000360	0.171143	
28	1.000477	-0.000014	-0.523865	0.000014	1.000477	0.047363	
29	1.000388	-0.000023	-0.407227	0.000023	1.000388	0.135010	
30	1.000452	0.000033	-0.634277	-0.000033	1.000452	0.207336	
31	1.000567	-0.000048	-0.608643	0.000048	1.000567	0.012360	
32	1.000473	-0.000034	-0.517151	0.000034	1.000473	0.080719	
33	1.000541	0.000069	-0.691040	-0.000069	1.000541	0.249054	
34	1.000672	-0.000034	-0.718262	0.000034	1.000672	0.005157	
35	1.000568	-0.000052	-0.578979	0.000052	1.000568	0.105011	
36	1.000610	0.000077	-0.737976	-0.000077	1.000610	0.239685	
37	1.000737	-0.000030	-0.795898	0.000030	1.000737	-0.075745	
38	1.000720	-0.000070	-0.649597	0.000070	1.000720	-0.007202	
39	1.000705	0.000081	-0.796997	-0.000081	1.000705	0.174561	
40	1.000799	-0.000012	-0.870544	0.000012	1.000799	0.028137	
41	1.000773	-0.000058	-0.738403	0.000058	1.000773	0.025330	
42	1.000815	0.000062	-0.871765	-0.000062	1.000815	0.130615	
43	1.000871	0.000017	-0.968933	-0.000017	1.000871	0.104736	
44	1.000888	-0.000043	-0.841980	0.000043	1.000888	0.062897	
45	1.000882	0.000019	-0.868286	-0.000019	1.000882	0.147278	
46	1.000942	0.000037	-1.043335	-0.000037	1.000942	0.142151	
47	1.000971	-0.000067	-0.927307	0.000067	1.000971	0.091248	
48	1.000979	-0.000043	-0.941040	0.000043	1.000979	0.112671	
49	1.001011	0.000089	-1.097900	-0.000089	1.001011	0.191833	
50	1.001046	-0.000014	-1.038330	0.000014	1.001046	0.127991	
51	1.001078	-0.000050	-1.019897	0.000050	1.001078	0.127075	
52	1.001076	0.000042	-1.088623	-0.000042	1.001076	0.238525	
53	1.001140	-0.000004	-1.205261	0.000004	1.001140	0.188110	
54	1.001150	-0.000011	-1.092712	0.000011	1.001150	0.183044	
55	1.001157	0.000053	-1.173523	-0.000053	1.001157	0.256775	
56	1.001223	0.000038	-1.286682	-0.000038	1.001223	0.283752	
57	1.001252	-0.000059	-1.182312	0.000059	1.001252	0.197327	
58	1.001231	0.000014	-1.212097	-0.000014	1.001231	0.287415	
59	1.001299	0.000087	-1.390198	-0.000087	1.001299	0.320740	
60	1.001332	-0.000049	-1.265137	0.000049	1.001332	0.247009	
61	1.001303	-0.000011	-1.268921	0.000011	1.001303	0.287537	
62	1.001388	0.000066	-1.441528	-0.000066	1.001388	0.344299	
63	1.001426	-0.000008	-1.346252	0.000008	1.001426	0.271912	
64	1.001392	0.000006	-1.351929	-0.000006	1.001392	0.347900	
65	1.001431	0.000144	-1.493469	-0.000144	1.001431	0.487671	
66	1.001516	-0.000003	-1.418396	0.000003	1.001516	0.400513	
67	1.001486	-0.000002	-1.388367	0.000002	1.001486	0.469360	
68	1.001459	0.000106	-1.499207	-0.000106	1.001459	0.680542	
69	1.001586	0.000121	-1.619995	-0.000121	1.001586	0.608093	
70	1.001562	-0.000041	-1.393799	0.000041	1.001562	0.432312	
71	1.001594	0.000090	-1.554810	-0.000090	1.001594	0.569824	
72	1.001650	0.000123	-1.653198	-0.000123	1.001650	0.689331	
73	1.001749	0.000075	-1.700806	-0.000075	1.001749	0.551575	
74	1.001615	0.000092	-1.519897	-0.000092	1.001615	0.644836	
75	1.001711	0.000084	-1.668762	-0.000084	1.001711	0.687927	
76	1.001802	0.000135	-1.760559	-0.000135	1.001802	0.653809	
77	1.001769	-0.000003	-1.602661	0.000003	1.001769	0.578857	
78	1.001833	0.000251	-1.923706	-0.000251	1.001833	0.849792	
79	1.001825	0.000122	-1.792419	-0.000122	1.001825	0.686279	
80	1.001956	0.000108	-1.814209	-0.000108	1.001956	0.713806	
81	1.001854	0.000185	-1.862793	-0.000185	1.001854	0.792358	
82	1.001875	0.000123	-1.854370	-0.000123	1.001875	0.794312	
83	1.002059	0.000101	-1.890381	-0.000101	1.002059	0.705750	
84	1.001855	0.000143	-1.774475	-0.000143	1.001855	0.819458	
85	1.002137	0.000244	-2.230774	-0.000244	1.002137	0.887085	
86	1.002188	0.000253	-2.234253	-0.000253	1.002188	0.911499	
87	1.002017	0.000133	-1.930664	-0.000133	1.002017	0.827332	
88	1.002084	0.000153	-2.133118	-0.000153	1.002084	0.837830	
89	1.002183	0.000194	-2.106262	-0.000194	1.002183	0.873840	
90	1.002031	0.000104	-1.803772	-0.000104	1.002031	0.865540	
91	1.002181	0.000288	-2.241333	-0.000288	1.002181	0.953308	
92	1.002229	0.000136	-2.144897	-0.000136	1.002229	0.849426	
93	1.002282	0.000032	-2.015625	-0.000032	1.002282	0.783386	
94	1.002558	0.000094	-2.273926	-0.000094	1.002558	0.790466	
95	1.002208	0.000108	-2.084412	-0.000108	1.002208	0.849548	
96	1.002521	0.000193	-2.386475	-0.000193	1.002521	0.966858	
97	1.002439	0.000341	-2.468689	-0.000341	1.002439	1.115112	
98	1.002332	0.000195	-2.322876	-0.000195	1.002332	0.984131	
99	1.002279	-0.000005	-1.946167	0.000005	1.002279	0.794830	
100	1.002536	0.000158	-2.283813	-0.000158	1.002536	0.951660	
101	1.002521	0.000196	-2.407715	-0.000196	1.002521	0.975586	
102	1.002154	0.000170	-2.064758	-0.000170	1.002154	0.889984	
103	1.002683	0.000263	-2.519653	-0.000263	1.002683	1.025513	
104	1.002439	0.000114	-2.331360	-0.000114	1.002439	0.983154	
105	1.002520	0.000252	-2.418823	-0.000252	1.002520	1.057495	
106	1.002544	0.000417	-2.594116	-0.000417	1.002544	1.236023	
107	1.002430	0.000372	-2.507629	-0.000372	1.002430	1.212769	
108	1.002566	-0.000091	-2.187378	0.000091	1.002566	0.807007	
109	1.002702	0.000494	-2.823242	-0.000494	1.002702	1.367493	
110	1.002602	0.000170	-2.402588	-0.000170	1.002602	1.051941	
111	1.002665	-0.000026	-2.391602	0.000026	1.002665	0.897400	
112	1.002844	0.000546	-3.026428	-0.000546	1.002844	1.458374	
113	1.002606	0.000227	-2.439941	-0.000227	1.002606	1.146362	
114	1.002498	-0.000078	-2.262329	0.000078	1.002498	0.826172	
115	1.002964	0.000395	-3.018066	-0.000395	1.002964	1.240295	
116	1.002732	0.000102	-2.504456	-0.000102	1.002732	1.024658	
117	1.002841	0.000762	-3.224426	-0.000762	1.002841	1.689026	
118	1.002975	0.000528	-3.108582	-0.000528	1.002975	1.376343	
119	1.002615	0.000112	-2.402161	-0.000112	1.002615	1.077789	
120	1.002871	0.000591	-3.056152	-0.000591	1.002871	1.593750	
121	1.003103	0.000705	-3.581482	-0.000705	1.003103	1.671509	
122	1.002681	0.000164	-2.484070	-0.000164	1.002681	1.123657	
123	1.002919	0.000852	-3.329651	-0.000852	1.002919	1.805420	
124	1.003086	0.000855	-3.603699	-0.000855	1.003086	1.739807	
125	1.003022	0.000475	-3.102600	-0.000475	1.003022	1.428467	
126	1.002520	0.000155	-2.345642	-0.000155	1.002520	1.070648	
127	1.003297	0.000471	-3.504578	-0.000471	1.003297	1.620422	
128	1.002885	0.000316	-2.879517	-0.000316	1.002885	1.310608	
129	1.003149	-0.000077	-2.610535	0.000077	1.003149	0.968506	
130	1.003659	0.000744	-3.696167	-0.000744	1.003659	1.383484	
131	1.002318	0.000088	-2.083374	-0.000088	1.002318	1.134583	
132	1.003826	0.000871	-3.903076	-0.000871	1.003826	1.498291	
133	1.003111	0.000833	-3.445679	-0.000833	1.003111	1.846375	
134	1.002911	0.000444	-2.961792	-0.000444	1.002911	1.495605	
135	1.003718	0.000901	-3.895935	-0.000901	1.003718	1.567688	
136	1.003497	0.000899	-3.683716	-0.000899	1.003497	1.722168	
137	1.002669	0.000150	-2.484924	-0.000150	1.002669	1.208008	
138	1.003595	0.000791	-3.854004	-0.000791	1.003595	1.886353	
139	1.003431	0.000703	-3.432861	-0.000703	1.003431	1.538635	
140	1.003498	0.000257	-3.248840	-0.000257	1.003498	1.363953	
141	1.003932	0.000098	-3.309265	-0.000098	1.003932	1.227966	
142	1.002991	0.000744	-3.116394	-0.000744	1.002991	1.782776	
143	1.003381	0.000742	-3.664001	-0.000742	1.003381	1.818542	
144	1.003705	0.001034	-4.237122	-0.001034	1.003705	2.221741	
145	1.002912	0.000463	-2.276428	-0.000463	1.002912	1.456665	
146	1.002813	-0.000006	-1.549377	0.000006	1.002813	1.125977	
147	1.003304	0.000036	-0.909363	-0.000036	1.003304	1.075378	
148	1.002455	-0.000795	1.922607	0.000795	1.002455	0.324951	
149	1.002294	-0.001873	4.986267	0.001873	1.002294	-0.679810	
150	1.001897	-0.002599	7.608948	0.002599	1.001897	-1.424316	
151	1.001550	-0.003530	9.164673	0.003530	1.001550	-1.905579	
152	1.001759	-0.003157	8.941772	0.003157	1.001759	-1.966675	
153	1.002074	-0.002913	8.616089	0.002913	1.002074	-1.895691	
154	1.002579	-0.002531	6.559937	0.002531	1.002579	-1.636230	
155	1.003183	-0.001744	3.439270	0.001744	1.003183	-0.813110	
156	1.004476	-0.001822	1.899078	0.001822	1.004476	-1.047485	
157	1.003641	0.000150	-1.579590	-0.000150	1.003641	1.094910	
158	1.003478	0.000722	-2.959412	-0.000722	1.003478	1.825928	
159	1.003252	0.000858	-2.946960	-0.000858	1.003252	1.936218	
160	1.002661	0.000145	-2.154602	-0.000145	1.002661	1.127533	
161	1.002342	0.000022	-1.851318	-0.000022	1.002342	1.080597	
162	1.002942	0.000800	-3.081604	-0.000800	1.002942	1.930267	
163	1.003556	0.000921	-3.648987	-0.000921	1.003556	2.000244	
164	1.002886	0.000046	-2.399048	-0.000046	1.002886	1.022522	
165	1.003392	0.000488	-3.206787	-0.000488	1.003392	1.523865	
166	1.003153	0.000330	-2.970215	-0.000330	1.003153	1.346283	
167	1.002472	0.000011	-2.090820	-0.000011	1.002472	1.099304	
168	1.003726	0.000266	-3.221252	-0.000266	1.003726	1.240906	
169	1.003293	0.000759	-3.529480	-0.000759	1.003293	1.858337	
170	1.003179	0.000681	-3.253174	-0.000681	1.003179	1.838684	
171	1.002552	0.000113	-2.217529	-0.000113	1.002552	1.150269	
172	1.003598	0.001041	-4.130188	-0.001041	1.003598	2.259521	
173	1.002501	-0.000066	-2.085266	0.000066	1.002501	1.065308	
174	1.003209	0.000488	-3.124695	-0.000488	1.003209	1.703552	
175	1.003008	-0.000007	-2.823120	0.000007	1.003008	1.121735	
176	1.003133	0.001083	-4.516235	-0.001083	1.003133	2.354553	
177	1.002382	0.000505	-3.988770	-0.000505	1.002382	1.623169	
178	1.003937	0.000641	-6.167725	-0.000641	1.003937	1.558716	
179	1.002493	0.001192	-6.631409	-0.001192	1.002493	2.215302	
180	1.006366	0.001721	-9.551453	-0.001721	1.006366	1.739075	
181	1.005437	0.002286	-10.275574	-0.002286	1.005437	2.640564	
182	1.005144	0.001896	-10.098145	-0.001896	1.005144	2.359253	
183	1.006360	0.001849	-10.596497	-0.001849	1.006360	1.945679	
184	1.006380	0.001619	-9.543243	-0.001619	1.006380	1.748718	
185	1.004411	0.001440	-7.745667	-0.001440	1.004411	2.135529	
186	1.002877	0.000844	-5.437378	-0.000844	1.002877	1.765381	
187	1.002995	0.000295	-3.935181	-0.000295	1.002995	1.481995	
188	1.002564	0.000153	-2.814209	-0.000153	1.002564	1.228149	
189	1.003748	0.000891	-4.217651	-0.000891	1.003748	2.138672	
190	1.002658	-0.000110	-2.243103	0.000110	1.002658	1.161835	
191	1.004108	0.001132	-4.789368	-0.001132	1.004108	2.341614	
192	1.003550	0.000446	-3.638977	-0.000446	1.003550	1.677612	
193	1.002446	-0.000153	-2.031860	0.000153	1.002446	1.133698	
194	1.002484	-0.000116	-2.124146	0.000116	1.002484	1.055786	
195	1.005147	-0.000522	-3.445038	0.000522	1.005147	0.430725	
196	1.002548	-0.000169	-2.101379	0.000169	1.002548	1.124359	
197	1.002594	-0.000055	-2.291382	0.000055	1.002594	1.170502	
198	1.003989	0.001126	-4.549744	-0.001126	1.003989	2.517395	
199	1.002743	-0.000208	-2.201416	0.000208	1.002743	1.067047	
200	1.002601	-0.000162	-2.162964	0.000162	1.002601	1.074432	
201	1.003460	0.000388	-3.303589	-0.000388	1.003460	1.622284	
202	1.002935	0.000188	-2.763062	-0.000188	1.002935	1.467438	
203	1.002845	0.000245	-3.074158	-0.000245	1.002845	1.481750	
204	1.002679	0.000193	-3.862122	-0.000193	1.002679	1.383759	
205	1.002573	0.000781	-5.149780	-0.000781	1.002573	2.001953	
206	1.007092	0.000084	-8.017548	-0.000084	1.007092	0.832520	
207	1.007562	0.001150	-10.885620	-0.001150	1.007562	1.495544	
208	1.003757	0.002497	-11.218933	-0.002497	1.003757	3.176056	
209	1.008071	0.002542	-14.509766	-0.002542	1.008071	2.127533	
210	1.009028	0.003401	-16.653809	-0.003401	1.009028	2.604492	
211	1.009815	0.003425	-17.752045	-0.003425	1.009815	2.587891	
212	1.009597	0.003870	-18.241882	-0.003870	1.009597	2.835022	
213	1.009722	0.003758	-18.763123	-0.003758	1.009722	2.913727	
214	1.009922	0.003469	-18.770782	-0.003469	1.009922	2.697388	
215	1.009359	0.004252	-19.285248	-0.004252	1.009359	3.335541	
216	1.011243	0.004439	-20.637512	-0.004439	1.011243	2.559814	
217	1.010883	0.004976	-21.394043	-0.004976	1.010883	2.928711	
218	1.009881	0.004218	-20.651337	-0.004218	1.009881	3.115784	
219	1.012154	0.003977	-21.954239	-0.003977	1.012154	2.670197	
220	1.007507	0.005573	-20.811493	-0.005573	1.007507	4.878265	
221	1.010483	0.004405	-21.077087	-0.004405	1.010483	3.174194	
222	1.008939	0.004116	-18.893982	-0.004116	1.008939	3.285980	
223	1.008975	0.003096	-16.519684	-0.003096	1.008975	2.383606	
224	1.005345	0.002788	-12.171936	-0.002788	1.005345	2.912659	
225	1.003527	0.001459	-8.097229	-0.001459	1.003527	2.218506	
226	1.003535	0.000823	-5.957825	-0.000823	1.003535	1.810730	
227	1.002815	0.000089	-3.728455	-0.000089	1.002815	1.146973	
228	1.002941	-0.000000	-3.049500	0.000000	1.002941	1.009277	
229	1.003077	-0.000010	-2.954712	0.000010	1.003077	1.036469	
230	1.003118	0.000182	-3.097229	-0.000182	1.003118	1.404205	
231	1.002751	-0.000116	-2.608765	0.000116	1.002751	1.044586	
232	1.002975	0.000140	-2.988708	-0.000140	1.002975	1.412140	
233	1.002740	-0.000042	-2.454651	0.000042	1.002740	1.294464	
234	1.002712	-0.000162	-2.219482	0.000162	1.002712	0.995270	
235	1.002770	-0.000174	-2.324707	0.000174	1.002770	1.128937	
236	1.003032	0.000267	-2.949036	-0.000267	1.003032	1.606598	
237	1.002880	-0.000162	-2.392212	0.000162	1.002880	1.131653	
238	1.003022	0.000055	-2.794617	-0.000055	1.003022	1.390350	
239	1.002996	0.000118	-2.676636	-0.000118	1.002996	1.446228	
240	1.002878	0.000012	-2.596802	-0.000012	1.002878	1.285522	
241	1.002941	-0.000041	-2.548340	0.000041	1.002941	1.259399	
242	1.002941	-0.000006	-2.526855	0.000006	1.002941	1.317413	
243	1.003027	0.000115	-2.956360	-0.000115	1.003027	1.411682	
244	1.002866	-0.000093	-2.552490	0.000093	1.002866	1.157990	
245	1.003171	0.000247	-3.020996	-0.000247	1.003171	1.647644	
246	1.002969	0.000075	-2.870361	-0.000075	1.002969	1.372986	
247	1.003033	0.000157	-3.813538	-0.000157	1.003033	1.459991	
248	1.002927	0.000512	-4.638062	-0.000512	1.002927	1.840240	
249	1.003740	0.001173	-7.303589	-0.001173	1.003740	2.403015	
250	1.006578	0.000586	-9.939362	-0.000586	1.006578	1.573273	
251	1.007480	0.002135	-13.787964	-0.002135	1.007480	2.557404	
252	1.009085	0.002713	-16.109879	-0.002713	1.009085	2.498871	
253	1.008702	0.003558	-17.190430	-0.003558	1.008702	2.862549	
254	1.009606	0.003092	-17.887054	-0.003092	1.009606	2.755615	
255	1.008948	0.003877	-18.289764	-0.003877	1.008948	3.260040	
256	1.008857	0.005258	-19.384033	-0.005258	1.008857	3.646912	
257	1.009121	0.003828	-18.270630	-0.003828	1.009121	2.954468	
258	1.008258	0.003723	-16.990387	-0.003723	1.008258	2.900421	
259	1.008209	0.003344	-15.460480	-0.003344	1.008209	2.674500	
260	1.007207	0.002211	-12.710449	-0.002211	1.007207	2.228088	
261	1.005514	0.001789	-10.155273	-0.001789	1.005514	2.527771	
262	1.003822	0.001277	-7.110352	-0.001277	1.003822	2.313843	
263	1.003630	0.000941	-5.321167	-0.000941	1.003630	2.184387	
264	1.003724	0.000601	-4.923218	-0.000601	1.003724	1.895020	
265	1.003543	0.000485	-3.847717	-0.000485	1.003543	1.842468	
266	1.003741	0.000562	-4.029358	-0.000562	1.003741	1.947876	
267	1.003474	0.000349	-3.692871	-0.000349	1.003474	1.719025	
268	1.003626	0.000535	-3.905579	-0.000535	1.003626	1.953247	
269	1.003617	0.000508	-3.786011	-0.000508	1.003617	1.964233	
270	1.003538	0.000301	-3.544556	-0.000301	1.003538	1.721252	
271	1.003855	0.000271	-3.622681	-0.000271	1.003855	1.704163	
272	1.003725	0.000562	-3.801575	-0.000562	1.003725	2.008789	
273	1.003489	0.000667	-4.511536	-0.000667	1.003489	2.026489	
274	1.003092	0.000465	-5.375549	-0.000465	1.003092	1.724884	
275	1.003895	0.001461	-9.505371	-0.001461	1.003895	2.216553	
276	1.009025	0.002059	-15.097961	-0.002059	1.009025	2.359497	
277	1.008745	0.003146	-19.234589	-0.003146	1.008745	3.613556	
278	1.012687	0.003805	-24.382675	-0.003805	1.012687	3.805206	
279	1.001951	0.008069	-21.187500	-0.008069	1.001951	9.616943	
280	0.999869	0.009454	-20.816528	-0.009454	0.999869	12.451355	
281	1.004425	0.010821	-27.708618	-0.010821	1.004425	11.037170	
282	1.001814	0.010608	-24.496338	-0.010608	1.001814	12.825012	
283	1.000359	0.009691	-21.995605	-0.009691	1.000359	12.626770	
284	0.998068	0.010121	-19.852905	-0.010121	0.998068	14.088715	
285	1.002050	0.009377	-23.859985	-0.009377	1.002050	11.447754	
286	1.000110	0.010415	-22.011719	-0.010415	1.000110	13.859924	
287	1.002206	0.008442	-21.674561	-0.008442	1.002206	10.120972	
288	1.004808	0.008573	-24.030151	-0.008573	1.004808	9.043335	
289	1.002244	0.008598	-21.264282	-0.008598	1.002244	10.467651	
290	1.012492	0.005116	-27.479889	-0.005116	1.012492	4.977142	
291	1.011485	0.005163	-26.788666	-0.005163	1.011485	5.614120	
292	1.000331	0.007977	-18.065308	-0.007977	1.000331	10.743164	
293	1.002025	0.007190	-17.092529	-0.007190	1.002025	9.046875	
294	1.001358	0.004304	-9.716553	-0.004304	1.001358	6.547546	
295	1.001634	0.002909	-6.946045	-0.002909	1.001634	5.144928	
296	1.002526	0.000540	-4.763733	-0.000540	1.002526	2.282471	
297	1.002315	0.001180	-4.642578	-0.001180	1.002315	3.260620	
298	1.006205	0.000496	-6.728516	-0.000496	1.006205	0.557922	
299	1.004429	0.000609	-4.588501	-0.000609	1.004429	1.404846	
300	1.002812	0.000193	-2.387939	-0.000193	1.002812	1.559296	
301	1.003324	0.000257	-2.837402	-0.000257	1.003324	1.493591	
302	1.003231	0.001160	-3.735474	-0.001160	1.003231	2.526978	
303	1.002264	0.000067	-1.987000	-0.000067	1.002264	1.366211	
304	1.003053	0.000417	-3.096436	-0.000417	1.003053	1.636963	
305	1.002939	0.000710	-3.374756	-0.000710	1.002939	1.944824	
306	1.002045	0.000124	-1.986267	-0.000124	1.002045	1.293274	
307	1.002475	0.000429	-2.651245	-0.000429	1.002475	1.567627	
308	1.002567	0.000686	-3.051270	-0.000686	1.002567	1.775757	
309	1.001991	0.000068	-2.238770	-0.000068	1.001991	1.171509	
310	1.001973	0.000541	-3.155518	-0.000541	1.001973	1.508118	
311	1.002032	0.000888	-5.285828	-0.000888	1.002032	1.667755	
312	1.001630	0.001676	-7.096558	-0.001676	1.001630	2.634796	
313	1.001623	0.003435	-11.173035	-0.003435	1.001623	4.334839	
314	1.001234	0.006010	-15.446899	-0.006010	1.001234	7.283325	
315	0.997778	0.006469	-14.167847	-0.006469	0.997778	8.602356	
316	1.000564	0.008108	-19.609375	-0.008108	1.000564	9.260010	
317	0.997132	0.008378	-17.404541	-0.008378	0.997132	11.042542	
318	1.000827	0.009290	-22.070435	-0.009290	1.000827	10.275818	
319	1.000312	0.009554	-21.552734	-0.009554	1.000312	10.860046	
320	0.999880	0.009370	-20.834839	-0.009370	0.999880	10.738770	
321	1.002286	0.009236	-23.192688	-0.009236	1.002286	9.063416	
322	0.997991	0.010861	-20.406860	-0.010861	0.997991	14.050293	
323	0.997874	0.008887	-18.572632	-0.008887	0.997874	10.700836	
324	1.000668	0.009453	-21.489441	-0.009453	1.000668	9.999268	
325	0.998522	0.009006	-18.732422	-0.009006	0.998522	10.582031	
326	0.998252	0.010155	-18.658325	-0.010155	0.998252	12.572449	
327	1.000057	0.008685	-18.337158	-0.008685	1.000057	9.361023	
328	1.001668	0.007025	-15.575500	-0.007025	1.001668	6.431213	
329	0.999912	0.003766	-7.527344	-0.003766	0.999912	4.437805	
330	1.001119	0.001845	-4.504028	-0.001845	1.001119	1.794922	
331	1.001033	0.000660	-2.104919	-0.000660	1.001033	0.619781	
332	1.000804	0.000397	-1.005188	-0.000397	1.000804	0.540985	
333	1.000877	0.000164	-0.536499	-0.000164	1.000877	0.245270	
334	1.000844	0.000170	-0.480591	-0.000170	1.000844	0.165802	
335	1.000664	0.000058	-0.302185	-0.000058	1.000664	0.244141	
336	1.000706	0.000153	-0.291016	-0.000153	1.000706	0.243500	
337	1.000669	0.000102	-0.227234	-0.000102	1.000669	0.252197	
338	1.000657	0.000100	-0.325562	-0.000100	1.000657	0.237274	
339	1.000614	0.000114	-0.237488	-0.000114	1.000614	0.213867	
340	1.000542	0.000091	-0.143433	-0.000091	1.000542	0.301727	
341	1.000579	0.000047	-0.149841	-0.000047	1.000579	0.219482	
342	1.000516	0.000054	-0.105713	-0.000054	1.000516	0.179169	
343	1.000476	0.000142	-0.158325	-0.000142	1.000476	0.348114	
344	1.000515	0.000082	-0.225403	-0.000082	1.000515	0.273590	
345	1.000481	0.000156	-0.392395	-0.000156	1.000481	0.228699	
346	1.000380	0.000393	-1.231812	-0.000393	1.000380	0.498810	
347	1.000471	0.001125	-3.190430	-0.001125	1.000471	1.015961	
348	1.000290	0.001913	-5.206482	-0.001913	1.000290	1.943054	
349	1.000236	0.003056	-7.146484	-0.003056	1.000236	3.115601	
350	1.000610	0.003673	-8.945068	-0.003673	1.000610	3.518127	
351	1.000062	0.004135	-9.835999	-0.004135	1.000062	4.305023	
352	0.999600	0.004730	-10.469238	-0.004730	0.999600	5.151062	
353	0.998782	0.005586	-11.034912	-0.005586	0.998782	6.590759	
354	0.999228	0.005596	-11.944946	-0.005596	0.999228	6.108704	
355	0.999914	0.006001	-13.395386	-0.006001	0.999914	6.093811	
356	1.001477	0.006395	-15.460571	-0.006395	1.001477	5.320862	
357	1.001656	0.006292	-15.909851	-0.006292	1.001656	5.253723	
358	0.999258	0.006424	-13.934082	-0.006424	0.999258	6.958679	
359	1.000218	0.006621	-15.239929	-0.006621	1.000218	6.491272	
360	1.000604	0.006575	-15.700317	-0.006575	1.000604	6.224854	
361	0.999713	0.006454	-14.439392	-0.006454	0.999713	6.568359	
362	0.999574	0.006383	-13.173279	-0.006383	0.999574	6.683411	
363	0.999759	0.003923	-8.124390	-0.003923	0.999759	4.049011	
364	0.999749	0.001886	-3.644287	-0.001886	0.999749	2.093445	
365	1.000275	0.000762	-1.730408	-0.000762	1.000275	0.702301	
366	1.000296	0.000326	-0.801331	-0.000326	1.000296	0.161591	
367	1.000222	0.000021	-0.159241	-0.000021	1.000222	-0.129578	
368	1.000126	0.000038	-0.058777	-0.000038	1.000126	0.022888	
369	1.000272	0.000196	-0.251770	-0.000196	1.000272	0.050629	
370	1.000208	0.000044	-0.124573	-0.000044	1.000208	-0.171844	
371	1.000188	0.000006	-0.055359	-0.000006	1.000188	-0.042175	
372	1.000015	-0.000002	0.131653	0.000002	1.000015	0.117371	
373	1.000146	0.000089	-0.049683	-0.000089	1.000146	0.003357	
374	1.000113	-0.000023	0.017883	0.000023	1.000113	-0.046875	
375	1.000033	0.000112	0.081421	-0.000112	1.000033	0.103119	
376	1.000121	0.000079	-0.023621	-0.000079	1.000121	0.110718	
377	1.000155	-0.000060	0.007446	0.000060	1.000155	-0.091461	
378	0.999996	0.000038	0.138733	-0.000038	0.999996	0.092346	
379	1.000027	0.000077	0.115173	-0.000077	1.000027	0.091644	
380	1.000056	-0.000027	0.058777	0.000027	1.000056	-0.006317	
381	1.000064	0.000010	0.056702	-0.000010	1.000064	0.030518	
382	1.000099	0.000089	-0.009705	-0.000089	1.000099	0.075378	
383	1.000043	-0.000002	0.103882	0.000002	1.000043	0.008453	
384	1.000018	-0.000091	0.202332	0.000091	1.000018	0.018616	
385	1.000157	0.000122	-0.124451	-0.000122	1.000157	0.143951	
386	1.000171	-0.000008	-0.062683	0.000008	1.000171	-0.009033	
387	1.000065	-0.000031	0.175537	0.000031	1.000065	-0.001556	
388	1.000084	0.000064	-0.078796	-0.000064	1.000084	0.227081	
389	1.000242	0.000029	-0.060974	-0.000029	1.000242	0.088562	
390	1.000186	-0.000051	0.012390	0.000051	1.000186	-0.037964	
391	1.000185	0.000075	-0.084045	-0.000075	1.000185	0.180786	
392	1.000258	0.000041	-0.185364	-0.000041	1.000258	0.215363	
393	1.000286	-0.000029	-0.197388	0.000029	1.000286	0.041779	
394	1.000205	-0.000051	0.038147	0.000051	1.000205	0.156342	
395	1.000355	0.000076	-0.372559	-0.000076	1.000355	0.278687	
396	1.000370	-0.000065	-0.208069	0.000065	1.000370	0.050995	
397	1.000260	0.000000	-0.076721	-0.000000	1.000260	0.290558	
398	1.000466	0.000094	-0.470154	-0.000094	1.000466	0.279968	
399	1.000406	-0.000074	-0.253052	0.000074	1.000406	0.107910	
400	1.000351	-0.000073	-0.212158	0.000073	1.000351	0.242828	
401	1.000501	0.000069	-0.333252	-0.000069	1.000501	0.260468	
402	1.000503	0.000057	-0.512024	-0.000057	1.000503	0.211151	
403	1.000435	-0.000115	-0.194946	0.000115	1.000435	0.203857	
404	1.000557	0.000019	-0.470886	-0.000019	1.000557	0.228333	
405	1.000562	0.000051	-0.533936	-0.000051	1.000562	0.233551	
406	1.000515	-0.000123	-0.274963	0.000123	1.000515	0.186249	
407	1.000596	-0.000016	-0.444885	0.000016	1.000596	0.211456	
408	1.000615	0.000100	-0.572571	-0.000100	1.000615	0.353088	
409	1.000641	-0.000089	-0.440308	0.000089	1.000641	0.199280	
410	1.000667	-0.000014	-0.564697	0.000014	1.000667	0.230896	
411	1.000679	0.000005	-0.564026	-0.000005	1.000679	0.294464	
412	1.000719	0.000058	-0.591492	-0.000058	1.000719	0.386353	
413	1.000757	-0.000059	-0.579346	0.000059	1.000757	0.192474	
414	1.000741	0.000068	-0.649231	-0.000068	1.000741	0.372101	
415	1.000745	-0.000077	-0.589294	0.000077	1.000745	0.252991	
416	1.000742	-0.000068	-0.565063	0.000068	1.000742	0.299469	
417	1.000840	0.000034	-0.685791	-0.000034	1.000840	0.368378	
418	1.000930	0.000093	-0.848450	-0.000093	1.000930	0.307404	
419	1.000826	-0.000104	-0.616882	0.000104	1.000826	0.284668	
420	1.000879	0.000017	-0.706482	-0.000017	1.000879	0.455750	
421	1.000993	0.000023	-0.843750	-0.000023	1.000993	0.307068	
422	1.000912	-0.000102	-0.669434	0.000102	1.000912	0.253784	
423	1.000923	-0.000004	-0.743652	0.000004	1.000923	0.472137	
424	1.001027	0.000095	-0.954590	-0.000095	1.001027	0.428528	
425	1.000989	-0.000073	-0.852905	0.000073	1.000989	0.347778	
426	1.000996	-0.000032	-0.799194	0.000032	1.000996	0.417633	
427	1.001068	0.000063	-0.923828	-0.000063	1.001068	0.420471	
428	1.001042	0.000040	-1.005493	-0.000040	1.001042	0.468750	
429	1.001056	-0.000075	-0.833862	0.000075	1.001056	0.392273	
430	1.001111	0.000071	-0.983032	-0.000071	1.001111	0.450836	
431	1.001090	0.000060	-1.053162	-0.000060	1.001090	0.544250	
432	1.001117	-0.000119	-0.860657	0.000119	1.001117	0.323639	
433	1.001114	0.000008	-0.906250	-0.000008	1.001114	0.443146	
434	1.001153	0.000119	-1.125061	-0.000119	1.001153	0.624664	
435	1.001180	-0.000053	-0.963257	0.000053	1.001180	0.391205	
436	1.001202	0.000014	-0.988708	-0.000014	1.001202	0.464264	
437	1.001218	0.000071	-1.215698	-0.000071	1.001218	0.622253	
438	1.001261	-0.000073	-1.042725	0.000073	1.001261	0.362244	
439	1.001180	0.000030	-0.998718	-0.000030	1.001180	0.516602	
440	1.001295	0.000073	-1.214966	-0.000073	1.001295	0.586700	
441	1.001354	-0.000037	-1.162537	0.000037	1.001354	0.386017	
442	1.001298	-0.000019	-1.078674	0.000019	1.001298	0.512390	
443	1.001327	0.000068	-1.315369	-0.000068	1.001327	0.642273	
444	1.001322	-0.000013	-1.108765	0.000013	1.001322	0.422394	
445	1.001354	-0.000058	-1.168091	0.000058	1.001354	0.540985	
446	1.001390	-0.000015	-1.180786	0.000015	1.001390	0.497589	
447	1.001437	0.000169	-1.432861	-0.000169	1.001437	0.635376	
448	1.001385	-0.000110	-1.071472	0.000110	1.001385	0.483673	
449	1.001484	0.000012	-1.268921	-0.000012	1.001484	0.579163	
450	1.001496	0.000009	-1.363647	-0.000009	1.001496	0.539764	
451	1.001443	-0.000063	-1.242126	0.000063	1.001443	0.540466	
452	1.001494	-0.000063	-1.246033	0.000063	1.001494	0.503296	
453	1.001529	0.000115	-1.453674	-0.000115	1.001529	0.706116	
454	1.001589	-0.000117	-1.369080	0.000117	1.001589	0.519043	
455	1.001589	-0.000051	-1.337280	0.000051	1.001589	0.497681	
456	1.001645	0.000037	-1.437805	-0.000037	1.001645	0.627594	
457	1.001569	-0.000064	-1.365234	0.000064	1.001569	0.606995	
458	1.001588	-0.000038	-1.567627	0.000038	1.001588	0.540527	
459	1.001555	0.000350	-2.239502	-0.000350	1.001555	0.994080	
460	1.001663	0.000455	-2.777527	-0.000455	1.001663	1.131989	
461	1.001667	0.000707	-3.806152	-0.000707	1.001667	1.223267	
462	1.001597	0.001473	-5.745056	-0.001473	1.001597	2.142395	
463	1.002393	0.002266	-8.371338	-0.002266	1.002393	2.521545	
464	1.002036	0.003510	-10.035645	-0.003510	1.002036	3.868774	
465	1.002141	0.004201	-11.897461	-0.004201	1.002141	4.614319	
466	1.001358	0.005177	-12.387573	-0.005177	1.001358	6.195923	
467	1.002147	0.005173	-13.183350	-0.005173	1.002147	5.289062	
468	1.003799	0.005182	-14.584106	-0.005182	1.003799	4.057617	
469	1.002365	0.004915	-12.947388	-0.004915	1.002365	4.809814	
470	1.003431	0.004713	-12.587646	-0.004713	1.003431	3.931091	
471	1.002216	0.002504	-7.586121	-0.002504	1.002216	2.809631	
472	1.002219	0.001229	-4.827454	-0.001229	1.002219	1.434448	
473	1.001921	0.000352	-3.079041	-0.000352	1.001921	0.852386	
474	1.002023	0.000521	-2.540161	-0.000521	1.002023	1.013611	
475	1.001917	0.000007	-1.772339	-0.000007	1.001917	0.610352	
476	1.001978	0.000020	-1.672607	-0.000020	1.001978	0.571716	
477	1.002068	0.000194	-2.148560	-0.000194	1.002068	0.793518	
478	1.002040	0.000306	-2.353882	-0.000306	1.002040	0.828247	
479	1.001964	-0.000008	-1.780518	0.000008	1.001964	0.679169	
480	1.002009	0.000073	-1.824890	-0.000073	1.002009	0.694458	
481	1.001900	-0.000047	-1.559631	0.000047	1.001900	0.608063	
482	1.001930	0.000108	-1.795654	-0.000108	1.001930	0.757507	
483	1.002075	0.000396	-2.296997	-0.000396	1.002075	0.935822	
484	1.001857	-0.000053	-1.619019	0.000053	1.001857	0.609039	
485	1.002056	-0.000068	-1.863342	0.000068	1.002056	0.589081	
486	1.002022	-0.000022	-1.697510	0.000022	1.002022	0.749603	
487	1.001910	0.000056	-1.704834	-0.000056	1.001910	0.824188	
488	1.002117	0.000037	-1.986572	-0.000037	1.002117	0.795624	
489	1.002057	0.000122	-2.007385	-0.000122	1.002057	0.858521	
490	1.002123	-0.000008	-1.903503	0.000008	1.002123	0.739929	
491	1.001954	0.000061	-1.802307	-0.000061	1.001954	0.885742	
492	1.002187	0.000309	-2.243591	-0.000309	1.002187	1.116028	
493	1.002015	0.000040	-1.794556	-0.000040	1.002015	0.718811	
494	1.002015	0.000075	-1.899353	-0.000075	1.002015	0.889069	
495	1.001983	0.000217	-1.973389	-0.000217	1.001983	1.030457	
496	1.002283	-0.000047	-1.986633	0.000047	1.002283	0.684021	
497	1.001959	-0.000025	-1.789795	0.000025	1.001959	0.809113	
498	1.001861	0.000103	-1.666504	-0.000103	1.001861	0.909821	
499	1.002355	0.000242	-2.429932	-0.000242	1.002355	0.988220	
500	1.002047	-0.000157	-1.710144	0.000157	1.002047	0.605499	
501	1.002453	-0.000014	-2.071289	0.000014	1.002453	0.778015	
502	1.003013	0.000408	-3.179993	-0.000408	1.003013	0.811249	
503	1.003735	0.000195	-3.610352	-0.000195	1.003735	0.036591	
504	1.003297	0.000011	-3.014465	-0.000011	1.003297	0.067719	
505	1.001830	0.000128	-1.779236	-0.000128	1.001830	0.846436	
506	1.000733	0.000081	-0.610107	-0.000081	1.000733	1.516449	
507	1.000022	-0.000093	0.230774	0.000093	1.000022	1.567963	
508	1.000436	-0.000002	-0.262939	0.000002	1.000436	1.572083	
509	1.001176	0.000543	-1.421265	-0.000543	1.001176	1.809723	
510	1.000962	0.000154	-0.889893	-0.000154	1.000962	1.568359	
511	1.001338	0.000583	-1.713867	-0.000583	1.001338	1.945160	
512	1.004779	0.000122	-4.575684	-0.000122	1.004779	-0.749908	
513	1.002921	-0.000235	-2.620178	0.000235	1.002921	-0.112427	
514	1.002130	-0.000065	-1.784668	0.000065	1.002130	0.697083	
515	1.002218	0.000326	-2.272217	-0.000326	1.002218	1.072449	
516	1.002376	0.000174	-2.412964	-0.000174	1.002376	0.964203	
517	1.002188	0.000652	-3.219604	-0.000652	1.002188	1.353516	
518	1.002429	0.000623	-3.985779	-0.000623	1.002429	1.278259	
519	1.002264	0.000703	-5.184509	-0.000703	1.002264	1.501740	
520	1.002605	0.001297	-6.992859	-0.001297	1.002605	1.787964	
521	1.002478	0.002642	-8.437683	-0.002642	1.002478	3.119263	
522	1.002992	0.002350	-9.230042	-0.002350	1.002992	2.583221	
523	1.003204	0.002432	-9.339966	-0.002432	1.003204	2.421570	
524	1.002423	0.003247	-9.277893	-0.003247	1.002423	3.886139	
525	1.002789	0.001881	-8.925842	-0.001881	1.002789	2.231750	
526	1.002993	0.001733	-8.111145	-0.001733	1.002993	1.984131	
527	1.002288	0.001365	-6.134644	-0.001365	1.002288	1.882080	
528	1.002150	0.000752	-3.960876	-0.000752	1.002150	1.482544	
529	1.002050	0.000070	-2.567505	-0.000070	1.002050	0.816345	
530	1.001969	0.000200	-2.277283	-0.000200	1.001969	1.009735	
531	1.001896	0.000047	-1.778381	-0.000047	1.001896	0.921021	
532	1.002066	-0.000147	-1.658875	0.000147	1.002066	0.559937	
533	1.001833	-0.000098	-1.718506	0.000098	1.001833	0.722717	
534	1.001793	0.000053	-1.695312	-0.000053	1.001793	0.990662	
535	1.001943	-0.000122	-1.681885	0.000122	1.001943	0.642853	
536	1.001911	0.000019	-1.632446	-0.000019	1.001911	0.848969	
537	1.001996	-0.000020	-1.759216	0.000020	1.001996	0.912445	
538	1.001955	-0.000132	-1.590210	0.000132	1.001955	0.647034	
539	1.001770	-0.000034	-1.437073	0.000034	1.001770	0.794434	
540	1.001684	0.000192	-1.661255	-0.000192	1.001684	1.127899	
541	1.002409	0.000294	-2.381958	-0.000294	1.002409	1.026093	
542	1.001958	-0.000310	-1.474182	0.000310	1.001958	0.574615	
543	1.001835	0.000066	-1.593567	-0.000066	1.001835	0.997925	
544	1.001935	-0.000075	-1.653015	0.000075	1.001935	0.706635	
545	1.001935	-0.000222	-1.445557	0.000222	1.001935	0.570892	
546	1.001797	-0.000002	-1.800781	0.000002	1.001797	0.898499	
547	1.001877	0.000262	-2.716736	-0.000262	1.001877	1.016785	
548	1.001845	0.000396	-3.737305	-0.000396	1.001845	1.055267	
549	1.002366	0.001189	-5.877930	-0.001189	1.002366	1.781433	
550	1.003278	0.001676	-8.007874	-0.001676	1.003278	1.866577	
551	1.002907	0.002197	-8.942566	-0.002197	1.002907	2.380188	
552	1.003059	0.002553	-9.237915	-0.002553	1.003059	2.708740	
553	1.003495	0.001628	-8.453491	-0.001628	1.003495	1.887543	
554	1.002819	0.002277	-7.353882	-0.002277	1.002819	2.725891	
555	1.002453	0.000734	-4.255066	-0.000734	1.002453	1.596741	
556	1.002257	0.000717	-3.244812	-0.000717	1.002257	1.490448	
557	1.002712	0.000817	-3.608643	-0.000817	1.002712	1.509399	
558	1.001972	0.000007	-1.777222	-0.000007	1.001972	0.876373	
559	1.002149	-0.000084	-1.837769	0.000084	1.002149	0.735443	
560	1.001739	-0.000080	-1.492432	0.000080	1.001739	0.803802	
561	1.002263	0.000047	-2.068298	-0.000047	1.002263	0.966705	
562	1.001952	-0.000078	-1.694397	0.000078	1.001952	0.778290	
563	1.001902	-0.000110	-1.716125	0.000110	1.001902	0.764923	
564	1.001644	-0.000095	-1.319336	0.000095	1.001644	0.747009	
565	1.001761	-0.000105	-1.501038	0.000105	1.001761	0.713074	
566	1.001932	-0.000012	-1.553406	0.000012	1.001932	0.856354	
567	1.002028	-0.000176	-1.664368	0.000176	1.002028	0.753174	
568	1.002006	-0.000054	-1.766052	0.000054	1.002006	0.771698	
569	1.001995	0.000051	-1.759827	-0.000051	1.001995	0.933014	
570	1.002486	0.000370	-2.456970	-0.000370	1.002486	1.298187	
571	1.002333	-0.000026	-2.031311	0.000026	1.002333	0.743042	
572	1.001910	-0.000165	-1.534119	0.000165	1.001910	0.698669	
573	1.001976	0.000129	-1.929810	-0.000129	1.001976	1.004089	
574	1.001986	-0.000174	-1.585510	0.000174	1.001986	0.600830	
575	1.001946	-0.000302	-1.400330	0.000302	1.001946	0.588531	
576	1.001800	-0.000011	-1.553345	0.000011	1.001800	0.912567	
577	1.001935	-0.000182	-1.587341	0.000182	1.001935	0.597534	
578	1.001877	-0.000141	-1.538452	0.000141	1.001877	0.694977	
579	1.001861	-0.000009	-1.958008	0.000009	1.001861	0.942108	
580	1.002059	0.000225	-2.873474	-0.000225	1.002059	0.941254	
581	1.002231	0.000614	-4.521301	-0.000614	1.002231	1.337891	
582	1.002743	0.001272	-6.398804	-0.001272	1.002743	1.828247	
583	1.002651	0.001559	-7.553589	-0.001559	1.002651	1.866852	
584	1.003168	0.002475	-9.674072	-0.002475	1.003168	2.553101	
585	1.003292	0.002790	-10.418945	-0.002790	1.003292	2.897491	
586	1.003197	0.003100	-10.647522	-0.003100	1.003197	3.153259	
587	1.003421	0.002952	-10.734009	-0.002952	1.003421	2.946564	
588	1.003045	0.003182	-10.661621	-0.003182	1.003045	3.332184	
589	1.003461	0.002774	-10.411621	-0.002774	1.003461	2.680237	
590	1.003267	0.002204	-9.137451	-0.002204	1.003267	2.135193	
591	1.002739	0.002395	-8.000732	-0.002395	1.002739	2.849701	
592	1.002872	0.001378	-6.776306	-0.001378	1.002872	1.694824	
593	1.002434	0.000749	-4.107056	-0.000749	1.002434	1.268890	
594	1.002044	0.000052	-2.409729	-0.000052	1.002044	0.791595	
595	1.001814	-0.000073	-2.122681	0.000073	1.001814	0.639557	
596	1.001948	-0.000030	-1.773315	0.000030	1.001948	0.793091	
597	1.001840	-0.000108	-1.498352	0.000108	1.001840	0.654022	
598	1.002120	-0.000057	-1.917297	0.000057	1.002120	0.831879	
599	1.002141	-0.000164	-1.860779	0.000164	1.002141	0.766083	
600	1.002519	0.000176	-2.473694	-0.000176	1.002519	0.915466	
601	1.001901	0.000018	-1.795410	-0.000018	1.001901	0.821594	
602	1.001968	-0.000029	-1.639343	0.000029	1.001968	0.882446	
603	1.001783	-0.000118	-1.531555	0.000118	1.001783	0.686920	
604	1.002050	-0.000099	-1.637512	0.000099	1.002050	0.735657	
605	1.001950	0.000038	-1.698486	-0.000038	1.001950	0.854675	
606	1.002028	-0.000182	-1.667419	0.000182	1.002028	0.728424	
607	1.002051	-0.000055	-1.776611	0.000055	1.002051	0.716217	
608	1.002277	-0.000130	-1.824280	0.000130	1.002277	0.840881	
609	1.002005	-0.000083	-1.682495	0.000083	1.002005	0.772949	
610	1.002014	-0.000283	-1.502258	0.000283	1.002014	0.472443	
611	1.001950	0.000015	-1.807312	-0.000015	1.001950	0.902802	
612	1.002004	-0.000088	-2.094360	0.000088	1.002004	0.824432	
613	1.002173	0.000254	-3.262085	-0.000254	1.002173	0.947540	
614	1.002152	0.000760	-4.945801	-0.000760	1.002152	1.420776	
615	1.002714	0.001595	-7.013489	-0.001595	1.002714	2.010529	
616	1.003061	0.002035	-9.117859	-0.002035	1.003061	2.086731	
617	1.002448	0.003205	-10.249695	-0.003205	1.002448	3.568665	
618	1.002354	0.004287	-11.829224	-0.004287	1.002354	4.716156	
619	1.002558	0.004655	-13.227966	-0.004655	1.002558	4.882935	
620	1.003061	0.005022	-14.604065	-0.005022	1.003061	5.079895	
621	1.001799	0.005296	-14.238403	-0.005296	1.001799	5.801758	
622	1.002797	0.006088	-16.289856	-0.006088	1.002797	6.245087	
623	1.003231	0.005658	-16.447266	-0.005658	1.003231	5.473572	
624	1.002940	0.005884	-16.470032	-0.005884	1.002940	5.831879	
625	1.002720	0.006002	-16.458618	-0.006002	1.002720	6.123993	
626	1.009483	0.003884	-20.293365	-0.003884	1.009483	3.002136	
627	1.003637	0.006085	-17.297913	-0.006085	1.003637	5.726440	
628	1.002945	0.005837	-16.293701	-0.005837	1.002945	5.879486	
629	1.003458	0.005671	-16.037781	-0.005671	1.003458	5.377197	
630	1.004705	0.004852	-15.302429	-0.004852	1.004705	3.944824	
631	1.004006	0.003942	-11.647644	-0.003942	1.004006	3.435852	
632	1.003064	0.001414	-6.465271	-0.001414	1.003064	1.465729	
633	1.002433	0.000401	-3.897339	-0.000401	1.002433	0.973724	
634	1.001779	0.000338	-3.057800	-0.000338	1.001779	1.138550	
635	1.001890	0.000129	-2.077454	-0.000129	1.001890	0.797943	
636	1.001794	-0.000054	-1.553833	0.000054	1.001794	0.658447	
637	1.002412	-0.000152	-1.988586	0.000152	1.002412	0.586670	
638	1.002346	-0.000310	-2.011353	0.000310	1.002346	0.481750	
639	1.002196	-0.000092	-2.036926	0.000092	1.002196	0.726868	
640	1.002110	-0.000047	-1.882324	0.000047	1.002110	0.869873	
641	1.001759	0.000167	-1.650696	-0.000167	1.001759	0.994781	
642	1.001935	0.000018	-1.658813	-0.000018	1.001935	0.650238	
643	1.001975	0.000077	-1.773010	-0.000077	1.001975	0.935059	
644	1.001966	0.000263	-1.971191	-0.000263	1.001966	1.031891	
645	1.002316	-0.000315	-1.940002	0.000315	1.002316	0.584412	
646	1.002159	0.000304	-2.189209	-0.000304	1.002159	1.169861	
647	1.002038	0.000092	-1.960938	-0.000092	1.002038	0.842194	
648	1.002276	0.000260	-2.144653	-0.000260	1.002276	1.015259	
649	1.001689	0.000101	-1.571655	-0.000101	1.001689	0.853210	
650	1.002295	0.000230	-2.275513	-0.000230	1.002295	1.134644	
651	1.001912	-0.000028	-1.740295	0.000028	1.001912	0.713654	
652	1.002195	-0.000411	-1.634766	0.000411	1.002195	0.440521	
653	1.002282	0.000086	-2.101807	-0.000086	1.002282	0.897919	
654	1.001904	0.000149	-1.858887	-0.000149	1.001904	0.974457	
655	1.001740	-0.000053	-1.564148	0.000053	1.001740	0.823578	
656	1.001860	0.000061	-1.725586	-0.000061	1.001860	0.916534	
657	1.002029	0.000199	-1.995972	-0.000199	1.002029	1.025421	
658	1.002233	0.000272	-2.274963	-0.000272	1.002233	1.152100	
659	1.001749	0.000108	-1.554138	-0.000108	1.001749	0.966858	
660	1.001864	0.000126	-1.801453	-0.000126	1.001864	0.967560	
661	1.002134	0.000163	-2.075439	-0.000163	1.002134	1.011444	
662	1.001854	-0.000047	-1.600525	0.000047	1.001854	0.864899	
663	1.002388	-0.000038	-2.129150	0.000038	1.002388	0.802032	
664	1.002189	-0.000130	-1.923462	0.000130	1.002189	0.726746	
665	1.001742	-0.000032	-1.477905	0.000032	1.001742	0.824402	
666	1.001932	0.000082	-1.823914	-0.000082	1.001932	1.002899	
667	1.001925	0.000252	-1.993408	-0.000252	1.001925	1.066376	
668	1.002146	0.000224	-2.032776	-0.000224	1.002146	1.084747	
669	1.002194	0.000406	-2.227417	-0.000406	1.002194	1.318115	
670	1.002349	0.000097	-2.159729	-0.000097	1.002349	0.930481	
671	1.001846	-0.000090	-1.634766	0.000090	1.001846	0.791473	
672	1.002257	-0.000174	-1.843262	0.000174	1.002257	0.733398	
673	1.002016	0.000069	-1.880066	-0.000069	1.002016	0.939117	
674	1.001702	0.000053	-1.615173	-0.000053	1.001702	0.883453	
675	1.002285	-0.000123	-1.905884	0.000123	1.002285	0.771179	
676	1.001712	0.000166	-1.670654	-0.000166	1.001712	1.006836	
677	1.001806	-0.000001	-1.675293	0.000001	1.001806	0.829041	
678	1.001915	0.000002	-1.692200	-0.000002	1.001915	0.891083	
679	1.002148	-0.000154	-1.802917	0.000154	1.002148	0.740631	
680	1.001984	0.000050	-1.848816	-0.000050	1.001984	0.886505	
681	1.002163	-0.000307	-1.660156	0.000307	1.002163	0.619202	
682	1.001650	0.000171	-1.570740	-0.000171	1.001650	1.025299	
683	1.002310	0.000346	-2.426331	-0.000346	1.002310	1.216949	
684	1.001971	-0.000002	-1.717712	0.000002	1.001971	0.889862	
685	1.001856	0.000106	-1.704285	-0.000106	1.001856	1.012787	
686	1.001915	0.000144	-1.843872	-0.000144	1.001915	0.994965	
687	1.001964	-0.000148	-1.615234	0.000148	1.001964	0.724426	
688	1.001885	0.000073	-1.706848	-0.000073	1.001885	0.992371	
689	1.001979	-0.000056	-1.712524	0.000056	1.001979	0.837982	
690	1.002231	-0.000187	-1.915161	0.000187	1.002231	0.666534	
691	1.002200	-0.000286	-1.717712	0.000286	1.002200	0.645508	
692	1.002274	-0.000105	-1.967407	0.000105	1.002274	0.788574	
693	1.001918	0.000023	-1.795410	-0.000023	1.001918	0.905121	
694	1.001914	-0.000100	-1.619812	0.000100	1.001914	0.797150	
695	1.002244	0.000002	-1.984253	-0.000002	1.002244	0.932037	
696	1.002256	-0.000181	-1.938416	0.000181	1.002256	0.664917	
697	1.001847	-0.000053	-1.509338	0.000053	1.001847	0.840363	
698	1.002124	-0.000094	-1.883240	0.000094	1.002124	0.880005	
699	1.001854	0.000134	-1.766113	-0.000134	1.001854	1.006256	
700	1.002160	-0.000318	-1.778076	0.000318	1.002160	0.511963	
701	1.002060	-0.000180	-1.726013	0.000180	1.002060	0.696960	
702	1.002367	0.000002	-2.139893	-0.000002	1.002367	0.906525	
703	1.002069	-0.000050	-1.880920	0.000050	1.002069	0.790466	
704	1.001850	-0.000037	-1.626587	0.000037	1.001850	0.867218	
705	1.002208	0.000038	-1.968872	-0.000038	1.002208	0.990875	
706	1.002263	0.000269	-2.266479	-0.000269	1.002263	1.131409	
707	1.001998	-0.000051	-1.658691	0.000051	1.001998	0.814331	
708	1.001968	0.000128	-1.848816	-0.000128	1.001968	1.055511	
709	1.002333	0.000590	-2.606140	-0.000590	1.002333	1.521729	
710	1.002206	0.000011	-1.924927	-0.000011	1.002206	0.843964	
711	1.001997	0.000046	-1.810242	-0.000046	1.001997	0.992157	
712	1.002216	0.000349	-2.252075	-0.000349	1.002216	1.355927	
713	1.002145	0.000263	-2.139893	-0.000263	1.002145	1.038483	
714	1.001935	0.000037	-1.682373	-0.000037	1.001935	1.010162	
715	1.002354	-0.000355	-1.825378	0.000355	1.002354	0.674622	
716	1.002247	-0.000296	-1.860718	0.000296	1.002247	0.576233	
717	1.002275	-0.000309	-1.812439	0.000309	1.002275	0.716492	
718	1.002077	0.000295	-2.649353	-0.000295	1.002077	1.295410	
719	1.002390	0.000415	-3.702148	-0.000415	1.002390	1.154694	
720	1.002031	0.000770	-4.563782	-0.000770	1.002031	1.641449	
721	1.002943	0.001513	-6.845459	-0.001513	1.002943	1.971161	
722	1.002987	0.002253	-8.231384	-0.002253	1.002987	2.702026	
723	1.003288	0.002424	-8.971191	-0.002424	1.003288	2.651581	
724	1.003081	0.003013	-9.097229	-0.003013	1.003081	3.371429	
725	1.003367	0.002162	-8.359070	-0.002162	1.003367	2.368866	
726	1.002801	0.001732	-6.708679	-0.001732	1.002801	2.348358	
727	1.002746	0.001094	-4.767578	-0.001094	1.002746	1.686493	
728	1.002404	0.000068	-2.786072	-0.000068	1.002404	1.055939	
729	1.002289	0.000135	-2.697937	-0.000135	1.002289	0.983978	
730	1.002554	-0.000119	-2.356323	0.000119	1.002554	0.704742	
731	1.002318	-0.000021	-2.118774	0.000021	1.002318	0.888824	
732	1.002218	-0.000264	-1.857727	0.000264	1.002218	0.753723	
733	1.002448	0.000069	-2.296631	-0.000069	1.002448	0.906616	
734	1.002042	0.000222	-2.078308	-0.000222	1.002042	1.157318	
735	1.002198	-0.000169	-1.935242	0.000169	1.002198	0.838318	
736	1.001974	-0.000150	-1.613586	0.000150	1.001974	0.614410	
737	1.002137	-0.000123	-1.917725	0.000123	1.002137	0.867371	
738	1.002349	0.000395	-2.384033	-0.000395	1.002349	1.380890	
739	1.002260	-0.000051	-2.036377	0.000051	1.002260	0.812439	
740	1.001908	0.000087	-1.776062	-0.000087	1.001908	1.081879	
741	1.002293	0.000128	-2.216492	-0.000128	1.002293	1.039886	
742	1.002417	-0.000105	-2.122131	0.000105	1.002417	0.757385	
743	1.002064	0.000285	-2.004517	-0.000285	1.002064	1.214600	
744	1.002151	0.000319	-2.117432	-0.000319	1.002151	1.244659	
745	1.002159	0.000108	-2.048462	-0.000108	1.002159	1.020813	
746	1.002402	-0.000196	-1.977844	0.000196	1.002402	0.733521	
747	1.002391	-0.000103	-2.075134	0.000103	1.002391	0.975189	
748	1.002656	0.000611	-2.859802	-0.000611	1.002656	1.497711	
749	1.002017	-0.000081	-1.687500	0.000081	1.002017	0.804260	
750	1.001858	0.000290	-1.909485	-0.000290	1.001858	1.276062	
751	1.002267	0.000369	-2.367798	-0.000369	1.002267	1.244446	
752	1.002617	-0.000203	-2.208252	0.000203	1.002617	0.560699	
753	1.002389	-0.000003	-2.046265	0.000003	1.002389	0.902313	
754	1.002217	0.000470	-2.349548	-0.000470	1.002217	1.404419	
755	1.002120	0.000145	-2.019775	-0.000145	1.002120	1.016937	
756	1.002376	-0.000197	-1.942200	0.000197	1.002376	0.856262	
757	1.001975	0.000101	-1.839905	-0.000101	1.001975	0.905548	
758	1.002139	0.000200	-2.081238	-0.000200	1.002139	1.135925	
759	1.002004	0.000016	-1.698364	-0.000016	1.002004	0.860596	
760	1.002414	-0.000010	-2.205627	0.000010	1.002414	0.963959	
761	1.002569	0.000135	-2.480469	-0.000135	1.002569	1.104095	
762	1.002077	0.000058	-1.868408	-0.000058	1.002077	0.878479	
763	1.002636	0.000024	-2.342224	-0.000024	1.002636	1.007141	
764	1.002498	0.000027	-2.295898	-0.000027	1.002498	1.044922	
765	1.002567	-0.000219	-2.125183	0.000219	1.002567	0.617157	
766	1.002133	0.000487	-2.273315	-0.000487	1.002133	1.470673	
767	1.002248	0.000281	-2.263977	-0.000281	1.002248	1.196716	
768	1.001903	-0.000055	-1.628357	0.000055	1.001903	0.814728	
769	1.002572	0.000041	-2.304504	-0.000041	1.002572	1.014343	
770	1.002422	0.000130	-2.353577	-0.000130	1.002422	1.074463	
771	1.002178	0.000197	-2.595520	-0.000197	1.002178	0.984802	
772	1.002175	0.000805	-3.707214	-0.000805	1.002175	1.724365	
773	1.002230	0.000667	-4.390198	-0.000667	1.002230	1.444489	
774	1.002650	0.000928	-5.843323	-0.000928	1.002650	1.678741	
775	1.003203	0.001358	-6.947083	-0.001358	1.003203	1.795349	
776	1.002882	0.001840	-7.133484	-0.001840	1.002882	2.198425	
777	1.002622	0.001807	-7.072693	-0.001807	1.002622	2.525024	
778	1.003221	0.001773	-7.434570	-0.001773	1.003221	2.105957	
779	1.002467	0.002243	-6.958740	-0.002243	1.002467	3.076721	
780	1.003218	0.001611	-6.819397	-0.001611	1.003218	1.888031	
781	1.002889	0.001611	-6.082825	-0.001611	1.002889	2.176361	
782	1.002131	0.000733	-3.821472	-0.000733	1.002131	1.554565	
783	1.002625	0.000499	-3.356506	-0.000499	1.002625	1.345764	
784	1.002475	-0.000026	-2.575439	0.000026	1.002475	0.756226	
785	1.001651	-0.000001	-1.642273	0.000001	1.001651	0.892029	
786	1.002098	-0.000151	-1.824219	0.000151	1.002098	0.740051	
787	1.001894	0.000145	-1.818542	-0.000145	1.001894	1.051392	
788	1.002415	0.000380	-2.493469	-0.000380	1.002415	1.318298	
789	1.002033	0.000453	-2.212524	-0.000453	1.002033	1.390106	
790	1.002298	-0.000070	-2.039490	0.000070	1.002298	0.855988	
791	1.001894	0.000006	-1.665100	-0.000006	1.001894	0.879730	
792	1.001982	0.000238	-1.991455	-0.000238	1.001982	1.166016	
793	1.001823	0.000103	-1.698364	-0.000103	1.001823	1.085663	
794	1.002067	0.000100	-1.905762	-0.000100	1.002067	0.883789	
795	1.002138	0.000309	-2.106201	-0.000309	1.002138	1.196869	
796	1.002288	-0.000202	-1.928833	0.000202	1.002288	0.701233	
797	1.002067	0.000250	-2.041687	-0.000250	1.002067	1.188568	
798	1.002348	-0.000030	-2.000916	0.000030	1.002348	0.827179	
799	1.002039	0.000408	-2.161804	-0.000408	1.002039	1.306091	
800	1.002000	0.000263	-1.928894	-0.000263	1.002000	1.235687	
801	1.001989	0.000049	-1.739868	-0.000049	1.001989	0.906464	
802	1.002012	0.000318	-1.976807	-0.000318	1.002012	1.204895	
803	1.001857	0.000102	-1.742615	-0.000102	1.001857	1.037384	
804	1.002168	0.000248	-2.079834	-0.000248	1.002168	1.049622	
805	1.001941	0.000133	-1.783936	-0.000133	1.001941	1.077789	
806	1.001941	0.000095	-1.843933	-0.000095	1.001941	1.000763	
807	1.002074	-0.000062	-1.789612	0.000062	1.002074	0.778564	
808	1.002184	-0.000316	-1.685303	0.000316	1.002184	0.594116	
809	1.001895	0.000141	-1.816956	-0.000141	1.001895	1.084595	
810	1.002284	0.000541	-2.435303	-0.000541	1.002284	1.527924	
811	1.002163	-0.000164	-1.755737	0.000164	1.002163	0.763611	
812	1.001832	0.000247	-1.845215	-0.000247	1.001832	1.093628	
813	1.001843	-0.000206	-1.459106	0.000206	1.001843	0.668488	
814	1.002031	0.000106	-1.786499	-0.000106	1.002031	0.940430	
815	1.002001	0.000230	-1.975220	-0.000230	1.002001	1.111542	
816	1.001696	-0.000138	-1.377319	0.000138	1.001696	0.748749	
817	1.002046	0.000065	-1.820068	-0.000065	1.002046	0.872528	
818	1.001736	0.000087	-1.575989	-0.000087	1.001736	0.989929	
819	1.001809	0.000026	-1.659119	-0.000026	1.001809	0.925262	
820	1.002139	-0.000519	-1.504761	0.000519	1.002139	0.293610	
821	1.002168	-0.000043	-1.847046	0.000043	1.002168	0.867432	
822	1.001902	0.000125	-1.841064	-0.000125	1.001902	0.960785	
823	1.001796	-0.000053	-1.535645	0.000053	1.001796	0.756317	
824	1.001936	0.000068	-1.708679	-0.000068	1.001936	1.034546	
825	1.001781	0.000132	-1.663147	-0.000132	1.001781	0.864380	
826	1.002526	-0.000131	-2.166199	0.000131	1.002526	0.744385	
827	1.002328	-0.000198	-1.887207	0.000198	1.002328	0.514404	
828	1.001884	0.000103	-1.754639	-0.000103	1.001884	0.837860	
829	1.002178	-0.000097	-1.897278	0.000097	1.002178	0.669403	
830	1.002519	-0.000077	-2.171814	0.000077	1.002519	0.510345	
831	1.001855	0.000162	-1.711792	-0.000162	1.001855	0.772949	
832	1.002241	0.000246	-2.227722	-0.000246	1.002241	0.961578	
833	1.002392	-0.000163	-1.975769	0.000163	1.002392	0.260376	
834	1.001868	0.000142	-1.737976	-0.000142	1.001868	0.753143	
835	1.002723	0.000001	-2.443542	-0.000001	1.002723	0.525818	
836	1.002027	-0.000084	-1.764771	0.000084	1.002027	0.332703	
837	1.002084	0.000123	-1.911377	-0.000123	1.002084	0.727905	
838	1.002167	-0.000012	-1.883789	0.000012	1.002167	0.630463	
839	1.002172	0.000060	-2.053955	-0.000060	1.002172	0.489594	
840	1.001971	-0.000032	-1.672119	0.000032	1.001971	0.612549	
841	1.001880	0.000043	-1.748962	-0.000043	1.001880	0.730286	
842	1.002132	-0.000060	-1.875183	0.000060	1.002132	0.433777	
843	1.002539	-0.000072	-2.134460	0.000072	1.002539	0.606842	
844	1.001927	0.000174	-1.846558	-0.000174	1.001927	0.856812	
845	1.002045	0.000035	-1.928894	-0.000035	1.002045	0.794495	
846	1.002205	0.000067	-2.013062	-0.000067	1.002205	0.632019	
847	1.002333	0.000196	-2.140442	-0.000196	1.002333	0.917023	
848	1.002009	0.000202	-1.981873	-0.000202	1.002009	0.819458	
849	1.002091	-0.000128	-1.645264	0.000128	1.002091	0.373657	
850	1.002359	0.000435	-2.530701	-0.000435	1.002359	1.222809	
851	1.002091	0.000107	-1.942139	-0.000107	1.002091	0.762939	
852	1.002610	-0.000147	-2.224426	0.000147	1.002610	0.371094	
853	1.002225	-0.000057	-1.855957	0.000057	1.002225	0.668823	
854	1.002235	-0.000188	-1.861206	0.000188	1.002235	0.360840	
855	1.002711	0.000256	-2.649536	-0.000256	1.002711	0.852020	
856	1.002079	0.000078	-1.870728	-0.000078	1.002079	0.683289	
857	1.002527	0.000542	-2.706299	-0.000542	1.002527	1.300903	
858	1.002221	0.000140	-2.195435	-0.000140	1.002221	0.784454	
859	1.002245	0.000104	-2.041077	-0.000104	1.002245	0.745422	
860	1.001964	0.000068	-1.752563	-0.000068	1.001964	0.667572	
861	1.002333	-0.000182	-1.968323	0.000182	1.002333	0.463074	
862	1.002563	-0.000133	-2.134460	0.000133	1.002563	0.327362	
863	1.001932	0.000021	-1.767700	-0.000021	1.001932	0.642303	
864	1.002785	0.000065	-2.564514	-0.000065	1.002785	0.546265	
865	1.002089	-0.000308	-1.532166	0.000308	1.002089	0.232788	
866	1.002588	-0.000011	-2.300964	0.000011	1.002588	0.541626	
867	1.002238	0.000165	-2.165100	-0.000165	1.002238	0.793854	
868	1.002076	-0.000152	-1.672058	0.000152	1.002076	0.292511	
869	1.002469	-0.000114	-2.077454	0.000114	1.002469	0.458862	
870	1.002194	0.000126	-2.012024	-0.000126	1.002194	0.707153	
871	1.002361	-0.000207	-1.941528	0.000207	1.002361	0.392090	
872	1.002255	-0.000141	-1.832336	0.000141	1.002255	0.324493	
873	1.002127	-0.000082	-1.816589	0.000082	1.002127	0.510376	
874	1.002109	-0.000002	-1.952393	0.000002	1.002109	0.625580	
875	1.002357	-0.000372	-1.762695	0.000372	1.002357	0.069763	
876	1.001963	0.000005	-1.746399	-0.000005	1.001963	0.630981	
877	1.002289	0.000054	-2.081421	-0.000054	1.002289	0.530426	
878	1.002159	-0.000320	-1.640076	0.000320	1.002159	0.117371	
879	1.002269	-0.000131	-1.888916	0.000131	1.002269	0.431793	
880	1.002454	0.000052	-2.240417	-0.000052	1.002454	0.573822	
881	1.002424	0.000146	-2.324951	-0.000146	1.002424	0.722595	
882	1.002015	-0.000031	-1.687744	0.000031	1.002015	0.524933	
883	1.001950	0.000066	-1.763794	-0.000066	1.001950	0.610138	
884	1.002406	-0.000380	-1.863953	0.000380	1.002406	0.267883	
885	1.002463	-0.000335	-1.845520	0.000335	1.002463	0.257080	
886	1.001964	0.000021	-1.753540	-0.000021	1.001964	0.733978	
887	1.002359	0.000146	-2.268616	-0.000146	1.002359	0.870544	
888	1.002354	-0.000158	-1.946411	0.000158	1.002354	0.517242	
889	1.002130	0.000113	-1.944214	-0.000113	1.002130	0.977661	
890	1.002620	0.000026	-2.397827	-0.000026	1.002620	0.694885	
891	1.002429	-0.000476	-1.817078	0.000476	1.002429	0.234650	
892	1.002902	-0.000052	-2.582092	0.000052	1.002902	0.402679	
893	1.003903	-0.000331	-3.309448	0.000331	1.003903	-0.453796	
894	1.003408	-0.000265	-2.904907	0.000265	1.003408	-0.365509	
895	1.002034	-0.000054	-1.708618	0.000054	1.002034	0.780487	
896	1.000700	-0.000259	-0.244202	0.000259	1.000700	1.287262	
897	1.000603	-0.000340	-0.124634	0.000340	1.000603	1.261597	
898	1.000856	-0.000414	-0.208435	0.000414	1.000856	1.209839	
899	1.000980	-0.000417	-0.415710	0.000417	1.000980	0.971313	
900	1.000799	-0.000341	-0.358704	0.000341	1.000799	1.193146	
901	1.000931	-0.000395	-0.600891	0.000395	1.000931	1.020081	
902	1.005641	-0.000021	-6.029175	0.000021	1.005641	-0.893250	
903	1.003237	0.000520	-4.887390	-0.000520	1.003237	0.687592	
904	1.002690	0.000504	-5.635925	-0.000504	1.002690	1.075836	
905	1.002666	0.001472	-7.466980	-0.001472	1.002666	2.009949	
906	1.003170	0.002342	-9.541016	-0.002342	1.003170	2.360718	
907	1.003227	0.001896	-11.163818	-0.001896	1.003227	2.341614	
908	1.002034	0.003482	-10.737793	-0.003482	1.002034	4.070526	
909	1.003114	0.003299	-12.206482	-0.003299	1.003114	3.215485	
910	1.003967	0.002848	-13.076111	-0.002848	1.003967	2.652634	
911	1.004522	0.003434	-12.693359	-0.003434	1.004522	2.797882	
912	1.003940	0.003033	-11.195923	-0.003033	1.003940	2.680634	
913	1.003269	0.002027	-9.171692	-0.002027	1.003269	2.106079	
914	1.002652	0.001166	-8.024292	-0.001166	1.002652	1.585175	
915	1.003242	0.001565	-7.501953	-0.001565	1.003242	1.632019	
916	1.002622	0.000564	-5.304260	-0.000564	1.002622	1.087402	
917	1.001730	0.000336	-3.101624	-0.000336	1.001730	1.017609	
918	1.001978	0.000008	-2.548096	-0.000008	1.001978	0.760925	
919	1.001717	-0.000098	-2.078247	0.000098	1.001717	0.572449	
920	1.002222	-0.000610	-1.765381	0.000610	1.002222	0.202148	
921	1.001781	-0.000205	-1.318848	0.000205	1.001781	0.626709	
922	1.001752	-0.000067	-1.758423	0.000067	1.001752	0.657440	
923	1.001771	-0.000149	-1.633240	0.000149	1.001771	0.610077	
924	1.002128	-0.000543	-1.560730	0.000543	1.002128	0.399963	
925	1.001814	-0.000010	-1.747559	0.000010	1.001814	0.765442	
926	1.001838	-0.000230	-1.488037	0.000230	1.001838	0.537231	
927	1.001680	-0.000128	-1.418335	0.000128	1.001680	0.646118	
928	1.002457	-0.000391	-1.990356	0.000391	1.002457	0.459717	
929	1.001708	-0.000031	-1.689209	0.000031	1.001708	0.674774	
930	1.001667	-0.000297	-1.460632	0.000297	1.001667	0.515594	
931	1.001927	-0.000086	-1.742676	0.000086	1.001927	0.742889	
932	1.001859	-0.000053	-1.633301	0.000053	1.001859	0.792877	
933	1.002428	-0.000620	-1.568848	0.000620	1.002428	0.353516	
934	1.001802	-0.000520	-0.337830	0.000520	1.001802	0.469238	
935	1.001737	-0.000697	0.240173	0.000697	1.001737	0.251587	
936	1.002612	-0.001146	1.411011	0.001146	1.002612	-0.480957	
937	1.003308	-0.001727	4.920288	0.001727	1.003308	-1.086578	
938	1.002557	-0.003968	8.065491	0.003968	1.002557	-3.137115	
939	1.003145	-0.005214	9.841431	0.005214	1.003145	-4.493469	
940	1.001922	-0.006366	13.248047	0.006366	1.001922	-5.480591	
941	1.002162	-0.005370	14.852051	0.005370	1.002162	-4.309631	
942	1.000879	-0.007632	16.537842	0.007632	1.000879	-6.328094	
943	1.001781	-0.007652	15.967529	0.007652	1.001781	-6.692352	
944	1.003113	-0.007523	14.406982	0.007523	1.003113	-6.956818	
945	1.001753	-0.003994	14.033508	0.003994	1.001753	-3.283630	
946	1.004419	-0.006195	8.846436	0.006195	1.004419	-6.566772	
947	1.004447	-0.002632	6.229675	0.002632	1.004447	-2.270508	
948	1.003638	-0.002545	2.361328	0.002545	1.003638	-2.332703	
949	1.001254	-0.001444	1.992065	0.001444	1.001254	-0.280914	
950	1.001968	-0.000714	-0.156616	0.000714	1.001968	0.168091	
951	1.002378	-0.000517	-1.296997	0.000517	1.002378	0.340027	
952	1.002516	-0.000219	-1.793152	0.000219	1.002516	0.552155	
953	1.002401	-0.000459	-1.655457	0.000459	1.002401	0.379211	
954	1.002198	-0.000180	-1.656921	0.000180	1.002198	0.669373	
955	1.002220	-0.000396	-1.576904	0.000396	1.002220	0.344910	
956	1.001735	-0.000274	-1.242737	0.000274	1.001735	0.425613	
957	1.002134	-0.000303	-1.552612	0.000303	1.002134	0.486359	
958	1.002503	-0.000296	-2.118835	0.000296	1.002503	0.421631	
959	1.002106	-0.000287	-1.676208	0.000287	1.002106	0.452759	
960	1.001844	-0.000289	-1.295959	0.000289	1.001844	0.427399	
961	1.002205	-0.000402	-1.791321	0.000402	1.002205	0.374481	
962	1.002065	-0.000342	-1.636658	0.000342	1.002065	0.484711	
963	1.002686	-0.000328	-2.262207	0.000328	1.002686	0.424377	
964	1.002179	-0.000409	-1.768860	0.000409	1.002179	0.321930	
965	1.002301	-0.000315	-1.887573	0.000315	1.002301	0.585266	
966	1.002158	-0.000500	-1.548096	0.000500	1.002158	0.431213	
967	1.002142	-0.000395	-1.595032	0.000395	1.002142	0.496674	
968	1.001961	-0.000427	-1.479797	0.000427	1.001961	0.433777	
969	1.002084	-0.000468	-1.519348	0.000468	1.002084	0.417023	
970	1.002160	-0.000179	-1.773132	0.000179	1.002160	0.753052	
971	1.002118	-0.000273	-1.714722	0.000273	1.002118	0.612030	
972	1.002136	-0.000496	-1.506531	0.000496	1.002136	0.334961	
973	1.002956	-0.000406	-2.317200	0.000406	1.002956	0.121246	
974	1.003618	-0.000319	-3.172668	0.000319	1.003618	-0.127625	
975	1.003536	-0.000636	-2.814880	0.000636	1.003536	-0.665955	
976	1.002120	-0.000345	-1.650452	0.000345	1.002120	0.470703	
977	1.000360	-0.000312	0.052795	0.000312	1.000360	1.346268	
978	1.000630	-0.000663	0.053528	0.000663	1.000630	0.933990	
979	1.000559	-0.000531	0.073425	0.000531	1.000559	1.156036	
980	1.001032	-0.000341	-0.507202	0.000341	1.001032	1.098145	
981	1.000478	-0.000386	-0.035828	0.000386	1.000478	1.223846	
982	1.001156	-0.000500	-0.507385	0.000500	1.001156	0.726715	
983	1.001956	-0.000393	-1.417175	0.000393	1.001956	0.652435	
984	1.004500	-0.000268	-3.940857	0.000268	1.004500	-0.902802	
985	1.004267	-0.000786	-3.538269	0.000786	1.004267	-1.133728	
986	1.002293	-0.000369	-1.744080	0.000369	1.002293	0.644897	
987	1.002214	-0.000493	-1.565247	0.000493	1.002214	0.492035	
988	1.002032	-0.000598	-1.350647	0.000598	1.002032	0.321701	
989	1.002231	-0.000511	-1.635254	0.000511	1.002231	0.713074	
990	1.001959	-0.000447	-1.434631	0.000447	1.001959	0.677948	
991	1.002057	-0.000738	-1.315979	0.000738	1.002057	0.420898	
992	1.002179	-0.000599	-1.445496	0.000599	1.002179	0.738373	
993	1.001483	-0.000168	-1.303223	0.000168	1.001483	0.897781	
994	1.002111	-0.000733	-1.485535	0.000733	1.002111	0.552673	
995	1.001897	-0.000613	-1.316589	0.000613	1.001897	0.911743	
996	1.001658	-0.000500	-1.212585	0.000500	1.001658	1.026627	
997	1.002014	-0.000814	-1.362915	0.000814	1.002014	0.961121	
998	1.001753	-0.000733	-0.943298	0.000733	1.001753	0.958160	
999	1.001154	-0.000030	-0.985046	0.000030	1.001154	1.181625	
1000	1.001645	-0.000259	-1.395691	0.000259	1.001645	1.001404	
1001	1.001379	-0.000494	-0.894836	0.000494	1.001379	0.791443	
1002	1.001117	-0.000228	-0.834534	0.000228	1.001117	0.988007	
1003	1.001474	-0.000629	-0.849304	0.000629	1.001474	0.798798	
1004	1.001416	-0.000770	-0.904724	0.000770	1.001416	0.858185	
1005	1.001016	-0.000566	-0.498108	0.000566	1.001016	0.897064	
1006	1.001003	-0.000357	-0.623413	0.000357	1.001003	1.024078	
1007	1.000811	-0.000485	-0.507385	0.000485	1.000811	0.981873	
1008	1.000685	-0.000756	-0.031189	0.000756	1.000685	0.720612	
1009	1.000788	-0.000337	-0.434021	0.000337	1.000788	1.034637	
1010	1.000830	-0.000405	-0.497070	0.000405	1.000830	0.956116	
1011	1.000385	-0.000444	0.051941	0.000444	1.000385	0.831177	
1012	1.000333	-0.000285	0.140442	0.000285	1.000333	1.084137	
1013	1.000299	-0.000438	0.063538	0.000438	1.000299	0.834839	
1014	1.000352	-0.000424	-0.007935	0.000424	1.000352	0.811646	
1015	1.000170	-0.000430	0.317688	0.000430	1.000170	0.987518	
1016	1.000339	-0.000402	-0.136047	0.000402	1.000339	0.793350	
1017	1.000018	-0.000427	0.342773	0.000427	1.000018	0.921783	
1018	1.000093	-0.000184	0.260010	0.000184	1.000093	1.287292	
1019	1.000195	-0.000490	0.286316	0.000490	1.000195	0.769409	
1020	1.000019	-0.000378	0.162537	0.000378	1.000019	1.013245	
1021	0.999984	-0.000419	0.450867	0.000419	0.999984	1.051300	
1022	1.000377	-0.000198	-0.124084	0.000198	1.000377	0.878937	
1023	0.999985	-0.000384	0.308899	0.000384	0.999985	1.068817	
1024	0.999905	-0.000462	0.480225	0.000462	0.999905	0.994812	
1025	1.000081	-0.000425	0.255432	0.000425	1.000081	0.853638	
1026	1.000030	-0.000274	0.091309	0.000274	1.000030	1.062317	
1027	0.999894	-0.000444	0.464417	0.000444	0.999894	0.868744	
1028	0.999929	-0.000406	0.334656	0.000406	0.999929	0.916626	
1029	0.999941	-0.000141	0.180420	0.000141	0.999941	1.080292	
1030	1.000047	-0.000493	0.288879	0.000493	1.000047	0.587555	
1031	0.999943	-0.000448	0.295166	0.000448	0.999943	0.839233	
1032	0.999963	-0.000430	0.128601	0.000430	0.999963	0.878937	
1033	0.999853	-0.000302	0.525146	0.000302	0.999853	1.064728	
1034	0.999919	-0.000405	0.312622	0.000405	0.999919	0.745422	
1035	0.999996	-0.000274	0.140137	0.000274	0.999996	0.917664	
1036	0.999896	-0.000483	0.392151	0.000483	0.999896	0.552856	
1037	0.999882	-0.000238	0.301453	0.000238	0.999882	0.994843	
1038	0.999855	-0.000163	0.321777	0.000163	0.999855	1.046967	
1039	0.999892	-0.000392	0.229858	0.000392	0.999892	0.788483	
1040	0.999904	-0.000382	0.382507	0.000382	0.999904	0.743408	
1041	0.999962	0.000047	0.245544	-0.000047	0.999962	1.110138	
1042	0.999864	-0.000253	0.237061	0.000253	0.999864	0.904388	
1043	0.999777	-0.000555	0.538513	0.000555	0.999777	0.479584	
1044	0.999792	-0.000275	0.314026	0.000275	0.999792	0.826111	
1045	0.999830	-0.000344	0.299927	0.000344	0.999830	0.780396	
1046	0.999788	-0.000200	0.429565	0.000200	0.999788	0.912994	
1047	0.999791	-0.000313	0.419189	0.000313	0.999791	0.823029	
1048	0.999771	-0.000241	0.288757	0.000241	0.999771	0.801117	
1049	0.999779	-0.000283	0.403198	0.000283	0.999779	0.780457	
1050	0.999715	-0.000394	0.538940	0.000394	0.999715	0.784210	
1051	0.999756	-0.000224	0.321594	0.000224	0.999756	0.781128	
1052	0.999785	-0.000365	0.261230	0.000365	0.999785	0.683411	
1053	0.999749	-0.000287	0.544434	0.000287	0.999749	0.833771	
1054	0.999817	0.000092	0.295471	-0.000092	0.999817	1.251251	
1055	0.999835	-0.000040	0.263000	0.000040	0.999835	1.066620	
1056	0.999639	-0.000442	0.651855	0.000442	0.999639	0.818359	
1057	0.999721	-0.000293	0.459534	0.000293	0.999721	0.984863	
1058	0.999723	-0.000369	0.381409	0.000369	0.999723	0.825928	
1059	0.999706	-0.000472	0.524719	0.000472	0.999706	0.752014	
1060	0.999678	-0.000232	0.431091	0.000232	0.999678	1.028381	
1061	0.999632	-0.000267	0.484619	0.000267	0.999632	1.058228	
1062	0.999717	-0.000342	0.460999	0.000342	0.999717	0.831451	
1063	0.999631	-0.000349	0.526428	0.000349	0.999631	0.874664	
1064	0.999739	0.000153	0.369446	-0.000153	0.999739	1.339508	
1065	0.999623	-0.000392	0.456787	0.000392	0.999623	0.889648	
1066	0.999591	-0.000481	0.643921	0.000481	0.999591	0.696747	
1067	0.999732	0.000025	0.283630	-0.000025	0.999732	1.205017	
1068	0.999610	-0.000258	0.476135	0.000258	0.999610	0.990936	
1069	0.999782	-0.000211	0.504150	0.000211	0.999782	0.943146	
1070	0.999531	-0.000077	0.588379	0.000077	0.999531	1.226807	
1071	0.999579	-0.000386	0.440857	0.000386	0.999579	0.915253	
1072	0.999580	-0.000509	0.658386	0.000509	0.999580	0.731079	
1073	0.999527	-0.000274	0.552673	0.000274	0.999527	1.107269	
1074	0.999551	-0.000387	0.549377	0.000387	0.999551	0.945129	
1075	0.999531	-0.000503	0.685364	0.000503	0.999531	0.784485	
1076	0.999510	-0.000259	0.599487	0.000259	0.999510	1.013428	
1077	0.999547	-0.000372	0.533447	0.000372	0.999547	0.977051	
1078	0.999473	-0.000229	0.669495	0.000229	0.999473	1.220520	
1079	0.999671	-0.000057	0.482361	0.000057	0.999671	1.171051	
1080	0.999515	-0.000360	0.621033	0.000360	0.999515	1.076141	
1081	0.999510	-0.000335	0.467773	0.000335	0.999510	1.093231	
1082	0.999478	-0.000527	0.786682	0.000527	0.999478	0.834473	
1083	0.999519	-0.000082	0.526550	0.000082	0.999519	1.488739	
1084	0.999491	-0.000143	0.590027	0.000143	0.999491	1.427826	
1085	0.999501	-0.000628	0.702454	0.000628	0.999501	0.807678	
1086	0.999415	-0.000312	0.599182	0.000312	0.999415	1.288177	
1087	0.999416	-0.000481	0.697449	0.000481	0.999416	1.097626	
1088	0.999529	-0.000366	0.709534	0.000366	0.999529	1.027008	
1089	0.999440	-0.000159	0.631531	0.000159	0.999440	1.427185	
1090	0.999479	-0.000529	0.580933	0.000529	0.999479	1.058044	
1091	0.999543	-0.000417	0.561829	0.000417	0.999543	1.013031	
1092	0.999400	-0.000377	0.699097	0.000377	0.999400	1.223602	
1093	0.999351	-0.000322	0.745117	0.000322	0.999351	1.335724	
1094	0.999481	-0.000353	0.565918	0.000353	0.999481	1.106781	
1095	0.999464	-0.000486	0.728882	0.000486	0.999464	1.026123	
1096	0.999432	-0.000391	0.600525	0.000391	0.999432	1.180756	
1097	0.999407	-0.000236	0.633423	0.000236	0.999407	1.376038	
1098	0.999497	-0.000389	0.723328	0.000389	0.999497	1.050873	
1099	0.999514	-0.000287	0.569397	0.000287	0.999514	1.271637	
1100	0.999400	-0.000270	0.587891	0.000270	0.999400	1.399445	
1101	0.999525	-0.000365	0.661011	0.000365	0.999525	1.026306	
1102	0.999444	-0.000286	0.554688	0.000286	0.999444	1.250336	
1103	0.999418	-0.000191	0.537109	0.000191	0.999418	1.421570	
1104	0.999523	-0.000380	0.605957	0.000380	0.999523	1.033051	
1105	0.999408	-0.000381	0.664062	0.000381	0.999408	1.181610	
1106	0.999455	-0.000194	0.606628	0.000194	0.999455	1.469818	
1107	0.999482	-0.000227	0.554138	0.000227	0.999482	1.191528	
1108	0.999423	-0.000493	0.757812	0.000493	0.999423	1.032837	
1109	0.999446	-0.000248	0.485657	0.000248	0.999446	1.331238	
1110	0.999489	-0.000452	0.556274	0.000452	0.999489	1.049561	
1111	0.999436	-0.000454	0.702515	0.000454	0.999436	1.089233	
1112	0.999439	-0.000309	0.544617	0.000309	0.999439	1.193604	
1113	0.999581	-0.000199	0.439636	0.000199	0.999581	1.158478	
1114	0.999515	-0.000268	0.627563	0.000268	0.999515	1.253296	
1115	0.999468	-0.000406	0.616577	0.000406	0.999468	1.081543	
1116	0.999597	-0.000269	0.410278	0.000269	0.999597	1.113251	
1117	0.999502	-0.000237	0.558716	0.000237	0.999502	1.261902	
1118	0.999487	-0.000363	0.608887	0.000363	0.999487	0.991943	
1119	0.999695	-0.000033	0.309143	0.000033	0.999695	1.279724	
1120	0.999580	-0.000123	0.452515	0.000123	0.999580	1.299194	
1121	0.999501	-0.000450	0.662842	0.000450	0.999501	0.903015	
1122	0.999587	-0.000141	0.432373	0.000141	0.999587	1.289612	
1123	0.999563	-0.000060	0.468445	0.000060	0.999563	1.278625	
1124	0.999571	-0.000474	0.620361	0.000474	0.999571	0.762573	
1125	0.999589	-0.000117	0.415100	0.000117	0.999589	1.242981	
1126	0.999657	-0.000006	0.364502	0.000006	0.999657	1.317413	
1127	0.999616	-0.000447	0.601868	0.000447	0.999616	0.733398	
1128	0.999578	-0.000053	0.402283	0.000053	0.999578	1.213196	
1129	0.999627	-0.000044	0.402710	0.000044	0.999627	1.222656	
1130	0.999730	-0.000293	0.398926	0.000293	0.999730	0.768646	
1131	0.999596	-0.000151	0.456116	0.000151	0.999596	1.068726	
1132	0.999675	-0.000079	0.429016	0.000079	0.999675	1.071533	
1133	0.999813	-0.000151	0.130798	0.000151	0.999813	0.715759	
1134	0.999640	-0.000273	0.553467	0.000273	0.999640	0.794861	
1135	0.999683	0.000026	0.342712	-0.000026	0.999683	1.050110	
1136	0.999837	-0.000034	0.127441	0.000034	0.999837	0.785309	
1137	0.999767	-0.000126	0.367310	0.000126	0.999767	0.697296	
1138	0.999729	-0.000008	0.201477	0.000008	0.999729	0.850952	
1139	0.999850	-0.000018	0.164001	0.000018	0.999850	0.684143	
1140	0.999824	-0.000083	0.244995	0.000083	0.999824	0.569519	
1141	0.999785	-0.000060	0.179749	0.000060	0.999785	0.621521	
1142	0.999914	0.000032	0.061340	-0.000032	0.999914	0.553314	
1143	0.999849	-0.000016	0.114441	0.000016	0.999849	0.510437	
1144	0.999858	-0.000103	0.202576	0.000103	0.999858	0.373199	
1145	0.999953	0.000025	-0.001465	-0.000025	0.999953	0.364899	
1146	0.999884	0.000036	0.017029	-0.000036	0.999884	0.420593	
1147	0.999934	-0.000146	0.205688	0.000146	0.999934	0.127197	
1148	0.999920	0.000023	0.030273	-0.000023	0.999920	0.250275	
1149	0.999932	0.000058	0.042480	-0.000058	0.999932	0.289520	
1150	0.999966	-0.000132	0.210938	0.000132	0.999966	-0.028717	
1151	0.999917	0.000013	-0.002686	-0.000013	0.999917	0.098877	
1152	0.999967	0.000067	-0.028870	-0.000067	0.999967	0.171265	
1153	1.000087	-0.000088	0.006348	0.000088	1.000087	-0.193268	
1154	0.999957	-0.000028	0.072632	0.000028	0.999957	-0.073639	
1155	1.000015	0.000022	-0.060608	-0.000022	1.000015	-0.003693	
1156	1.000107	-0.000046	-0.044739	0.000046	1.000107	-0.146973	
1157	1.000088	-0.000054	0.035828	0.000054	1.000088	-0.181976	
1158	1.000094	0.000015	-0.123291	-0.000015	1.000094	-0.028625	
1159	1.000212	-0.000035	-0.149353	0.000035	1.000212	-0.205048	
1160	1.000156	-0.000080	-0.046204	0.000080	1.000156	-0.083740	
1161	1.000248	0.000014	-0.248840	-0.000014	1.000248	-0.050568	
1162	1.000261	-0.000052	-0.217041	0.000052	1.000261	-0.077179	
1163	1.000266	-0.000102	-0.109619	0.000102	1.000266	-0.098694	
1164	1.000320	-0.000003	-0.251709	0.000003	1.000320	0.016815	
1165	1.000362	0.000003	-0.326538	-0.000003	1.000362	0.034058	
1166	1.000361	-0.000160	-0.120605	0.000160	1.000361	-0.094391	
1167	1.000365	0.000005	-0.266968	-0.000005	1.000365	0.100861	
1168	1.000456	0.000020	-0.449646	-0.000020	1.000456	0.072845	
1169	1.000415	-0.000142	-0.189453	0.000142	1.000415	0.020691	
1170	1.000415	-0.000059	-0.253784	0.000059	1.000415	0.112885	
1171	1.000501	0.000039	-0.484009	-0.000039	1.000501	0.147308	
1172	1.000518	-0.000141	-0.328369	0.000141	1.000518	-0.027496	
1173	1.000458	-0.000088	-0.274048	0.000088	1.000458	0.096619	
1174	1.000569	0.000018	-0.524719	-0.000018	1.000569	0.161987	
1175	1.000607	-0.000100	-0.481201	0.000100	1.000607	0.045746	
1176	1.000531	-0.000130	-0.292786	0.000130	1.000531	0.053009	
1177	1.000572	-0.000005	-0.476257	0.000005	1.000572	0.224548	
1178	1.000667	-0.000046	-0.587830	0.000046	1.000667	0.087677	
1179	1.000638	-0.000175	-0.357788	0.000175	1.000638	0.054749	
1180	1.000589	-0.000024	-0.466675	0.000024	1.000589	0.275208	
1181	1.000749	-0.000026	-0.668213	0.000026	1.000749	0.168274	
1182	1.000737	-0.000132	-0.513733	0.000132	1.000737	0.091339	
1183	1.000643	-0.000163	-0.398987	0.000163	1.000643	0.136658	
1184	1.000714	0.000061	-0.668884	-0.000061	1.000714	0.343933	
1185	1.000758	-0.000128	-0.523682	0.000128	1.000758	0.178589	
1186	1.000809	-0.000157	-0.476074	0.000157	1.000809	0.101898	
1187	1.000808	0.000014	-0.710815	-0.000014	1.000808	0.290924	
1188	1.000825	-0.000058	-0.695374	0.000058	1.000825	0.325775	
1189	1.000893	-0.000246	-0.565857	0.000246	1.000893	-0.021820	
1190	1.000765	-0.000012	-0.676575	0.000012	1.000765	0.341980	
1191	1.000876	-0.000063	-0.734375	0.000063	1.000876	0.352051	
1192	1.000971	-0.000159	-0.676270	0.000159	1.000971	0.111267	
1193	1.000841	-0.000044	-0.616699	0.000044	1.000841	0.339752	
1194	1.000929	-0.000046	-0.815308	0.000046	1.000929	0.352753	
1195	1.001026	-0.000189	-0.713928	0.000189	1.001026	0.076904	
1196	1.000928	-0.000156	-0.667664	0.000156	1.000928	0.220490	
1197	1.000994	0.000004	-0.927246	-0.000004	1.000994	0.360565	
1198	1.000952	-0.000157	-0.667236	0.000157	1.000952	0.247925	
1199	1.000892	-0.000232	-0.522766	0.000232	1.000892	0.219940	
1200	1.001026	0.000007	-0.952148	-0.000007	1.001026	0.365479	
1201	1.000971	-0.000268	-0.298340	0.000268	1.000971	0.225403	
1202	1.001089	-0.000560	0.341858	0.000560	1.001089	-0.170441	
1203	1.000931	-0.000765	1.206421	0.000765	1.000931	-0.314789	
1204	1.000868	-0.001106	2.656982	0.001106	1.000868	-0.541992	
1205	1.001106	-0.001734	4.062439	0.001734	1.001106	-1.355286	
1206	0.998870	-0.002240	7.678772	0.002240	0.998870	-1.251740	
1207	0.998743	-0.002721	9.406982	0.002721	0.998743	-1.846466	
1208	0.997639	-0.003846	11.857300	0.003846	0.997639	-2.347900	
1209	0.998615	-0.003304	12.110901	0.003304	0.998615	-2.727936	
1210	0.999394	-0.004354	11.947937	0.004354	0.999394	-3.372406	
1211	0.998757	-0.003402	11.934143	0.003402	0.998757	-2.924377	
1212	1.000894	-0.003574	9.408752	0.003574	1.000894	-3.563965	
1213	1.001202	-0.002991	7.649719	0.002991	1.001202	-3.012787	
1214	0.999412	-0.002474	7.114258	0.002474	0.999412	-1.674957	
1215	0.999280	-0.001957	5.186768	0.001957	0.999280	-0.507629	
1216	0.999637	-0.000622	2.206604	0.000622	0.999637	0.606232	
1217	0.999578	-0.000263	1.243103	0.000263	0.999578	0.927521	
1218	0.999659	-0.000099	0.838989	0.000099	0.999659	1.112152	
1219	1.000279	-0.000024	-0.193420	0.000024	1.000279	0.867828	
1220	1.000371	-0.000191	-0.115295	0.000191	1.000371	0.904938	
1221	1.000724	-0.000244	-0.471985	0.000244	1.000724	0.443970	
1222	1.003954	-0.000135	-3.757202	0.000135	1.003954	-1.295959	
1223	1.002293	-0.000036	-2.197510	0.000036	1.002293	-0.373444	
1224	1.001290	-0.000168	-1.175171	0.000168	1.001290	0.253754	
1225	1.001115	-0.000032	-0.990906	0.000032	1.001115	0.435272	
1226	1.001328	-0.000048	-1.319763	0.000048	1.001328	0.334747	
1227	1.001337	-0.000235	-1.165161	0.000235	1.001337	0.175293	
1228	1.001276	-0.000184	-1.121765	0.000184	1.001276	0.305817	
1229	1.001344	-0.000123	-1.045898	0.000123	1.001344	0.380005	
1230	1.001431	-0.000136	-1.247681	0.000136	1.001431	0.383331	
1231	1.001292	-0.000303	-0.936096	0.000303	1.001292	0.217133	
1232	1.001136	-0.000072	-0.945557	0.000072	1.001136	0.521973	
1233	1.001397	-0.000193	-1.087524	0.000193	1.001397	0.298004	
1234	1.001097	-0.000510	0.128174	0.000510	1.001097	0.090759	
1235	1.001093	-0.000775	1.449585	0.000775	1.001093	-0.188812	
1236	0.999887	-0.001415	4.762634	0.001415	0.999887	-0.550140	
1237	0.999644	-0.002154	7.360046	0.002154	0.999644	-1.384674	
1238	0.999036	-0.002973	10.197693	0.002973	0.999036	-1.932068	
1239	0.998517	-0.004104	12.273315	0.004104	0.998517	-2.667267	
1240	0.998842	-0.003934	12.914307	0.003934	0.998842	-2.870300	
1241	0.998659	-0.003835	13.627930	0.003835	0.998659	-2.946823	
1242	0.999836	-0.004281	13.103210	0.004281	0.999836	-3.464172	
1243	0.996961	-0.003354	15.353821	0.003354	0.996961	-2.389954	
1244	0.999878	-0.004478	13.299377	0.004478	0.999878	-3.717133	
1245	0.999752	-0.003895	13.437195	0.003895	0.999752	-3.217316	
1246	1.000425	-0.004295	12.992188	0.004295	1.000425	-3.546844	
1247	0.998564	-0.004934	14.422302	0.004934	0.998564	-3.382690	
1248	0.999765	-0.004931	13.547852	0.004931	0.999765	-3.748657	
1249	0.999683	-0.004165	13.653381	0.004165	0.999683	-3.433441	
1250	0.997616	-0.003639	15.316101	0.003639	0.997616	-2.699310	
1251	0.998888	-0.004409	13.923828	0.004409	0.998888	-3.189575	
1252	1.000532	-0.004275	11.674011	0.004275	1.000532	-3.404297	
1253	1.001592	-0.003652	7.522827	0.003652	1.001592	-3.137238	
1254	1.000446	-0.001817	4.914307	0.001817	1.000446	-0.955170	
1255	1.000990	-0.000859	1.713989	0.000859	1.000990	-0.128967	
1256	1.001442	-0.000445	-0.080078	0.000445	1.001442	0.071381	
1257	1.001342	-0.000185	-0.740662	0.000185	1.001342	0.382996	
1258	1.001458	-0.000008	-1.223083	0.000008	1.001458	0.548523	
1259	1.001548	0.000039	-1.410950	-0.000039	1.001548	0.634155	
1260	1.001552	-0.000161	-1.009277	0.000161	1.001552	0.330902	
1261	1.001444	-0.000044	-1.225220	0.000044	1.001444	0.527283	
1262	1.001552	-0.000030	-1.390564	0.000030	1.001552	0.480896	
1263	1.001452	-0.000147	-1.101074	0.000147	1.001452	0.455719	
1264	1.001487	-0.000043	-1.319031	0.000043	1.001487	0.620636	
1265	1.001472	0.000003	-1.379333	-0.000003	1.001472	0.540649	
1266	1.001565	-0.000232	-1.266357	0.000232	1.001565	0.306488	
1267	1.001405	-0.000013	-1.288452	0.000013	1.001405	0.574982	
1268	1.001532	0.000078	-1.537781	-0.000078	1.001532	0.663849	
1269	1.001561	-0.000086	-1.341614	0.000086	1.001561	0.487793	
1270	1.001465	-0.000170	-1.134521	0.000170	1.001465	0.489929	
1271	1.001565	-0.000000	-1.430664	0.000000	1.001565	0.655060	
1272	1.001529	-0.000050	-1.379639	0.000050	1.001529	0.674408	
1273	1.001573	-0.000177	-1.292603	0.000177	1.001573	0.369965	
1274	1.001463	-0.000003	-1.340881	0.000003	1.001463	0.695587	
1275	1.001565	-0.000028	-1.362915	0.000028	1.001565	0.649048	
1276	1.001631	-0.000156	-1.325500	0.000156	1.001631	0.472595	
1277	1.001498	-0.000070	-1.271301	0.000070	1.001498	0.657318	
1278	1.001473	-0.000165	-0.667480	0.000165	1.001473	0.432312	
1279	1.001255	-0.000580	0.493286	0.000580	1.001255	0.174316	
1280	1.000829	-0.000937	2.570435	0.000937	1.000829	-0.156708	
1281	1.000309	-0.001182	4.609314	0.001182	1.000309	-0.437195	
1282	0.999893	-0.002380	7.742859	0.002380	0.999893	-1.336304	
1283	1.000343	-0.003494	11.069397	0.003494	1.000343	-2.835175	
1284	0.997323	-0.004003	16.169434	0.004003	0.997323	-2.700897	
1285	1.001379	-0.005540	15.170166	0.005540	1.001379	-4.937134	
1286	1.000459	-0.005451	17.910278	0.005451	1.000459	-4.780258	
1287	0.997513	-0.006910	21.408508	0.006910	0.997513	-4.843689	
1288	0.999235	-0.007232	20.175964	0.007232	0.999235	-5.714508	
1289	1.001862	-0.006552	17.693359	0.006552	1.001862	-6.091705	
1290	1.001097	-0.006711	18.398804	0.006711	1.001097	-5.683777	
1291	1.001145	-0.006810	17.995300	0.006810	1.001145	-5.692413	
1292	1.004375	-0.006498	14.686768	0.006498	1.004375	-6.416122	
1293	0.998619	-0.005527	18.836426	0.005527	0.998619	-3.920685	
1294	0.997934	-0.005138	17.873230	0.005138	0.997934	-3.282928	
1295	0.997833	-0.004264	16.886353	0.004264	0.997833	-2.820312	
1296	1.002675	-0.004461	9.168579	0.004461	1.002675	-4.037506	
1297	1.001508	-0.002302	5.323364	0.002302	1.001508	-1.540497	
1298	1.001408	-0.000876	2.176758	0.000876	1.001408	-0.251617	
1299	1.001327	-0.000393	0.675354	0.000393	1.001327	0.344391	
1300	1.001579	0.000053	-1.064026	-0.000053	1.001579	0.630127	
1301	1.001622	0.000095	-1.464233	-0.000095	1.001622	0.661499	
1302	1.001626	0.000059	-1.630981	-0.000059	1.001626	0.618164	
1303	1.001652	0.000029	-1.158997	-0.000029	1.001652	0.653961	
1304	1.001845	0.000139	-1.539917	-0.000139	1.001845	0.701538	
1305	1.001688	-0.000059	-1.551819	0.000059	1.001688	0.669830	
1306	1.001657	-0.000014	-1.549988	0.000014	1.001657	0.709045	
1307	1.001844	0.000232	-2.088562	-0.000232	1.001844	0.864014	
1308	1.001676	-0.000018	-1.592529	0.000018	1.001676	0.707001	
1309	1.001808	-0.000050	-1.585693	0.000050	1.001808	0.575928	
1310	1.001744	0.000188	-1.812683	-0.000188	1.001744	0.829987	
1311	1.001726	0.000029	-1.645325	-0.000029	1.001726	0.853943	
1312	1.001735	-0.000007	-1.601868	0.000007	1.001735	0.796509	
1313	1.001972	-0.000016	-1.812378	0.000016	1.001972	0.670135	
1314	1.001707	0.000086	-1.653931	-0.000086	1.001707	0.784546	
1315	1.001787	-0.000026	-1.564514	0.000026	1.001787	0.636047	
1316	1.001856	0.000151	-1.765808	-0.000151	1.001856	0.847015	
1317	1.001680	-0.000087	-0.963928	0.000087	1.001680	0.667328	
1318	1.001653	-0.000395	-0.292297	0.000395	1.001653	0.287537	
1319	1.001588	-0.000666	0.655090	0.000666	1.001588	-0.028870	
1320	1.001118	-0.000891	2.632385	0.000891	1.001118	-0.093231	
1321	1.000749	-0.001665	5.411865	0.001665	1.000749	-0.944153	
1322	1.000491	-0.002427	7.888489	0.002427	1.000491	-1.572754	
1323	0.999415	-0.003147	11.562134	0.003147	0.999415	-2.169189	
1324	0.997918	-0.004087	15.100891	0.004087	0.997918	-2.576447	
1325	1.003064	-0.004958	12.212158	0.004958	1.003064	-4.911713	
1326	1.003097	-0.006222	14.610962	0.006222	1.003097	-5.971405	
1327	0.997998	-0.005929	20.464600	0.005929	0.997998	-4.360992	
1328	1.005176	-0.007043	13.931274	0.007043	1.005176	-7.273224	
1329	1.000647	-0.007737	19.640869	0.007737	1.000647	-6.371765	
1330	0.999246	-0.006567	21.146545	0.006567	0.999246	-5.103790	
1331	1.005657	-0.007431	13.827271	0.007431	1.005657	-7.786316	
1332	1.003920	-0.006869	15.278320	0.006869	1.003920	-6.614624	
1333	1.004674	-0.007202	14.213867	0.007202	1.004674	-7.269287	
1334	1.000081	-0.006223	18.360474	0.006223	1.000081	-4.746063	
1335	1.005800	-0.005335	11.220703	0.005335	1.005800	-5.384354	
1336	0.998610	-0.005243	18.714294	0.005243	0.998610	-3.856964	
1337	1.003221	-0.005623	14.504395	0.005623	1.003221	-5.292313	
1338	1.001654	-0.006873	16.035461	0.006873	1.001654	-5.959991	
1339	1.001028	-0.005803	15.881104	0.005803	1.001028	-4.838959	
1340	0.999822	-0.004667	15.507690	0.004667	0.999822	-3.484833	
1341	1.002756	-0.003928	8.449219	0.003928	1.002756	-3.625671	
1342	1.001621	-0.001616	4.867493	0.001616	1.001621	-0.890289	
1343	1.001711	-0.000747	1.544983	0.000747	1.001711	0.010956	
1344	1.001787	-0.000153	-0.496155	0.000153	1.001787	0.511261	
1345	1.001744	0.000089	-1.324585	-0.000089	1.001744	0.811005	
1346	1.001889	0.000359	-1.977112	-0.000359	1.001889	1.111084	
1347	1.001780	0.000057	-1.175049	-0.000057	1.001780	0.785583	
1348	1.001969	0.000232	-1.733948	-0.000232	1.001969	0.956451	
1349	1.001780	0.000247	-1.635559	-0.000247	1.001780	1.064484	
1350	1.001744	0.000222	-1.786621	-0.000222	1.001744	1.067596	
1351	1.001920	0.000233	-2.007996	-0.000233	1.001920	0.950348	
1352	1.001840	0.000122	-1.774231	-0.000122	1.001840	0.898743	
1353	1.001962	0.000260	-1.931580	-0.000260	1.001962	0.957214	
1354	1.002039	0.000203	-1.917847	-0.000203	1.002039	0.951965	
1355	1.002658	0.000267	-2.725525	-0.000267	1.002658	0.788361	
1356	1.003358	0.000202	-3.429871	-0.000202	1.003358	0.224091	
1357	1.003565	0.000205	-3.475647	-0.000205	1.003565	0.112976	
1358	1.001705	0.000236	-1.650085	-0.000236	1.001705	1.015411	
1359	1.000354	0.000288	-0.465393	-0.000288	1.000354	1.858368	
1360	1.000558	0.000298	-0.558838	-0.000298	1.000558	1.783752	
1361	1.000448	0.000258	-0.174377	-0.000258	1.000448	1.893188	
1362	1.000500	-0.000027	0.348572	0.000027	1.000500	1.408936	
1363	1.000963	-0.000346	0.782227	0.000346	1.000963	0.839600	
1364	1.000465	-0.000890	3.098450	0.000890	1.000465	0.521393	
1365	1.004252	-0.002021	2.116516	0.002021	1.004252	-2.590179	
1366	1.004227	-0.002682	4.150513	0.002682	1.004227	-3.219818	
1367	0.999892	-0.003118	9.590210	0.003118	0.999892	-1.765869	
1368	1.002125	-0.003891	9.310120	0.003891	1.002125	-3.299957	
1369	1.002759	-0.004104	10.041382	0.004104	1.002759	-3.964111	
1370	1.001402	-0.004274	11.617249	0.004274	1.001402	-3.464050	
1371	0.999005	-0.004081	14.160828	0.004081	0.999005	-2.606293	
1372	1.001690	-0.004588	12.123596	0.004588	1.001690	-3.925964	
1373	1.000566	-0.004686	13.828735	0.004686	1.000566	-3.551086	
1374	1.001955	-0.005629	13.029663	0.005629	1.001955	-4.777435	
1375	1.001874	-0.005319	13.494812	0.005319	1.001874	-4.602203	
1376	1.002130	-0.006088	13.888000	0.006088	1.002130	-5.201263	
1377	0.998234	-0.004951	17.158691	0.004951	0.998234	-3.088318	
1378	1.001590	-0.004935	13.771973	0.004935	1.001590	-4.040924	
1379	1.000500	-0.004249	12.242615	0.004249	1.000500	-2.933594	
1380	1.001361	-0.002935	7.881775	0.002935	1.001361	-1.898926	
1381	1.002237	-0.001906	4.065613	0.001906	1.002237	-1.101349	
1382	1.002063	-0.001022	2.083313	0.001022	1.002063	-0.301697	
1383	1.002008	-0.000397	-0.063843	0.000397	1.002008	0.388733	
1384	1.002049	-0.000049	-1.285950	0.000049	1.002049	0.810028	
1385	1.002052	0.000241	-1.680176	-0.000241	1.002052	1.075470	
1386	1.002009	0.000209	-1.798462	-0.000209	1.002009	1.110870	
1387	1.001828	0.000116	-1.730530	-0.000116	1.001828	0.930176	
1388	1.002046	0.000267	-1.927063	-0.000267	1.002046	1.161438	
1389	1.001867	0.000107	-1.795105	-0.000107	1.001867	0.945312	
1390	1.002163	0.000289	-2.078613	-0.000289	1.002163	1.082794	
1391	1.001912	0.000122	-1.787354	-0.000122	1.001912	1.069061	
1392	1.001892	0.000103	-1.818726	-0.000103	1.001892	0.918396	
1393	1.002117	0.000275	-2.163513	-0.000275	1.002117	1.065643	
1394	1.001916	0.000206	-1.934387	-0.000206	1.001916	1.132019	
1395	1.002026	0.000167	-2.009644	-0.000167	1.002026	0.983856	
1396	1.001998	0.000110	-1.881226	-0.000110	1.001998	0.939056	
1397	1.001969	0.000209	-1.967163	-0.000209	1.001969	1.188812	
1398	1.002071	0.000301	-2.144653	-0.000301	1.002071	1.127075	
1399	1.002261	0.000365	-2.300171	-0.000365	1.002261	1.205688	
1400	1.001926	-0.000123	-1.088745	0.000123	1.001926	0.849487	
1401	1.001902	-0.000445	0.131592	0.000445	1.001902	0.451202	
1402	1.001614	-0.001351	2.881775	0.001351	1.001614	-0.368561	
1403	1.000471	-0.003240	7.596130	0.003240	1.000471	-1.185181	
1404	1.003656	-0.003434	6.184326	0.003434	1.003656	-3.287689	
1405	1.002040	-0.004248	10.903687	0.004248	1.002040	-3.682648	
1406	1.000872	-0.005500	13.067200	0.005500	1.000872	-4.039124	
1407	0.999972	-0.004152	13.399231	0.004152	0.999972	-3.043396	
1408	1.001226	-0.004695	12.764709	0.004695	1.001226	-3.660583	
1409	1.006876	-0.004857	6.631958	0.004857	1.006876	-5.363159	
1410	1.003291	-0.005318	11.266846	0.005318	1.003291	-4.930878	
1411	1.004464	-0.005904	10.118530	0.005904	1.004464	-6.022461	
1412	1.005818	-0.005969	9.015625	0.005969	1.005818	-6.767944	
1413	1.001948	-0.004976	12.974426	0.004976	1.001948	-4.191742	
1414	1.004028	-0.005249	10.492798	0.005249	1.004028	-5.036285	
1415	1.003427	-0.004886	8.836670	0.004886	1.003427	-4.476898	
1416	1.002243	-0.002968	7.293762	0.002968	1.002243	-2.277771	
1417	1.002288	-0.001752	3.785767	0.001752	1.002288	-0.941864	
1418	1.002375	-0.000881	0.997742	0.000881	1.002375	-0.087097	
1419	1.002193	-0.000337	-0.602722	0.000337	1.002193	0.552948	
1420	1.002055	0.000011	-1.535828	-0.000011	1.002055	0.956573	
1421	1.002317	0.000408	-2.350708	-0.000408	1.002317	1.234436	
1422	1.001957	0.000002	-1.675354	-0.000002	1.001957	0.824860	
1423	1.002097	-0.000004	-1.568481	0.000004	1.002097	0.975677	
1424	1.002065	-0.000109	-1.727051	0.000109	1.002065	0.782654	
1425	1.002304	-0.000003	-2.088806	0.000003	1.002304	0.905640	
1426	1.002150	0.000073	-2.198914	-0.000073	1.002150	1.091492	
1427	1.002189	-0.000045	-1.875000	0.000045	1.002189	0.884613	
1428	1.002338	0.000060	-2.106995	-0.000060	1.002338	0.977356	
1429	1.002369	0.000054	-2.182129	-0.000054	1.002369	1.099976	
1430	1.002104	0.000230	-2.182861	-0.000230	1.002104	1.357483	
1431	1.002413	0.000548	-2.881775	-0.000548	1.002413	1.659241	
1432	1.002391	0.000124	-2.262878	-0.000124	1.002391	1.283051	
1433	1.002424	0.000132	-2.387573	-0.000132	1.002424	1.314514	
1434	1.002198	-0.000157	-1.801025	0.000157	1.002198	0.899384	
1435	1.001907	0.000155	-1.892578	-0.000155	1.001907	0.921783	
1436	1.001947	0.000423	-1.988281	-0.000423	1.001947	1.005066	
1437	1.002023	0.000135	-1.963867	-0.000135	1.002023	0.541199	
1438	1.001915	-0.000032	-1.880920	0.000032	1.001915	0.443451	
1439	1.001940	-0.000015	-1.802612	0.000015	1.001940	0.518616	
1440	1.001941	-0.000031	-1.771057	0.000031	1.001941	0.489258	
1441	1.001778	-0.000031	-1.630127	0.000031	1.001778	0.385437	
1442	1.001747	0.000146	-1.683411	-0.000146	1.001747	0.589569	
1443	1.001683	0.000108	-1.446167	-0.000108	1.001683	0.466156	
1444	1.001684	0.000094	-1.504578	-0.000094	1.001684	0.449554	
1445	1.001627	-0.000021	-1.526611	0.000021	1.001627	0.286438	
1446	1.001539	0.000104	-1.353943	-0.000104	1.001539	0.340515	
1447	1.001490	0.000074	-1.362305	-0.000074	1.001490	0.309906	
1448	1.001441	0.000018	-1.148071	-0.000018	1.001441	0.214325	
1449	1.001404	0.000041	-1.260559	-0.000041	1.001404	0.166870	
1450	1.001307	0.000110	-1.219177	-0.000110	1.001307	0.250061	
1451	1.001311	-0.000078	-1.076111	0.000078	1.001311	-0.008270	
1452	1.001272	0.000023	-1.036194	-0.000023	1.001272	0.070801	
1453	1.001184	0.000145	-1.095276	-0.000145	1.001184	0.164948	
1454	1.001092	-0.000083	-0.919922	0.000083	1.001092	-0.055725	
1455	1.001094	0.000017	-0.811829	-0.000017	1.001094	0.032867	
1456	1.001091	0.000169	-0.992004	-0.000169	1.001091	-0.000732	
1457	1.000980	-0.000016	-0.867371	0.000016	1.000980	-0.173431	
1458	1.000843	-0.000048	-0.559448	0.000048	1.000843	-0.141754	
1459	1.000932	0.000148	-0.791992	-0.000148	1.000932	-0.049530	
1460	1.000882	-0.000010	-0.643860	0.000010	1.000882	-0.225250	
1461	1.000751	-0.000085	-0.560608	0.000085	1.000751	-0.192078	
1462	1.000804	0.000123	-0.642273	-0.000123	1.000804	-0.068756	
1463	1.000736	0.000083	-0.613525	-0.000083	1.000736	-0.124390	
1464	1.000673	-0.000081	-0.434631	0.000081	1.000673	-0.209290	
1465	1.000708	0.000050	-0.478394	-0.000050	1.000708	-0.097748	
1466	1.000654	0.000072	-0.470764	-0.000072	1.000654	-0.081818	
1467	1.000701	-0.000004	-0.589050	0.000004	1.000701	-0.158508	
1468	1.000602	-0.000045	-0.310974	0.000045	1.000602	-0.142609	
1469	1.000589	0.000132	-0.489929	-0.000132	1.000589	0.057922	
1470	1.000663	-0.000063	-0.432495	0.000063	1.000663	-0.159271	
1471	1.000524	-0.000038	-0.335449	0.000038	1.000524	-0.063019	
1472	1.000562	0.000083	-0.429138	-0.000083	1.000562	0.062988	
1473	1.000551	0.000047	-0.518555	-0.000047	1.000551	-0.020721	
1474	1.000451	-0.000126	-0.206482	0.000126	1.000451	-0.100128	
1475	1.000476	0.000115	-0.361084	-0.000115	1.000476	0.118866	
1476	1.000532	0.000033	-0.472107	-0.000033	1.000532	-0.094696	
1477	1.000412	-0.000133	-0.220886	0.000133	1.000412	-0.164246	
1478	1.000454	0.000097	-0.278809	-0.000097	1.000454	0.048004	
1479	1.000471	0.000081	-0.436279	-0.000081	1.000471	-0.064026	
1480	1.000413	-0.000127	-0.178040	0.000127	1.000413	-0.275085	
1481	1.000488	0.000080	-0.372864	-0.000080	1.000488	-0.093445	
1482	1.000439	0.000090	-0.321167	-0.000090	1.000439	-0.138794	
1483	1.000380	-0.000075	-0.324158	0.000075	1.000380	-0.294159	
1484	1.000500	-0.000002	-0.294250	0.000002	1.000500	-0.285156	
1485	1.000432	0.000131	-0.365234	-0.000131	1.000432	-0.212524	
1486	1.000373	-0.000047	-0.305298	0.000047	1.000373	-0.388123	
1487	1.000518	-0.000049	-0.247742	0.000049	1.000518	-0.450623	
1488	1.000401	0.000137	-0.313293	-0.000137	1.000401	-0.308289	
1489	1.000398	-0.000005	-0.426025	0.000005	1.000398	-0.482819	
1490	1.000503	-0.000105	-0.290588	0.000105	1.000503	-0.639832	
1491	1.000389	0.000064	-0.266052	-0.000064	1.000389	-0.470276	
1492	1.000434	0.000075	-0.377258	-0.000075	1.000434	-0.499817	
1493	1.000465	-0.000067	-0.294983	0.000067	1.000465	-0.688568	
1494	1.000367	0.000001	-0.292725	-0.000001	1.000367	-0.590881	
1495	1.000465	0.000112	-0.465698	-0.000112	1.000465	-0.544586	
1496	1.000443	-0.000084	-0.254761	0.000084	1.000443	-0.790009	
1497	1.000339	-0.000013	-0.284851	0.000013	1.000339	-0.644836	
1498	1.000468	0.000081	-0.460083	-0.000081	1.000468	-0.657715	
1499	1.000434	-0.000039	-0.328613	0.000039	1.000434	-0.811981	
1500	1.000393	-0.000042	-0.255676	0.000042	1.000393	-0.695251	
1501	1.000454	0.000089	-0.419312	-0.000089	1.000454	-0.651001	
1502	1.000361	-0.000047	-0.228271	0.000047	1.000361	-0.784454	
1503	1.000399	-0.000050	-0.262817	0.000050	1.000399	-0.773499	
1504	1.000404	0.000001	-0.324890	-0.000001	1.000404	-0.785187	
1505	1.000382	0.000028	-0.332336	-0.000028	1.000382	-0.741882	
1506	1.000403	-0.000088	-0.235718	0.000088	1.000403	-0.846680	
1507	1.000365	0.000024	-0.302979	-0.000024	1.000365	-0.755493	
1508	1.000364	0.000042	-0.302002	-0.000042	1.000364	-0.733124	
1509	1.000429	-0.000092	-0.300659	0.000092	1.000429	-0.914795	
1510	1.000334	-0.000023	-0.236023	0.000023	1.000334	-0.795776	
1511	1.000381	0.000063	-0.336853	-0.000063	1.000381	-0.715454	
1512	1.000417	-0.000098	-0.297424	0.000098	1.000417	-0.911041	
1513	1.000305	-0.000051	-0.165894	0.000051	1.000305	-0.807343	
1514	1.000391	0.000066	-0.338013	-0.000066	1.000391	-0.733856	
1515	1.000390	-0.000082	-0.292542	0.000082	1.000390	-0.880615	
1516	1.000306	-0.000089	-0.187805	0.000089	1.000306	-0.864319	
1517	1.000347	0.000074	-0.312927	-0.000074	1.000347	-0.711578	
1518	1.000382	-0.000062	-0.266907	0.000062	1.000382	-0.897125	
1519	1.000289	-0.000122	-0.145874	0.000122	1.000289	-0.918365	
1520	1.000363	0.000043	-0.278076	-0.000043	1.000363	-0.727112	
1521	1.000308	0.000021	-0.287292	-0.000021	1.000308	-0.789642	
1522	1.000301	-0.000148	-0.199646	0.000148	1.000301	-0.932404	
1523	1.000312	0.000024	-0.196716	-0.000024	1.000312	-0.786835	
1524	1.000318	0.000026	-0.311401	-0.000026	1.000318	-0.798828	
1525	1.000337	-0.000164	-0.231995	0.000164	1.000337	-0.997192	
1526	1.000274	-0.000022	-0.161499	0.000022	1.000274	-0.786499	
1527	1.000356	0.000055	-0.326782	-0.000055	1.000356	-0.762787	
1528	1.000262	-0.000082	-0.173340	0.000082	1.000262	-0.874451	
1529	1.000302	-0.000039	-0.219788	0.000039	1.000302	-0.849762	
1530	1.000349	-0.000010	-0.316284	0.000010	1.000349	-0.814972	
1531	1.000263	-0.000047	-0.142395	0.000047	1.000263	-0.852051	
1532	1.000345	-0.000050	-0.250122	0.000050	1.000345	-0.875214	
1533	1.000229	-0.000060	-0.195557	0.000060	1.000229	-0.789673	
1534	1.000326	0.000013	-0.302612	-0.000013	1.000326	-0.790894	
1535	1.000325	-0.000123	-0.156616	0.000123	1.000325	-0.929108	
1536	1.000235	-0.000027	-0.193787	0.000027	1.000235	-0.769897	
1537	1.000335	0.000048	-0.351990	-0.000048	1.000335	-0.750793	
1538	1.000298	-0.000086	-0.207397	0.000086	1.000298	-0.862915	
1539	1.000214	-0.000049	-0.148987	0.000049	1.000214	-0.784180	
1540	1.000377	0.000031	-0.333862	-0.000031	1.000377	-0.811066	
1541	1.000253	-0.000074	-0.175110	0.000074	1.000253	-0.839081	
1542	1.000256	-0.000058	-0.182739	0.000058	1.000256	-0.788177	
1543	1.000336	0.000026	-0.333252	-0.000026	1.000336	-0.765900	
1544	1.000248	-0.000028	-0.206543	0.000028	1.000248	-0.785156	
1545	1.000307	-0.000108	-0.201416	0.000108	1.000307	-0.874786	
1546	1.000291	0.000025	-0.317078	-0.000025	1.000291	-0.736298	
1547	1.000264	0.000007	-0.289185	-0.000007	1.000264	-0.755981	
1548	1.000337	-0.000087	-0.258423	0.000087	1.000337	-0.883057	
1549	1.000246	-0.000021	-0.254089	0.000021	1.000246	-0.764587	
1550	1.000273	0.000026	-0.252380	-0.000026	1.000273	-0.727051	
1551	1.000364	-0.000096	-0.292175	0.000096	1.000364	-0.894440	
1552	1.000209	-0.000070	-0.150269	0.000070	1.000209	-0.771698	
1553	1.000315	0.000069	-0.359985	-0.000069	1.000315	-0.714813	
1554	1.000306	-0.000102	-0.195557	0.000102	1.000306	-0.872742	
1555	1.000214	-0.000071	-0.188904	0.000071	1.000214	-0.806396	
1556	1.000323	0.000021	-0.285767	-0.000021	1.000323	-0.733612	
1557	1.000287	-0.000072	-0.276001	0.000072	1.000287	-0.800232	
1558	1.000207	-0.000087	-0.147827	0.000087	1.000207	-0.781464	
1559	1.000340	0.000029	-0.358398	-0.000029	1.000340	-0.761932	
1560	1.000298	-0.000024	-0.219543	0.000024	1.000298	-0.766296	
1561	1.000229	-0.000071	-0.221497	0.000071	1.000229	-0.795959	
1562	1.000305	-0.000035	-0.236389	0.000035	1.000305	-0.775177	
1563	1.000224	0.000003	-0.227051	-0.000003	1.000224	-0.713989	
1564	1.000299	-0.000091	-0.168823	0.000091	1.000299	-0.850464	
1565	1.000259	-0.000037	-0.180115	0.000037	1.000259	-0.778564	
1566	1.000282	0.000052	-0.273682	-0.000052	1.000282	-0.668579	
1567	1.000286	-0.000062	-0.368774	0.000062	1.000286	-0.843323	
1568	1.000239	-0.000074	-0.150146	0.000074	1.000239	-0.788239	
1569	1.000245	0.000023	-0.244202	-0.000023	1.000245	-0.741425	
1570	1.000316	-0.000038	-0.394958	0.000038	1.000316	-0.862793	
1571	1.000278	-0.000151	-0.173645	0.000151	1.000278	-0.892700	
1572	1.000202	0.000064	-0.223328	-0.000064	1.000202	-0.661194	
1573	1.000306	0.000005	-0.454590	-0.000005	1.000306	-0.811829	
1574	1.000268	-0.000170	-0.224060	0.000170	1.000268	-0.920471	
1575	1.000242	0.000006	-0.158752	-0.000006	1.000242	-0.755707	
1576	1.000339	0.000046	-0.513550	-0.000046	1.000339	-0.781433	
1577	1.000265	-0.000090	-0.192383	0.000090	1.000265	-0.852051	
1578	1.000227	-0.000035	-0.269775	0.000035	1.000227	-0.754852	
1579	1.000337	-0.000014	-0.386292	0.000014	1.000337	-0.860901	
1580	1.000278	-0.000103	-0.302673	0.000103	1.000278	-0.882324	
1581	1.000303	-0.000021	-0.249084	0.000021	1.000303	-0.816986	
1582	1.000329	0.000083	-0.470398	-0.000083	1.000329	-0.734528	
1583	1.000268	-0.000086	-0.260925	0.000086	1.000268	-0.864868	
1584	1.000246	-0.000088	-0.271484	0.000088	1.000246	-0.822174	
1585	1.000312	0.000062	-0.390076	-0.000062	1.000312	-0.787964	
1586	1.000349	0.000018	-0.405212	-0.000018	1.000349	-0.833832	
1587	1.000281	-0.000170	-0.272461	0.000170	1.000281	-0.922394	
1588	1.000264	0.000028	-0.224182	-0.000028	1.000264	-0.736664	
1589	1.000337	0.000047	-0.437134	-0.000047	1.000337	-0.785217	
1590	1.000346	-0.000088	-0.258118	0.000088	1.000346	-0.889313	
1591	1.000227	-0.000040	-0.275757	0.000040	1.000227	-0.808167	
1592	1.000367	0.000028	-0.460205	-0.000028	1.000367	-0.789337	
1593	1.000299	-0.000069	-0.236450	0.000069	1.000299	-0.862762	
1594	1.000247	-0.000073	-0.219299	0.000073	1.000247	-0.814758	
1595	1.000366	0.000063	-0.491943	-0.000063	1.000366	-0.783844	
1596	1.000266	-0.000031	-0.291687	0.000031	1.000266	-0.815186	
1597	1.000266	-0.000106	-0.199341	0.000106	1.000266	-0.886353	
1598	1.000351	0.000041	-0.393433	-0.000041	1.000351	-0.771332	
1599	1.000237	-0.000020	-0.260498	0.000020	1.000237	-0.793030	
1600	1.000300	-0.000116	-0.204651	0.000116	1.000300	-0.892853	
1601	1.000303	0.000026	-0.359314	-0.000026	1.000303	-0.799286	
1602	1.000272	-0.000017	-0.270203	0.000017	1.000272	-0.818024	
1603	1.000341	-0.000095	-0.274536	0.000095	1.000341	-0.916595	
1604	1.000248	-0.000056	-0.264648	0.000056	1.000248	-0.795258	
1605	1.000240	0.000049	-0.325073	-0.000049	1.000240	-0.704651	
1606	1.000370	-0.000107	-0.369629	0.000107	1.000370	-0.927338	
1607	1.000244	-0.000096	-0.174194	0.000096	1.000244	-0.822540	
1608	1.000313	0.000059	-0.346802	-0.000059	1.000313	-0.720032	
1609	1.000338	-0.000015	-0.329956	0.000015	1.000338	-0.809753	
1610	1.000216	-0.000125	-0.164185	0.000125	1.000216	-0.830750	
1611	1.000300	0.000043	-0.311096	-0.000043	1.000300	-0.721466	
1612	1.000328	-0.000036	-0.308167	0.000036	1.000328	-0.864868	
1613	1.000237	-0.000138	-0.195251	0.000138	1.000237	-0.823578	
1614	1.000303	0.000050	-0.384338	-0.000050	1.000303	-0.687103	
1615	1.000282	0.000023	-0.351196	-0.000023	1.000282	-0.697388	
1616	1.000211	-0.000151	-0.183594	0.000151	1.000211	-0.811401	
1617	1.000215	0.000002	-0.173401	-0.000002	1.000215	-0.633057	
1618	1.000287	0.000071	-0.399902	-0.000071	1.000287	-0.613251	
1619	1.000201	-0.000127	-0.211731	0.000127	1.000201	-0.733093	
1620	1.000169	-0.000034	-0.044434	0.000034	1.000169	-0.612610	
1621	1.000230	0.000047	-0.354065	-0.000047	1.000230	-0.575439	
1622	1.000243	-0.000033	-0.216980	0.000033	1.000243	-0.668579	
1623	1.000146	-0.000076	-0.040771	0.000076	1.000146	-0.556549	
1624	1.000132	0.000082	-0.133911	-0.000082	1.000132	-0.446594	
1625	1.000198	0.000055	-0.291260	-0.000055	1.000198	-0.476074	
1626	1.000119	-0.000051	-0.025330	0.000051	1.000119	-0.494110	
1627	1.000065	0.000045	-0.174133	-0.000045	1.000065	-0.328125	
1628	1.000162	0.000030	-0.229431	-0.000030	1.000162	-0.381287	
1629	1.000088	-0.000126	-0.038391	0.000126	1.000088	-0.416748	
1630	1.000048	0.000049	0.000183	-0.000049	1.000048	-0.193085	
1631	1.000083	0.000173	-0.295837	-0.000173	1.000083	-0.145355	
1632	1.000059	-0.000124	-0.044800	0.000124	1.000059	-0.338379	
1633	0.999979	-0.000006	0.057129	0.000006	0.999979	-0.133087	
1634	1.000085	0.000115	-0.206970	-0.000115	1.000085	-0.089264	
1635	0.999997	0.000001	0.007507	-0.000001	0.999997	-0.094360	
1636	0.999974	-0.000038	0.068420	0.000038	0.999974	-0.127380	
1637	1.000034	0.000079	-0.130310	-0.000079	1.000034	-0.039368	
1638	0.999985	0.000031	-0.020508	-0.000031	0.999985	-0.018860	
1639	0.999959	-0.000054	0.044495	0.000054	0.999959	-0.062347	
1640	1.000008	0.000088	-0.077087	-0.000088	1.000008	0.041473	
1641	0.999963	0.000041	-0.012512	-0.000041	0.999963	-0.005890	
1642	0.999960	-0.000060	0.029663	0.000060	0.999960	-0.051361	
1643	0.999989	0.000060	-0.026062	-0.000060	0.999989	0.051361	
1644	0.999942	0.000063	0.007751	-0.000063	0.999942	0.074463	
1645	0.999994	-0.000040	0.053162	0.000040	0.999994	-0.057831	
1646	0.999895	0.000000	0.089905	-0.000000	0.999895	0.058289	
1647	0.999964	0.000122	-0.023193	-0.000122	0.999964	0.145081	
1648	0.999988	-0.000028	0.040466	0.000028	0.999988	-0.027618	
1649	0.999864	-0.000061	0.137146	0.000061	0.999864	0.044525	
1650	1.000022	0.000139	-0.082886	-0.000139	1.000022	0.134491	
1651	0.999961	-0.000019	0.078674	0.000019	0.999961	0.014923	
1652	0.999912	-0.000042	0.056763	0.000042	0.999912	0.039673	
1653	1.000020	0.000129	-0.088074	-0.000129	1.000020	0.151123	
1654	0.999966	0.000036	0.020203	-0.000036	0.999966	0.068787	
1655	0.999907	-0.000059	0.108582	0.000059	0.999907	0.004578	
1656	1.000004	0.000086	-0.054993	-0.000086	1.000004	0.127136	
1657	0.999915	0.000020	0.080688	-0.000020	0.999915	0.096375	
1658	0.999993	-0.000040	0.034851	0.000040	0.999993	-0.031738	
1659	0.999947	0.000007	0.036926	-0.000007	0.999947	0.042664	
1660	0.999932	0.000093	0.009338	-0.000093	0.999932	0.127716	
1661	1.000022	-0.000032	-0.016479	0.000032	1.000022	-0.057770	
1662	0.999922	-0.000003	0.055542	0.000003	0.999922	0.053925	
1663	0.999935	0.000106	-0.038940	-0.000106	0.999935	0.145203	
1664	1.000070	-0.000019	-0.125671	0.000019	1.000070	-0.048553	
1665	0.999914	-0.000075	0.076050	0.000075	0.999914	-0.036255	
1666	0.999929	0.000135	-0.004517	-0.000135	0.999929	0.193848	
1667	1.000089	0.000024	-0.171753	-0.000024	1.000089	-0.032623	
1668	0.999911	-0.000093	0.092041	0.000093	0.999911	-0.049377	
1669	0.999973	0.000130	-0.064087	-0.000130	0.999973	0.145386	
1670	1.000047	0.000114	-0.189575	-0.000114	1.000047	0.069427	
1671	0.999970	-0.000171	0.031311	0.000171	0.999970	-0.132172	
1672	0.999954	0.000095	-0.010742	-0.000095	0.999954	0.112244	
1673	1.000071	0.000118	-0.172180	-0.000118	1.000071	0.055756	
