0	1.000000	0.000000	0.000000	0.000000	1.000000	0.000000	
1	1.000010	-0.000023	-0.021423	0.000023	1.000010	-0.047485	
2	1.000002	-0.000063	-0.059570	0.000063	1.000002	-0.113068	
3	0.999922	-0.000092	0.112732	0.000092	0.999922	0.039185	
4	1.000012	-0.000118	0.129761	0.000118	1.000012	-0.141937	
5	1.000001	-0.000066	-0.113647	0.000066	1.000001	-0.029785	
6	1.000017	-0.000012	0.000977	0.000012	1.000017	-0.205109	
7	0.999967	-0.000002	0.010315	0.000002	0.999967	-0.026581	
8	0.999995	-0.000008	-0.030701	0.000008	0.999995	-0.029663	
9	0.999974	-0.000014	0.030151	0.000014	0.999974	-0.094818	
10	0.999989	-0.000004	0.055725	0.000004	0.999989	-0.124268	
11	1.000062	0.000008	-0.070312	-0.000008	1.000062	-0.074432	
12	1.000001	-0.000018	0.121704	0.000018	1.000001	-0.107666	
13	1.000014	-0.000032	-0.019592	0.000032	1.000014	-0.006134	
14	0.999999	0.000008	0.038330	-0.000008	0.999999	0.144226	
15	1.000075	0.000057	-0.159424	-0.000057	1.000075	0.152588	
16	0.999961	-0.000070	0.039856	0.000070	0.999961	0.217651	
17	1.000043	-0.000093	0.009155	0.000093	1.000043	0.173157	
18	0.999984	-0.000106	0.036682	0.000106	0.999984	0.159332	
19	1.000026	-0.000094	-0.119446	0.000094	1.000026	0.140320	
20	0.999996	-0.000057	0.019104	0.000057	0.999996	0.008575	
21	1.000074	-0.000057	-0.079468	0.000057	1.000074	0.076874	
22	1.000033	-0.000027	-0.023560	0.000027	1.000033	-0.037750	
23	1.000015	-0.000028	-0.034180	0.000028	1.000015	0.016998	
24	1.000019	-0.000008	0.013672	0.000008	1.000019	-0.162354	
25	0.999979	0.000007	0.075500	-0.000007	0.999979	0.099335	
26	1.000015	0.000005	0.024902	-0.000005	1.000015	-0.183197	
27	0.999988	0.000033	0.064453	-0.000033	0.999988	-0.117615	
28	1.000016	-0.000020	0.046509	0.000020	1.000016	-0.299652	
29	0.999987	-0.000039	0.012207	0.000039	0.999987	-0.213776	
30	0.999936	-0.000114	0.090759	0.000114	0.999936	-0.216400	
31	1.000047	0.000039	-0.090942	-0.000039	1.000047	-0.014465	
32	1.000019	-0.000045	-0.025269	0.000045	1.000019	-0.004486	
33	1.000000	-0.000088	-0.005310	0.000088	1.000000	-0.052765	
34	1.000028	-0.000020	-0.028137	0.000020	1.000028	0.175873	
35	1.000012	-0.000055	0.067444	0.000055	1.000012	-0.069702	
36	0.999997	-0.000026	0.106567	0.000026	0.999997	0.055450	
37	1.000007	-0.000055	0.063538	0.000055	1.000007	-0.260925	
38	1.000014	-0.000036	0.005249	0.000036	1.000014	-0.351318	
39	1.000048	-0.000001	-0.107788	0.000001	1.000048	-0.326691	
40	1.000030	-0.000032	-0.042358	0.000032	1.000030	-0.308563	
41	1.000081	-0.000083	-0.133789	0.000083	1.000081	-0.250702	
42	0.999973	-0.000073	0.071411	0.000073	0.999973	0.053040	
43	1.000094	-0.000043	-0.099792	0.000043	1.000094	-0.066162	
44	1.000111	-0.000078	-0.102173	0.000078	1.000111	-0.107910	
45	1.000095	-0.000039	-0.134521	0.000039	1.000095	-0.095215	
46	1.000133	-0.000040	-0.049438	0.000040	1.000133	-0.043365	
47	1.000119	-0.000018	-0.098328	0.000018	1.000119	0.080811	
48	1.000136	0.000029	-0.145081	-0.000029	1.000136	0.033630	
49	1.000125	-0.000076	-0.065735	0.000076	1.000125	0.202393	
50	1.000229	-0.000005	-0.133362	0.000005	1.000229	0.067596	
51	1.000117	-0.000021	-0.123230	0.000021	1.000117	0.230743	
52	1.000096	0.000021	-0.129395	-0.000021	1.000096	0.180328	
53	1.000162	0.000010	-0.236267	-0.000010	1.000162	0.162537	
54	1.000276	-0.000002	-0.239075	0.000002	1.000276	0.076904	
55	1.000132	-0.000048	-0.065918	0.000048	1.000132	0.135590	
56	1.000261	-0.000078	-0.267395	0.000078	1.000261	0.092896	
57	1.000150	0.000045	-0.176147	-0.000045	1.000150	0.018524	
58	1.000186	-0.000024	-0.197632	0.000024	1.000186	0.201111	
59	1.000286	0.000008	-0.251465	-0.000008	1.000286	-0.032959	
60	1.000262	-0.000011	-0.279480	0.000011	1.000262	0.104523	
61	1.000309	0.000003	-0.260620	-0.000003	1.000309	0.152954	
62	1.000232	-0.000074	-0.091125	0.000074	1.000232	0.174744	
63	1.000249	-0.000062	-0.222473	0.000062	1.000249	0.302704	
64	1.000277	-0.000018	-0.316650	0.000018	1.000277	0.181274	
65	1.000345	-0.000034	-0.363403	0.000034	1.000345	0.152191	
66	1.000274	-0.000151	-0.212524	0.000151	1.000274	0.123077	
67	1.000283	-0.000040	-0.315918	0.000040	1.000283	0.118927	
68	1.000273	-0.000019	-0.287231	0.000019	1.000273	0.285156	
69	1.000372	-0.000015	-0.346802	0.000015	1.000372	0.163025	
70	1.000410	-0.000038	-0.347412	0.000038	1.000410	0.020660	
71	1.000271	-0.000036	-0.270264	0.000036	1.000271	0.220886	
72	1.000404	0.000008	-0.433777	-0.000008	1.000404	0.318634	
73	1.000322	-0.000077	-0.320129	0.000077	1.000322	0.263123	
74	1.000357	-0.000081	-0.349243	0.000081	1.000357	0.349640	
75	1.000308	-0.000054	-0.398010	0.000054	1.000308	0.380615	
76	1.000330	-0.000091	-0.400024	0.000091	1.000330	0.295868	
77	1.000362	-0.000060	-0.437012	0.000060	1.000362	0.277252	
78	1.000289	-0.000138	-0.394104	0.000138	1.000289	0.224304	
79	1.000321	-0.000111	-0.367798	0.000111	1.000321	0.259369	
80	1.000389	-0.000021	-0.509216	0.000021	1.000389	0.036560	
81	1.000312	-0.000155	-0.351196	0.000155	1.000312	0.037415	
82	1.000301	0.000029	-0.365417	-0.000029	1.000301	0.275452	
83	1.000375	-0.000057	-0.371887	0.000057	1.000375	-0.015991	
84	1.000367	-0.000138	-0.257080	0.000138	1.000367	0.018341	
85	1.000279	-0.000052	-0.317017	0.000052	1.000279	0.054047	
86	1.000331	-0.000063	-0.261780	0.000063	1.000331	0.069977	
87	1.000352	-0.000115	-0.193298	0.000115	1.000352	-0.086578	
88	1.000298	-0.000028	-0.248352	0.000028	1.000298	0.135101	
89	1.000347	-0.000135	-0.180847	0.000135	1.000347	-0.025604	
90	1.000300	-0.000092	-0.066223	0.000092	1.000300	0.172272	
91	1.000326	-0.000065	-0.120728	0.000065	1.000326	0.022858	
92	1.000280	-0.000106	-0.059937	0.000106	1.000280	0.036682	
93	1.000299	-0.000069	0.068115	0.000069	1.000299	0.147675	
94	1.000273	-0.000093	-0.019592	0.000093	1.000273	0.079834	
95	1.000294	-0.000127	0.047974	0.000127	1.000294	-0.066956	
96	1.000277	-0.000067	0.077271	0.000067	1.000277	0.206482	
97	1.000304	-0.000120	-0.020569	0.000120	1.000304	-0.095398	
98	1.000297	-0.000151	-0.042847	0.000151	1.000297	0.010803	
99	1.000284	-0.000097	-0.149231	0.000097	1.000284	0.157806	
100	1.000235	-0.000170	0.081665	0.000170	1.000235	-0.002777	
101	1.000302	-0.000022	-0.197449	0.000022	1.000302	0.079132	
102	1.000264	-0.000122	-0.079651	0.000122	1.000264	-0.011475	
103	1.000274	-0.000127	-0.117004	0.000127	1.000274	0.072266	
104	1.000252	-0.000052	-0.201965	0.000052	1.000252	0.023560	
105	1.000316	-0.000138	-0.134338	0.000138	1.000316	-0.065216	
106	1.000197	-0.000034	-0.155945	0.000034	1.000197	0.207733	
107	1.000355	-0.000063	-0.213806	0.000063	1.000355	0.047882	
108	1.000219	-0.000069	-0.170166	0.000069	1.000219	0.137604	
109	1.000255	-0.000100	-0.142639	0.000100	1.000255	-0.012482	
110	1.000233	-0.000109	-0.158203	0.000109	1.000233	0.073120	
111	1.000261	-0.000095	-0.189575	0.000095	1.000261	0.133514	
112	1.000292	-0.000083	-0.086487	0.000083	1.000292	-0.020294	
113	1.000240	-0.000093	0.108154	0.000093	1.000240	0.159851	
114	1.000221	-0.000102	0.223999	0.000102	1.000221	-0.000702	
115	1.000257	-0.000134	0.398071	0.000134	1.000257	0.000916	
116	1.000216	-0.000210	0.555908	0.000210	1.000216	-0.003113	
117	1.000148	-0.000219	0.818542	0.000219	1.000148	-0.118988	
118	1.000157	-0.000245	0.936401	0.000245	1.000157	0.149048	
119	1.000248	-0.000258	0.907166	0.000258	1.000248	-0.200623	
120	1.000162	-0.000342	1.078979	0.000342	1.000162	-0.199036	
121	1.000188	-0.000311	1.098572	0.000311	1.000188	-0.331268	
122	1.000177	-0.000410	1.218872	0.000410	1.000177	-0.368988	
123	1.000151	-0.000317	1.257751	0.000317	1.000151	-0.267639	
124	1.000177	-0.000350	1.210815	0.000350	1.000177	-0.361847	
125	1.000237	-0.000384	1.278931	0.000384	1.000237	-0.418945	
126	1.000097	-0.000335	1.253845	0.000335	1.000097	-0.213745	
127	1.000212	-0.000371	1.149414	0.000371	1.000212	-0.232544	
128	1.000151	-0.000299	0.985168	0.000299	1.000151	-0.263885	
129	1.000133	-0.000293	0.821045	0.000293	1.000133	-0.068512	
130	1.000180	-0.000268	0.743347	0.000268	1.000180	-0.173950	
131	1.000196	-0.000202	0.651794	0.000202	1.000196	0.010986	
132	1.000170	-0.000220	0.667847	0.000220	1.000170	-0.220062	
133	1.000171	-0.000213	0.542358	0.000213	1.000171	-0.059357	
134	1.000184	-0.000192	0.516052	0.000192	1.000184	-0.042786	
135	1.000161	-0.000224	0.423889	0.000224	1.000161	0.049255	
136	1.000138	-0.000173	0.408203	0.000173	1.000138	-0.116974	
137	1.000205	-0.000187	0.392700	0.000187	1.000205	0.037354	
138	1.000198	-0.000148	0.425232	0.000148	1.000198	-0.123322	
139	1.000177	-0.000163	0.408081	0.000163	1.000177	-0.060669	
140	1.000178	-0.000186	0.484680	0.000186	1.000178	-0.109436	
141	1.000188	-0.000213	0.581604	0.000213	1.000188	-0.093658	
142	1.000145	-0.000239	0.656738	0.000239	1.000145	-0.033539	
143	1.000146	-0.000167	0.745789	0.000167	1.000146	-0.119720	
144	1.000170	-0.000193	0.717163	0.000193	1.000170	0.055420	
145	1.000162	-0.000217	0.829407	0.000217	1.000162	-0.219116	
146	1.000114	-0.000238	0.874146	0.000238	1.000114	-0.052460	
147	1.000192	-0.000252	0.880432	0.000252	1.000192	-0.167450	
148	1.000148	-0.000267	1.026917	0.000267	1.000148	-0.157562	
149	1.000110	-0.000299	1.146423	0.000299	1.000110	-0.069092	
150	1.000147	-0.000337	1.179565	0.000337	1.000147	-0.238068	
151	1.000166	-0.000280	1.097656	0.000280	1.000166	-0.183075	
152	1.000191	-0.000356	1.075989	0.000356	1.000191	-0.201904	
153	1.000149	-0.000392	1.235291	0.000392	1.000149	-0.239655	
154	1.000152	-0.000285	1.145508	0.000285	1.000152	-0.177216	
155	1.000184	-0.000345	1.112061	0.000345	1.000184	-0.161469	
156	1.000146	-0.000385	1.208313	0.000385	1.000146	-0.122955	
157	1.000126	-0.000330	1.256592	0.000330	1.000126	-0.292419	
158	1.000121	-0.000367	1.153687	0.000367	1.000121	-0.182831	
159	1.000211	-0.000295	1.089294	0.000295	1.000211	-0.210571	
160	1.000134	-0.000421	1.167480	0.000421	1.000134	-0.353699	
161	1.000075	-0.000348	1.190674	0.000348	1.000075	-0.124847	
162	1.000167	-0.000298	1.139526	0.000298	1.000167	-0.273499	
163	1.000162	-0.000331	1.173950	0.000331	1.000162	-0.216339	
164	1.000143	-0.000383	1.151733	0.000383	1.000143	-0.252838	
165	1.000106	-0.000335	1.198486	0.000335	1.000106	-0.225800	
166	1.000139	-0.000368	1.101013	0.000368	1.000139	-0.320190	
167	1.000179	-0.000282	1.120422	0.000282	1.000179	-0.315521	
168	1.000219	-0.000326	1.004333	0.000326	1.000219	-0.189789	
169	1.000057	-0.000318	1.147522	0.000318	1.000057	-0.151520	
170	1.000188	-0.000353	0.986206	0.000353	1.000188	-0.128082	
171	1.000137	-0.000219	0.962830	0.000219	1.000137	-0.201935	
172	1.000125	-0.000282	0.748352	0.000282	1.000125	-0.169342	
173	1.000196	-0.000220	0.640381	0.000220	1.000196	-0.099609	
174	1.000156	-0.000210	0.636414	0.000210	1.000156	-0.240814	
175	1.000122	-0.000282	0.569946	0.000282	1.000122	-0.062469	
176	1.000101	-0.000156	0.542053	0.000156	1.000101	-0.016663	
177	1.000217	-0.000197	0.439636	0.000197	1.000217	-0.120422	
178	1.000134	-0.000201	0.501404	0.000201	1.000134	-0.148499	
179	1.000131	-0.000188	0.494629	0.000188	1.000131	-0.032745	
180	1.000110	-0.000211	0.726868	0.000211	1.000110	-0.110443	
181	1.000121	-0.000200	0.704346	0.000200	1.000121	-0.176270	
182	1.000154	-0.000277	0.893005	0.000277	1.000154	-0.222382	
183	1.000094	-0.000345	1.161926	0.000345	1.000094	-0.237610	
184	1.000094	-0.000319	1.341431	0.000319	1.000094	-0.306580	
185	1.000219	-0.000500	1.682495	0.000500	1.000219	-0.485596	
186	1.000124	-0.000533	2.080933	0.000533	1.000124	-0.424377	
187	1.000148	-0.000566	2.399841	0.000566	1.000148	-0.448517	
188	1.000100	-0.000676	2.731873	0.000676	1.000100	-0.560089	
189	1.000121	-0.000690	2.992554	0.000690	1.000121	-0.568939	
190	1.000146	-0.000764	3.153931	0.000764	1.000146	-0.696289	
191	1.000100	-0.000804	3.572388	0.000804	1.000100	-0.660980	
192	1.000203	-0.000843	3.633240	0.000843	1.000203	-0.705200	
193	1.000137	-0.000909	3.908325	0.000909	1.000137	-0.886353	
194	1.000189	-0.000946	4.004150	0.000946	1.000189	-0.896393	
195	1.000094	-0.001007	4.139893	0.001007	1.000094	-0.782349	
196	1.000240	-0.001055	4.146362	0.001055	1.000240	-1.048920	
197	1.000173	-0.001020	4.254028	0.001020	1.000173	-0.902496	
198	1.000149	-0.001078	4.327698	0.001078	1.000149	-1.015045	
199	1.000144	-0.001122	4.346741	0.001122	1.000144	-1.008087	
200	1.000217	-0.000986	4.202148	0.000986	1.000217	-1.060333	
201	1.000106	-0.001155	4.428955	0.001155	1.000106	-1.046600	
202	1.000157	-0.001033	4.245361	0.001033	1.000157	-0.821228	
203	1.000210	-0.001034	4.089050	0.001034	1.000210	-1.040222	
204	1.000143	-0.001021	4.012939	0.001021	1.000143	-0.988892	
205	1.000109	-0.000902	3.713318	0.000902	1.000109	-0.802460	
206	1.000153	-0.000809	3.224426	0.000809	1.000153	-0.709106	
207	1.000106	-0.000767	2.887939	0.000767	1.000106	-0.644806	
208	1.000172	-0.000690	2.476746	0.000690	1.000172	-0.687469	
209	1.000091	-0.000610	2.202332	0.000610	1.000091	-0.614136	
210	1.000168	-0.000576	1.829773	0.000576	1.000168	-0.391815	
211	1.000035	-0.000491	1.707458	0.000491	1.000035	-0.387299	
212	1.000134	-0.000429	1.379333	0.000429	1.000134	-0.307831	
213	1.000136	-0.000385	1.272888	0.000385	1.000136	-0.337585	
214	1.000140	-0.000342	1.076904	0.000342	1.000140	-0.231354	
215	1.000087	-0.000320	0.993530	0.000320	1.000087	-0.265686	
216	1.000125	-0.000298	0.786499	0.000298	1.000125	-0.132996	
217	1.000128	-0.000182	0.553040	0.000182	1.000128	-0.161835	
218	1.000140	-0.000236	0.365356	0.000236	1.000140	-0.222961	
219	1.000139	-0.000096	0.046692	0.000096	1.000139	-0.026611	
220	1.000158	-0.000100	-0.014404	0.000100	1.000158	-0.151917	
221	1.000125	-0.000102	-0.169495	0.000102	1.000125	-0.056091	
222	1.000166	0.000010	-0.267151	-0.000010	1.000166	0.087769	
223	1.000170	-0.000029	-0.190674	0.000029	1.000170	-0.130280	
224	1.000156	-0.000010	-0.189209	0.000010	1.000156	-0.096741	
225	1.000199	-0.000014	-0.295776	0.000014	1.000199	-0.102631	
226	1.000195	-0.000077	-0.106934	0.000077	1.000195	-0.270599	
227	1.000174	-0.000030	-0.171997	0.000030	1.000174	-0.110596	
228	1.000256	0.000053	-0.350342	-0.000053	1.000256	-0.166290	
229	1.000255	-0.000022	-0.220520	0.000022	1.000255	-0.029907	
230	1.000268	-0.000011	-0.261047	0.000011	1.000268	-0.049286	
231	1.000337	-0.000031	-0.469055	0.000031	1.000337	0.070343	
232	1.000348	-0.000032	-0.368469	0.000032	1.000348	-0.045349	
233	1.000377	-0.000043	-0.441895	0.000043	1.000377	0.062836	
234	1.000400	-0.000033	-0.447571	0.000033	1.000400	0.128601	
235	1.000435	-0.000065	-0.494995	0.000065	1.000435	0.176117	
236	1.000542	-0.000028	-0.695007	0.000028	1.000542	0.150635	
237	1.000605	0.000007	-0.668762	-0.000007	1.000605	0.265625	
238	1.000634	0.000002	-0.837097	-0.000002	1.000634	0.254150	
239	1.000738	-0.000083	-0.764099	0.000083	1.000738	0.276733	
240	1.000787	0.000015	-0.943787	-0.000015	1.000787	0.416595	
241	1.000812	-0.000027	-0.956970	0.000027	1.000812	0.389709	
242	1.000953	-0.000068	-0.923096	0.000068	1.000953	0.444550	
243	1.000976	0.000035	-1.015503	-0.000035	1.000976	0.593445	
244	1.001055	-0.000066	-0.952759	0.000066	1.001055	0.431702	
245	1.001087	-0.000077	-0.937683	0.000077	1.001087	0.595490	
246	1.001132	-0.000031	-1.061707	0.000031	1.001132	0.544708	
247	1.001195	-0.000048	-1.132629	0.000048	1.001195	0.538116	
248	1.001261	-0.000078	-1.159546	0.000078	1.001261	0.605499	
249	1.001239	-0.000074	-1.134033	0.000074	1.001239	0.666840	
250	1.001280	-0.000099	-1.146423	0.000099	1.001280	0.587311	
251	1.001288	-0.000028	-1.151489	0.000028	1.001288	0.650330	
252	1.001346	-0.000023	-1.333191	0.000023	1.001346	0.604919	
253	1.001409	-0.000073	-1.250244	0.000073	1.001409	0.607208	
254	1.001369	-0.000026	-1.286316	0.000026	1.001369	0.698425	
255	1.001436	0.000029	-1.392517	-0.000029	1.001436	0.772522	
256	1.001455	-0.000040	-1.333008	0.000040	1.001455	0.691559	
257	1.001433	-0.000024	-1.285034	0.000024	1.001433	0.730835	
258	1.001467	0.000039	-1.477844	-0.000039	1.001467	0.788849	
259	1.001443	-0.000013	-1.338867	0.000013	1.001443	0.817688	
260	1.001575	-0.000016	-1.466431	0.000016	1.001575	0.770142	
261	1.001513	0.000035	-1.479004	-0.000035	1.001513	0.830841	
262	1.001582	-0.000093	-1.368896	0.000093	1.001582	0.727936	
263	1.001455	0.000007	-1.432678	-0.000007	1.001455	0.817108	
264	1.001492	-0.000026	-1.375000	0.000026	1.001492	0.749115	
265	1.001425	-0.000086	-1.333984	0.000086	1.001425	0.669495	
266	1.001538	-0.000013	-1.428528	0.000013	1.001538	0.793732	
267	1.001561	-0.000019	-1.462891	0.000019	1.001561	0.835449	
268	1.001644	0.000025	-1.587524	-0.000025	1.001644	0.933716	
269	1.001567	-0.000015	-1.492188	0.000015	1.001567	0.864868	
270	1.001640	0.000001	-1.567139	-0.000001	1.001640	0.793732	
271	1.001625	-0.000020	-1.524780	0.000020	1.001625	0.787842	
272	1.001463	-0.000004	-1.230408	0.000004	1.001463	0.836945	
273	1.001494	-0.000017	-1.157043	0.000017	1.001494	0.812836	
274	1.001509	-0.000065	-1.143372	0.000065	1.001509	0.831543	
275	1.001443	-0.000101	-0.936646	0.000101	1.001443	0.746368	
276	1.001510	-0.000135	-0.771240	0.000135	1.001510	0.674805	
277	1.001500	-0.000230	-0.421509	0.000230	1.001500	0.599091	
278	1.001399	-0.000205	-0.142273	0.000205	1.001399	0.646210	
279	1.001487	-0.000314	0.161743	0.000314	1.001487	0.471802	
280	1.001653	-0.000335	0.172119	0.000335	1.001653	0.395660	
281	1.001467	-0.000404	0.764282	0.000404	1.001467	0.391693	
282	1.001504	-0.000575	1.028564	0.000575	1.001504	0.303406	
283	1.001479	-0.000557	1.227478	0.000557	1.001479	0.282837	
284	1.001516	-0.000539	1.372009	0.000539	1.001516	0.261810	
285	1.001433	-0.000636	1.718628	0.000636	1.001433	0.123688	
286	1.001515	-0.000691	1.685486	0.000691	1.001515	0.148926	
287	1.001530	-0.000671	1.787292	0.000671	1.001530	0.104523	
288	1.001587	-0.000712	1.766479	0.000712	1.001587	0.134186	
289	1.001577	-0.000660	1.737183	0.000660	1.001577	0.120300	
290	1.001594	-0.000676	1.724487	0.000676	1.001594	0.093201	
291	1.001511	-0.000659	1.712036	0.000659	1.001511	0.202759	
292	1.001512	-0.000627	1.619507	0.000627	1.001512	0.216064	
293	1.001465	-0.000632	1.486206	0.000632	1.001465	0.166260	
294	1.001593	-0.000565	1.139771	0.000565	1.001593	0.170502	
295	1.001583	-0.000532	1.005005	0.000532	1.001583	0.258667	
296	1.001496	-0.000512	0.958618	0.000512	1.001496	0.309570	
297	1.001447	-0.000499	1.078003	0.000499	1.001447	0.375092	
298	1.001511	-0.000588	1.106689	0.000588	1.001511	0.242828	
299	1.001604	-0.000577	1.007446	0.000577	1.001604	0.313660	
300	1.001599	-0.000551	1.037231	0.000551	1.001599	0.272583	
301	1.001587	-0.000574	1.117432	0.000574	1.001587	0.272400	
302	1.001584	-0.000633	1.301392	0.000633	1.001584	0.157410	
303	1.001630	-0.000570	1.200928	0.000570	1.001630	0.241058	
304	1.001602	-0.000614	1.416260	0.000614	1.001602	0.187897	
305	1.001612	-0.000619	1.463379	0.000619	1.001612	0.134033	
306	1.001471	-0.000594	1.718262	0.000594	1.001471	0.217834	
307	1.001639	-0.000621	1.568115	0.000621	1.001639	0.096924	
308	1.001583	-0.000605	1.473511	0.000605	1.001583	0.203003	
309	1.001528	-0.000612	1.581665	0.000612	1.001528	0.152740	
310	1.001550	-0.000603	1.405640	0.000603	1.001550	0.267548	
311	1.001545	-0.000653	1.271973	0.000653	1.001545	0.179169	
312	1.001553	-0.000600	1.101685	0.000600	1.001553	0.221863	
313	1.001508	-0.000600	0.957520	0.000600	1.001508	0.262573	
314	1.001542	-0.000533	0.824463	0.000533	1.001542	0.319122	
315	1.001556	-0.000436	0.651978	0.000436	1.001556	0.397766	
316	1.001586	-0.000394	0.475464	0.000394	1.001586	0.311707	
317	1.001557	-0.000467	0.478394	0.000467	1.001557	0.459290	
318	1.001558	-0.000428	0.323486	0.000428	1.001558	0.260345	
319	1.001679	-0.000377	0.149536	0.000377	1.001679	0.319122	
320	1.001552	-0.000407	0.275024	0.000407	1.001552	0.347931	
321	1.001564	-0.000406	0.282104	0.000406	1.001564	0.398682	
322	1.001633	-0.000405	0.185791	0.000405	1.001633	0.344513	
323	1.001548	-0.000369	0.331543	0.000369	1.001548	0.514313	
324	1.001545	-0.000427	0.313843	0.000427	1.001545	0.378082	
325	1.001576	-0.000481	0.478516	0.000481	1.001576	0.265411	
326	1.001577	-0.000425	0.416382	0.000425	1.001577	0.278809	
327	1.001469	-0.000523	0.629639	0.000523	1.001469	0.332214	
328	1.001521	-0.000521	0.726685	0.000521	1.001521	0.264679	
329	1.001543	-0.000631	0.830322	0.000631	1.001543	0.143951	
330	1.001629	-0.000464	0.688232	0.000464	1.001629	0.337585	
331	1.001508	-0.000494	0.888062	0.000494	1.001508	0.391724	
332	1.001521	-0.000578	0.998535	0.000578	1.001521	0.322815	
333	1.001503	-0.000553	0.977051	0.000553	1.001503	0.322266	
334	1.001560	-0.000505	0.871460	0.000505	1.001560	0.408417	
335	1.001565	-0.000545	0.901001	0.000545	1.001565	0.160004	
336	1.001517	-0.000635	0.947510	0.000635	1.001517	0.260895	
337	1.001586	-0.000556	0.901489	0.000556	1.001586	0.257751	
338	1.001550	-0.000578	0.960571	0.000578	1.001550	0.244476	
339	1.001490	-0.000603	1.025391	0.000603	1.001490	0.257843	
340	1.001522	-0.000651	1.023682	0.000651	1.001522	0.163330	
341	1.001550	-0.000593	1.065674	0.000593	1.001550	0.328003	
342	1.001567	-0.000605	1.052490	0.000605	1.001567	0.254486	
343	1.001508	-0.000679	1.185791	0.000679	1.001508	0.286743	
344	1.001533	-0.000647	1.217896	0.000647	1.001533	0.174347	
345	1.001524	-0.000624	1.235352	0.000624	1.001524	0.201904	
346	1.001522	-0.000617	1.241211	0.000617	1.001522	0.243164	
347	1.001457	-0.000630	1.330933	0.000630	1.001457	0.253845	
348	1.001425	-0.000672	1.560425	0.000672	1.001425	0.215363	
349	1.001494	-0.000607	1.410156	0.000607	1.001494	0.233765	
350	1.001474	-0.000666	1.527588	0.000666	1.001474	0.218384	
351	1.001541	-0.000693	1.426636	0.000693	1.001541	0.095856	
352	1.001502	-0.000652	1.402222	0.000652	1.001502	0.190094	
353	1.001491	-0.000698	1.499878	0.000698	1.001491	0.038727	
354	1.001543	-0.000639	1.442993	0.000639	1.001543	0.154297	
355	1.001556	-0.000654	1.496582	0.000654	1.001556	0.170868	
356	1.001589	-0.000674	1.475220	0.000674	1.001589	0.124603	
357	1.001528	-0.000625	1.483643	0.000625	1.001528	0.105469	
358	1.001448	-0.000716	1.607910	0.000716	1.001448	0.094391	
359	1.001392	-0.000670	1.623535	0.000670	1.001392	0.173950	
360	1.001602	-0.000644	1.374878	0.000644	1.001602	0.130066	
361	1.001499	-0.000620	1.562988	0.000620	1.001499	0.237640	
362	1.001468	-0.000666	1.653076	0.000666	1.001468	0.159973	
363	1.001653	-0.000629	1.460693	0.000629	1.001653	0.165405	
364	1.001577	-0.000682	1.592896	0.000682	1.001577	0.157593	
365	1.001427	-0.000765	1.819946	0.000765	1.001427	0.194000	
366	1.001546	-0.000769	1.846313	0.000769	1.001546	0.050964	
367	1.001426	-0.000702	1.932007	0.000702	1.001426	0.297882	
368	1.001470	-0.000761	2.039551	0.000761	1.001470	0.114594	
369	1.001508	-0.000761	2.099609	0.000761	1.001508	0.105530	
370	1.001486	-0.000786	2.182861	0.000786	1.001486	0.016144	
371	1.001476	-0.000733	2.180908	0.000733	1.001476	0.018799	
372	1.001492	-0.000811	2.212891	0.000811	1.001492	0.039734	
373	1.001471	-0.000796	2.210938	0.000796	1.001471	-0.019226	
374	1.001536	-0.000777	2.236084	0.000777	1.001536	-0.131195	
375	1.001493	-0.000837	2.269897	0.000837	1.001493	-0.220245	
376	1.001434	-0.000805	2.450928	0.000805	1.001434	-0.025818	
377	1.001658	-0.000812	2.031128	0.000812	1.001658	-0.132935	
378	1.001500	-0.000817	2.335571	0.000817	1.001500	-0.171967	
379	1.001487	-0.000844	2.354492	0.000844	1.001487	-0.158112	
380	1.001406	-0.000799	2.370361	0.000799	1.001406	-0.012817	
381	1.001493	-0.000799	2.419434	0.000799	1.001493	-0.020081	
382	1.001420	-0.000885	2.468384	0.000885	1.001420	-0.083405	
383	1.001401	-0.000796	2.407104	0.000796	1.001401	-0.001190	
384	1.001467	-0.000807	2.332031	0.000807	1.001467	0.009308	
385	1.001384	-0.000824	2.406006	0.000824	1.001384	-0.014923	
386	1.001407	-0.000834	2.421509	0.000834	1.001407	0.006287	
387	1.001449	-0.000789	2.352539	0.000789	1.001449	-0.062042	
388	1.001431	-0.000837	2.357666	0.000837	1.001431	-0.028809	
389	1.001439	-0.000812	2.329712	0.000812	1.001439	-0.108734	
390	1.001483	-0.000774	2.284424	0.000774	1.001483	-0.082275	
391	1.001419	-0.000824	2.401855	0.000824	1.001419	-0.158722	
392	1.001473	-0.000840	2.430542	0.000840	1.001473	-0.085052	
393	1.001371	-0.000792	2.505249	0.000792	1.001371	-0.026947	
394	1.001478	-0.000839	2.504761	0.000839	1.001478	-0.093384	
395	1.001452	-0.000964	2.699219	0.000964	1.001452	-0.100250	
396	1.001501	-0.000927	2.824829	0.000927	1.001501	-0.209045	
397	1.001495	-0.000957	2.920654	0.000957	1.001495	-0.211792	
398	1.001431	-0.001087	3.376099	0.001087	1.001431	-0.270782	
399	1.001565	-0.001085	3.415283	0.001085	1.001565	-0.391144	
400	1.001355	-0.001187	3.816895	0.001187	1.001355	-0.473145	
401	1.001349	-0.001216	3.957642	0.001216	1.001349	-0.401031	
402	1.001373	-0.001178	4.116455	0.001178	1.001373	-0.390778	
403	1.001723	-0.001132	3.677856	0.001132	1.001723	-0.536743	
404	1.001698	-0.001283	3.914917	0.001283	1.001698	-0.690643	
405	1.001687	-0.001236	3.965454	0.001236	1.001687	-0.511688	
406	1.001593	-0.001253	4.195679	0.001253	1.001593	-0.602692	
407	1.001569	-0.001323	4.348267	0.001323	1.001569	-0.552490	
408	1.001868	-0.001287	3.848755	0.001287	1.001868	-0.701263	
409	1.001404	-0.001245	4.514771	0.001245	1.001404	-0.503876	
410	1.001408	-0.001305	4.571533	0.001305	1.001408	-0.671906	
411	1.001637	-0.001258	4.282227	0.001258	1.001637	-0.608154	
412	1.001501	-0.001247	4.525513	0.001247	1.001501	-0.524536	
413	1.001605	-0.001313	4.421875	0.001313	1.001605	-0.641449	
414	1.001760	-0.001288	4.135864	0.001288	1.001760	-0.651489	
415	1.001482	-0.001266	4.565918	0.001266	1.001482	-0.484863	
416	1.001841	-0.001372	4.161133	0.001372	1.001841	-0.789551	
417	1.001632	-0.001317	4.418213	0.001317	1.001632	-0.543671	
418	1.001968	-0.001331	3.926636	0.001331	1.001968	-0.781586	
419	1.001553	-0.001339	4.419678	0.001339	1.001553	-0.621796	
420	1.001633	-0.001307	4.421631	0.001307	1.001633	-0.669220	
421	1.001738	-0.001380	4.253418	0.001380	1.001738	-0.745605	
422	1.001891	-0.001321	4.010498	0.001321	1.001891	-0.746643	
423	1.001874	-0.001286	3.977783	0.001286	1.001874	-0.699158	
424	1.001536	-0.001325	4.431641	0.001325	1.001536	-0.538544	
425	1.001643	-0.001337	4.302490	0.001337	1.001643	-0.613586	
426	1.001529	-0.001234	4.280884	0.001234	1.001529	-0.508789	
427	1.001849	-0.001322	3.935913	0.001322	1.001849	-0.813019	
428	1.001717	-0.001256	4.038452	0.001256	1.001717	-0.612244	
429	1.001752	-0.001270	4.017822	0.001270	1.001752	-0.653625	
430	1.001559	-0.001201	4.154541	0.001201	1.001559	-0.532135	
431	1.001769	-0.001199	3.821289	0.001199	1.001769	-0.530853	
432	1.001494	-0.001166	4.213989	0.001166	1.001494	-0.451660	
433	1.001625	-0.001198	4.024902	0.001198	1.001625	-0.512451	
434	1.001650	-0.001278	4.072266	0.001278	1.001650	-0.572510	
435	1.001586	-0.001250	4.201416	0.001250	1.001586	-0.562927	
436	1.001549	-0.001164	4.126465	0.001164	1.001549	-0.455780	
437	1.001994	-0.001279	3.663940	0.001279	1.001994	-0.617065	
438	1.002064	-0.001279	3.635498	0.001279	1.002064	-0.761353	
439	1.001775	-0.001301	4.081787	0.001301	1.001775	-0.654144	
440	1.001507	-0.001189	4.302368	0.001189	1.001507	-0.478027	
441	1.001583	-0.001266	4.350464	0.001266	1.001583	-0.525360	
442	1.002051	-0.001241	3.687622	0.001241	1.002051	-0.695770	
443	1.002070	-0.001247	3.703003	0.001247	1.002070	-0.659302	
444	1.001986	-0.001316	3.837646	0.001316	1.001986	-0.730743	
445	1.002011	-0.001303	3.722168	0.001303	1.002011	-0.773773	
446	1.001824	-0.001236	4.115723	0.001236	1.001824	-0.647339	
447	1.001596	-0.001289	4.433960	0.001289	1.001596	-0.628235	
448	1.002177	-0.001185	3.536987	0.001185	1.002177	-0.705078	
449	1.001400	-0.001248	4.698975	0.001248	1.001400	-0.491547	
450	1.002246	-0.001222	3.409180	0.001222	1.002246	-0.755127	
451	1.001925	-0.001190	3.847412	0.001190	1.001925	-0.624512	
452	1.001488	-0.001180	4.420044	0.001180	1.001488	-0.500000	
453	1.001621	-0.001226	4.368774	0.001226	1.001621	-0.626556	
454	1.001773	-0.001322	4.198608	0.001322	1.001773	-0.806274	
455	1.001671	-0.001289	4.391479	0.001289	1.001671	-0.529053	
456	1.001814	-0.001258	4.150757	0.001258	1.001814	-0.676941	
457	1.001545	-0.001303	4.481689	0.001303	1.001545	-0.686584	
458	1.001748	-0.001274	4.251465	0.001274	1.001748	-0.713806	
459	1.001756	-0.001197	4.077271	0.001197	1.001756	-0.667572	
460	1.001911	-0.001267	3.945679	0.001267	1.001911	-0.818695	
461	1.001551	-0.001317	4.459717	0.001317	1.001551	-0.629669	
462	1.001771	-0.001285	4.193115	0.001285	1.001771	-0.705322	
463	1.001580	-0.001218	4.374634	0.001218	1.001580	-0.646027	
464	1.001843	-0.001207	4.051270	0.001207	1.001843	-0.713013	
465	1.001761	-0.001219	4.163208	0.001219	1.001761	-0.596924	
466	1.001804	-0.001259	4.177856	0.001259	1.001804	-0.692657	
467	1.001512	-0.001182	4.436035	0.001182	1.001512	-0.536011	
468	1.001767	-0.001139	4.066162	0.001139	1.001767	-0.634949	
469	1.001512	-0.001213	4.533325	0.001213	1.001512	-0.478882	
470	1.001614	-0.001270	4.332642	0.001270	1.001614	-0.731140	
471	1.001573	-0.001255	4.418823	0.001255	1.001573	-0.599915	
472	1.001793	-0.001229	4.054565	0.001229	1.001793	-0.715118	
473	1.001426	-0.001132	4.599609	0.001132	1.001426	-0.430847	
474	1.001544	-0.001150	4.420166	0.001150	1.001544	-0.514923	
475	1.001560	-0.001223	4.451416	0.001223	1.001560	-0.639557	
476	1.002077	-0.001159	3.669678	0.001159	1.002077	-0.644806	
477	1.001401	-0.001140	4.568115	0.001140	1.001401	-0.477692	
478	1.001895	-0.001205	3.913574	0.001205	1.001895	-0.795410	
479	1.001815	-0.001208	4.032959	0.001208	1.001815	-0.650146	
480	1.001922	-0.001278	3.915161	0.001278	1.001922	-0.808441	
481	1.002073	-0.001214	3.670898	0.001214	1.002073	-0.786987	
482	1.001619	-0.001232	4.397095	0.001232	1.001619	-0.694946	
483	1.001498	-0.001301	4.581177	0.001301	1.001498	-0.641876	
484	1.002228	-0.001147	3.454956	0.001147	1.002228	-0.756134	
485	1.001511	-0.001226	4.542236	0.001226	1.001511	-0.536530	
486	1.001887	-0.001206	4.005981	0.001206	1.001887	-0.707489	
487	1.001639	-0.001229	4.278198	0.001229	1.001639	-0.652618	
488	1.001585	-0.001170	4.343018	0.001170	1.001585	-0.658447	
489	1.002018	-0.001146	3.632324	0.001146	1.002018	-0.710907	
490	1.001908	-0.001281	3.994629	0.001281	1.001908	-0.754578	
491	1.001502	-0.001239	4.522217	0.001239	1.001502	-0.757416	
492	1.001961	-0.001135	3.837036	0.001135	1.001961	-0.694427	
493	1.001568	-0.001183	4.326294	0.001183	1.001568	-0.606293	
494	1.001661	-0.001270	4.400513	0.001270	1.001661	-0.679138	
495	1.001794	-0.001190	4.101807	0.001190	1.001794	-0.587006	
496	1.001972	-0.001208	3.892944	0.001208	1.001972	-0.783264	
497	1.001692	-0.001107	4.156860	0.001107	1.001692	-0.610870	
498	1.001780	-0.001207	4.186401	0.001207	1.001780	-0.671326	
499	1.001698	-0.001172	4.195190	0.001172	1.001698	-0.733856	
500	1.001884	-0.001212	3.996460	0.001212	1.001884	-0.739990	
501	1.001836	-0.001232	4.064087	0.001232	1.001836	-0.784851	
502	1.001608	-0.001217	4.430054	0.001217	1.001608	-0.613892	
503	1.001709	-0.001204	4.205688	0.001204	1.001709	-0.653137	
504	1.002175	-0.001279	3.586914	0.001279	1.002175	-0.916504	
505	1.001381	-0.001079	4.586060	0.001079	1.001381	-0.504059	
506	1.001926	-0.001260	3.943237	0.001260	1.001926	-0.819763	
507	1.001804	-0.001148	4.064331	0.001148	1.001804	-0.643402	
508	1.001703	-0.001233	4.321655	0.001233	1.001703	-0.555817	
509	1.001495	-0.001308	4.645874	0.001308	1.001495	-0.662323	
510	1.002073	-0.001184	3.741333	0.001184	1.002073	-0.671204	
511	1.001637	-0.001264	4.433472	0.001264	1.001637	-0.663239	
512	1.001863	-0.001232	4.100098	0.001232	1.001863	-0.688751	
513	1.001922	-0.001170	3.971802	0.001170	1.001922	-0.704620	
514	1.001780	-0.001254	4.347290	0.001254	1.001780	-0.676941	
515	1.001536	-0.001265	4.789551	0.001265	1.001536	-0.827942	
516	1.001710	-0.001316	4.777344	0.001316	1.001710	-0.798096	
517	1.001555	-0.001483	5.273071	0.001483	1.001555	-0.814270	
518	1.001891	-0.001441	4.828613	0.001441	1.001891	-0.916321	
519	1.001665	-0.001338	5.271484	0.001338	1.001665	-0.781158	
520	1.001650	-0.001490	5.593140	0.001490	1.001650	-0.900757	
521	1.001534	-0.001519	5.855957	0.001519	1.001534	-0.848663	
522	1.002138	-0.001447	4.932739	0.001447	1.002138	-1.138824	
523	1.002230	-0.001499	5.026855	0.001499	1.002230	-1.181183	
524	1.001658	-0.001487	5.858765	0.001487	1.001658	-0.979126	
525	1.001428	-0.001594	6.224487	0.001594	1.001428	-0.991974	
526	1.002279	-0.001598	5.143555	0.001598	1.002279	-1.253113	
527	1.002127	-0.001543	5.351807	0.001543	1.002127	-1.028320	
528	1.001868	-0.001538	5.704712	0.001538	1.001868	-1.003265	
529	1.001681	-0.001500	5.978149	0.001500	1.001681	-1.006775	
530	1.002013	-0.001598	5.642822	0.001598	1.002013	-1.261108	
531	1.001754	-0.001460	5.883423	0.001460	1.001754	-0.887024	
532	1.001867	-0.001553	5.788574	0.001553	1.001867	-1.054596	
533	1.001501	-0.001586	6.453613	0.001586	1.001501	-0.928833	
534	1.001614	-0.001617	6.461060	0.001617	1.001614	-1.115967	
535	1.000997	-0.001539	7.142761	0.001539	1.000997	-0.890381	
536	1.001639	-0.001640	6.455078	0.001640	1.001639	-1.065552	
537	1.001978	-0.001569	5.895630	0.001569	1.001978	-1.268433	
538	1.000840	-0.001530	7.622009	0.001530	1.000840	-1.045410	
539	1.001614	-0.001629	6.493896	0.001629	1.001614	-1.164032	
540	1.001943	-0.001653	6.230591	0.001653	1.001943	-1.493652	
541	1.000633	-0.001748	7.884827	0.001748	1.000633	-1.047363	
542	1.000824	-0.001466	7.742859	0.001466	1.000824	-1.307526	
543	1.000911	-0.001665	7.557068	0.001665	1.000911	-1.173035	
544	1.000765	-0.001506	7.846313	0.001506	1.000765	-1.333099	
545	1.000806	-0.001668	7.931091	0.001668	1.000806	-1.285614	
546	1.001057	-0.001559	7.317505	0.001559	1.001057	-1.315369	
547	1.000840	-0.001959	7.971924	0.001959	1.000840	-1.502899	
548	1.000566	-0.001547	7.656067	0.001547	1.000566	-1.078796	
549	1.000730	-0.001483	7.506042	0.001483	1.000730	-1.259125	
550	1.000974	-0.001534	6.832214	0.001534	1.000974	-1.203400	
551	1.001037	-0.001771	6.698669	0.001771	1.001037	-1.163177	
552	1.000696	-0.001566	6.694519	0.001566	1.000696	-1.159698	
553	1.001189	-0.001471	5.989990	0.001471	1.001189	-1.051910	
554	1.000839	-0.001429	6.390198	0.001429	1.000839	-1.130615	
555	1.000715	-0.001389	6.194641	0.001389	1.000715	-1.048920	
556	1.000725	-0.001460	6.172119	0.001460	1.000725	-1.051178	
557	1.000860	-0.001399	6.025879	0.001399	1.000860	-1.218414	
558	1.000677	-0.001345	6.036133	0.001345	1.000677	-1.281830	
559	1.000723	-0.001282	6.121155	0.001282	1.000723	-0.948059	
560	1.000731	-0.001238	6.225586	0.001238	1.000731	-1.114502	
561	1.001014	-0.001379	5.778015	0.001379	1.001014	-0.934357	
562	1.001002	-0.001533	5.843384	0.001533	1.001002	-1.109344	
563	1.000844	-0.001345	5.862122	0.001345	1.000844	-1.025238	
564	1.000854	-0.001201	5.896545	0.001201	1.000854	-0.938599	
565	1.000805	-0.001223	5.780945	0.001223	1.000805	-0.771179	
566	1.000904	-0.001287	5.704224	0.001287	1.000904	-0.758545	
567	1.001189	-0.001291	5.260498	0.001291	1.001189	-0.777191	
568	1.000964	-0.001308	5.244385	0.001308	1.000964	-0.673889	
569	1.001064	-0.001211	5.296204	0.001211	1.001064	-0.564819	
570	1.001138	-0.001412	5.100281	0.001412	1.001138	-0.704041	
571	1.001331	-0.001341	4.713257	0.001341	1.001331	-0.672821	
572	1.001143	-0.001327	4.838806	0.001327	1.001143	-0.497589	
573	1.001215	-0.001240	4.741089	0.001240	1.001215	-0.602692	
574	1.001324	-0.001209	4.457336	0.001209	1.001324	-0.539215	
575	1.001341	-0.001224	4.534363	0.001224	1.001341	-0.569641	
576	1.001525	-0.001229	4.114258	0.001229	1.001525	-0.610321	
577	1.001579	-0.001276	4.085999	0.001276	1.001579	-0.599365	
578	1.001183	-0.001280	4.600464	0.001280	1.001183	-0.440674	
579	1.001364	-0.001264	4.213684	0.001264	1.001364	-0.509460	
580	1.001503	-0.001370	4.169617	0.001370	1.001503	-0.544067	
581	1.000784	-0.001660	4.383514	0.001660	1.000784	-0.134705	
582	1.001297	-0.001438	4.363220	0.001438	1.001297	-0.402191	
583	1.002046	-0.001387	3.208130	0.001387	1.002046	-0.552002	
584	1.001632	-0.001390	3.904053	0.001390	1.001632	-0.509613	
585	1.001656	-0.001308	3.779358	0.001308	1.001656	-0.541260	
586	1.001406	-0.001470	4.181641	0.001470	1.001406	-0.451691	
587	1.001742	-0.001330	3.665527	0.001330	1.001742	-0.525909	
588	1.001704	-0.001331	3.624329	0.001331	1.001704	-0.559143	
589	1.001491	-0.001474	3.907349	0.001474	1.001491	-0.349243	
590	1.001342	-0.001925	4.201141	0.001925	1.001342	-0.442413	
591	1.001751	-0.001414	3.460632	0.001414	1.001751	-0.440033	
592	1.001926	-0.001350	3.100525	0.001350	1.001926	-0.469727	
593	1.001939	-0.001446	3.075012	0.001446	1.001939	-0.415100	
594	1.001827	-0.001401	3.284790	0.001401	1.001827	-0.533447	
595	1.001985	-0.001383	2.900269	0.001383	1.001985	-0.464233	
596	1.002033	-0.001449	2.693420	0.001449	1.002033	-0.538177	
597	1.001771	-0.001398	3.245483	0.001398	1.001771	-0.440430	
598	1.002044	-0.001444	2.699463	0.001444	1.002044	-0.555939	
599	1.001666	-0.001561	3.000732	0.001561	1.001666	-0.345856	
600	1.001889	-0.001451	2.898926	0.001451	1.001889	-0.417145	
601	1.002092	-0.001450	2.377747	0.001450	1.002092	-0.483917	
602	1.002307	-0.001442	2.060364	0.001442	1.002307	-0.588806	
603	1.001775	-0.001716	2.472168	0.001716	1.001775	-0.315247	
604	1.002057	-0.001589	2.197815	0.001589	1.002057	-0.564148	
605	1.001853	-0.001674	2.455322	0.001674	1.001853	-0.359009	
606	1.002110	-0.001512	1.861206	0.001512	1.002110	-0.460236	
607	1.001852	-0.004645	4.304886	0.004645	1.001852	-0.909485	
608	1.002389	-0.001476	1.631958	0.001476	1.002389	-0.655121	
609	1.002140	-0.001607	1.502136	0.001607	1.002140	-0.455261	
610	1.001943	-0.001491	2.031311	0.001491	1.001943	-0.323517	
611	1.001891	-0.001770	1.598999	0.001770	1.001891	-0.348145	
612	1.002279	-0.001409	1.609619	0.001409	1.002279	-0.577759	
613	1.001940	-0.001522	1.680542	0.001522	1.001940	-0.464569	
614	1.002252	-0.001575	1.136536	0.001575	1.002252	-0.599335	
615	1.002272	-0.001662	1.026489	0.001662	1.002272	-0.567902	
616	1.001687	-0.001762	1.828735	0.001762	1.001687	-0.380920	
617	1.002052	-0.001654	1.259521	0.001654	1.002052	-0.497711	
618	1.002222	-0.004875	3.792755	0.004875	1.002222	-1.222961	
619	1.002270	-0.001583	1.285889	0.001583	1.002270	-0.709412	
620	1.002192	-0.001696	1.024963	0.001696	1.002192	-0.555359	
621	1.002269	-0.001629	0.898560	0.001629	1.002269	-0.573212	
622	1.002575	-0.001773	0.218933	0.001773	1.002575	-0.726288	
623	1.002139	-0.001630	0.887878	0.001630	1.002139	-0.564056	
624	1.002270	-0.001572	1.004395	0.001572	1.002270	-0.637848	
625	1.001876	-0.001871	0.763550	0.001871	1.001876	-0.374573	
626	1.002320	-0.001638	0.615723	0.001638	1.002320	-0.647797	
627	1.001766	-0.001465	1.829407	0.001465	1.001766	-0.392670	
628	1.001254	-0.001719	1.724731	0.001719	1.001254	-0.254913	
629	1.001659	-0.001782	1.604797	0.001782	1.001659	-0.425262	
630	1.001025	-0.001918	2.467224	0.001918	1.001025	-0.329407	
631	1.002120	-0.001556	1.307922	0.001556	1.002120	-0.622589	
632	1.000971	-0.001699	2.512268	0.001699	1.000971	-0.239746	
633	1.001907	-0.001656	1.439941	0.001656	1.001907	-0.665985	
634	1.002578	-0.001799	0.502747	0.001799	1.002578	-0.810760	
635	1.001479	-0.001765	2.101318	0.001765	1.001479	-0.458588	
636	1.002370	-0.001770	0.831543	0.001770	1.002370	-0.794159	
637	1.002480	-0.001750	1.052856	0.001750	1.002480	-0.902527	
638	1.002448	-0.001823	0.726440	0.001823	1.002448	-1.036499	
639	1.002601	-0.004993	3.936874	0.004993	1.002601	-1.687622	
640	1.002303	-0.001850	1.114807	0.001850	1.002303	-0.856201	
641	1.001138	-0.001563	3.121826	0.001563	1.001138	-0.328094	
642	1.002190	-0.001641	1.646484	0.001641	1.002190	-0.808197	
643	1.002812	-0.001881	0.376282	0.001881	1.002812	-0.883514	
644	1.002590	-0.005002	4.084381	0.005002	1.002590	-1.612152	
645	1.001345	-0.001938	2.395508	0.001938	1.001345	-0.422699	
646	1.000688	-0.001915	3.307251	0.001915	1.000688	-0.238678	
647	1.002066	-0.001784	1.633972	0.001784	1.002066	-0.659851	
648	1.001968	-0.001868	1.640808	0.001868	1.001968	-0.633240	
649	1.001422	-0.001679	2.762085	0.001679	1.001422	-0.385498	
650	1.001414	-0.001719	2.670837	0.001719	1.001414	-0.420410	
651	1.002056	-0.001949	1.716248	0.001949	1.002056	-0.914734	
652	1.002095	-0.001752	1.748596	0.001752	1.002095	-0.748993	
653	1.002282	-0.001958	1.186707	0.001958	1.002282	-0.899963	
654	1.000806	-0.001705	3.765320	0.001705	1.000806	-0.293869	
655	1.001420	-0.001957	2.298096	0.001957	1.001420	-0.468842	
656	1.001504	-0.001574	2.995850	0.001574	1.001504	-0.483429	
657	1.001547	-0.001831	2.632324	0.001831	1.001547	-0.547699	
658	1.001757	-0.001632	2.581116	0.001632	1.001757	-0.513092	
659	1.001927	-0.001854	1.863037	0.001854	1.001927	-0.708801	
660	1.001335	-0.002013	2.712463	0.002013	1.001335	-0.449646	
661	1.001076	-0.001662	3.751709	0.001662	1.001076	-0.366989	
662	1.002272	-0.001742	1.664856	0.001742	1.002272	-0.836914	
663	1.001440	-0.001575	3.151062	0.001575	1.001440	-0.563538	
664	1.003487	-0.001834	-0.560059	0.001834	1.003487	-0.967590	
665	1.000890	-0.001902	3.524963	0.001902	1.000890	-0.398071	
666	1.001190	-0.002167	3.040039	0.002167	1.001190	-0.563446	
667	1.001292	-0.001846	3.090881	0.001846	1.001292	-0.543579	
668	1.001121	-0.002239	3.562744	0.002239	1.001121	-0.652710	
669	1.002142	-0.001936	1.781128	0.001936	1.002142	-0.874207	
670	1.001846	-0.002101	1.494995	0.002101	1.001846	-0.560791	
671	1.001386	-0.001817	2.869507	0.001817	1.001386	-0.617767	
672	1.001820	-0.001919	2.093689	0.001919	1.001820	-0.729614	
673	1.000581	-0.001901	3.944824	0.001901	1.000581	-0.359558	
674	1.001819	-0.001910	2.313660	0.001910	1.001819	-0.769287	
675	1.000953	-0.002198	3.539429	0.002198	1.000953	-0.717682	
676	1.001050	-0.002093	3.508789	0.002093	1.001050	-0.590942	
677	1.001034	-0.001728	3.762329	0.001728	1.001034	-0.551270	
678	1.001529	-0.001969	2.734070	0.001969	1.001529	-0.766174	
679	1.001154	-0.001943	3.592651	0.001943	1.001154	-0.596069	
680	1.002014	-0.002012	2.130676	0.002012	1.002014	-0.932770	
681	1.001085	-0.001992	3.519165	0.001992	1.001085	-0.673767	
682	1.001198	-0.001881	3.492920	0.001881	1.001198	-0.545776	
683	1.002002	-0.001948	1.996643	0.001948	1.002002	-0.753113	
684	1.001285	-0.001789	3.177673	0.001789	1.001285	-0.500488	
685	1.001278	-0.001635	3.606873	0.001635	1.001278	-0.523010	
686	1.000997	-0.002463	3.660950	0.002463	1.000997	-0.651123	
687	1.001148	-0.001960	3.556519	0.001960	1.001148	-0.612122	
688	1.001204	-0.002002	3.560486	0.002002	1.001204	-0.688385	
689	1.002212	-0.003364	3.791138	0.003364	1.002212	-1.300629	
690	1.001145	-0.002167	3.523865	0.002167	1.001145	-0.671600	
691	1.001490	-0.001758	3.229187	0.001758	1.001490	-0.696747	
692	1.000684	-0.002061	3.897278	0.002061	1.000684	-0.542267	
693	1.001361	-0.001999	3.347107	0.001999	1.001361	-0.692688	
694	1.001383	-0.001933	3.404602	0.001933	1.001383	-0.672974	
695	1.001403	-0.001842	3.342529	0.001842	1.001403	-0.595856	
696	1.001720	-0.002040	2.517395	0.002040	1.001720	-0.823425	
697	1.001265	-0.002011	3.729919	0.002011	1.001265	-0.835205	
698	1.001085	-0.001593	3.479858	0.001593	1.001085	-0.590515	
699	1.001086	-0.002078	3.703613	0.002078	1.001086	-0.754272	
700	1.001382	-0.002142	3.462769	0.002142	1.001382	-0.884674	
701	1.001394	-0.002055	3.184448	0.002055	1.001394	-0.693756	
702	1.000105	-0.002371	3.869141	0.002371	1.000105	-0.651764	
703	1.002078	-0.002004	0.886292	0.002004	1.002078	-0.756256	
704	1.001724	-0.001629	1.494934	0.001629	1.001724	-0.591400	
705	1.001574	-0.001276	0.604065	0.001276	1.001574	-0.401428	
706	1.001719	-0.001387	-1.204468	0.001387	1.001719	-0.119476	
707	1.001334	-0.001178	-0.842224	0.001178	1.001334	0.068817	
708	1.001258	-0.000961	-1.121460	0.000961	1.001258	0.229797	
709	1.001071	-0.001161	-1.097229	0.001161	1.001071	0.231537	
710	1.001932	-0.000906	-2.128723	0.000906	1.001932	0.109833	
711	1.001401	-0.000956	-2.820984	0.000956	1.001401	0.715424	
712	1.002076	-0.000653	-3.568359	0.000653	1.002076	0.344849	
713	1.001333	-0.000885	-3.500244	0.000885	1.001333	0.816833	
714	1.000768	-0.001096	-2.746155	0.001096	1.000768	0.404694	
715	1.000990	-0.000726	-3.287720	0.000726	1.000990	0.686981	
716	1.001114	-0.000824	-4.732910	0.000824	1.001114	1.267212	
717	1.000989	-0.000744	-4.346863	0.000744	1.000989	0.809174	
718	1.004108	-0.001637	-5.528137	0.001637	1.004108	-0.501770	
719	1.000854	-0.000975	-4.932678	0.000975	1.000854	1.167877	
720	1.000853	-0.000881	-4.586975	0.000881	1.000853	0.842926	
721	1.000943	-0.000522	-4.546814	0.000522	1.000943	0.855621	
722	1.001608	-0.000215	-5.612488	0.000215	1.001608	1.033875	
723	1.001590	-0.000273	-5.729309	0.000273	1.001590	1.160400	
724	1.001932	-0.000226	-5.825134	0.000226	1.001932	0.926910	
725	1.000375	-0.001346	-3.789368	0.001346	1.000375	0.442505	
726	1.001054	-0.000648	-5.254395	0.000648	1.001054	1.209595	
727	1.001326	-0.000407	-5.241699	0.000407	1.001326	0.967621	
728	1.000398	-0.001261	-3.847229	0.001261	1.000398	0.606262	
729	1.002019	-0.000215	-5.462158	0.000215	1.002019	0.938782	
730	1.000950	-0.000540	-4.418396	0.000540	1.000950	0.791916	
731	1.001651	-0.000152	-5.793335	0.000152	1.001651	1.272827	
732	1.001100	-0.000355	-4.637085	0.000355	1.001100	0.942978	
733	1.001030	-0.000408	-4.673340	0.000408	1.001030	0.875793	
734	1.001428	-0.000290	-4.820557	0.000290	1.001428	0.925827	
735	1.000697	-0.001010	-4.651062	0.001010	1.000697	0.939972	
736	1.001381	-0.000325	-5.222778	0.000325	1.001381	0.940063	
737	1.001261	-0.000327	-5.170593	0.000327	1.001261	0.954315	
738	1.001207	-0.000608	-5.682739	0.000608	1.001207	1.180908	
739	1.000857	-0.000736	-5.082031	0.000736	1.000857	1.281311	
740	1.000602	-0.001179	-4.410889	0.001179	1.000602	0.598358	
741	1.000498	-0.000890	-4.062500	0.000890	1.000498	0.598740	
742	1.001270	-0.000253	-4.892273	0.000253	1.001270	0.776352	
743	1.001398	-0.000209	-5.313354	0.000209	1.001398	1.047394	
744	1.001563	-0.000181	-5.214966	0.000181	1.001563	0.838745	
745	1.000496	-0.001113	-4.282471	0.001113	1.000496	0.684326	
746	1.000717	-0.000855	-4.729675	0.000855	1.000717	0.925354	
747	1.001346	-0.000170	-4.960144	0.000170	1.001346	1.052704	
748	1.000927	-0.000468	-4.515259	0.000468	1.000927	0.864807	
749	1.001279	-0.000396	-5.169250	0.000396	1.001279	1.030975	
750	1.000806	-0.000573	-4.618042	0.000573	1.000806	0.889465	
751	1.000566	-0.001168	-4.361755	0.001168	1.000566	0.586029	
752	1.000483	-0.001188	-4.404236	0.001188	1.000483	0.639465	
753	1.001012	-0.000691	-5.081421	0.000691	1.001012	0.984192	
754	1.000805	-0.000744	-4.894653	0.000744	1.000805	0.934448	
755	1.001314	-0.000243	-5.099976	0.000243	1.001314	0.882294	
756	1.000661	-0.000768	-4.635315	0.000768	1.000661	0.995117	
757	1.000752	-0.000734	-4.709290	0.000734	1.000752	0.976654	
758	1.000403	-0.001411	-4.199341	0.001411	1.000403	0.421600	
759	1.001548	-0.000218	-5.554260	0.000218	1.001548	1.092987	
760	1.000214	-0.001399	-4.108948	0.001399	1.000214	0.554443	
761	1.000807	-0.000941	-4.989380	0.000941	1.000807	0.907410	
762	1.000995	-0.000569	-4.932190	0.000569	1.000995	0.943420	
763	1.000941	-0.000479	-4.654236	0.000479	1.000941	0.544846	
764	1.000481	-0.001145	-4.530640	0.001145	1.000481	0.819611	
765	1.001125	-0.000276	-4.706116	0.000276	1.001125	0.968994	
766	1.000441	-0.001722	-4.124390	0.001722	1.000441	0.468231	
767	1.001390	-0.000293	-5.061035	0.000293	1.001390	1.031860	
768	1.001285	-0.000276	-4.309814	0.000276	1.001285	0.883728	
769	1.000736	-0.000833	-3.221741	0.000833	1.000736	0.625443	
770	1.000807	-0.001381	-3.078918	0.001381	1.000807	0.792755	
771	1.001467	-0.000931	-2.054688	0.000931	1.001467	0.186401	
772	1.004155	-0.001287	-4.855713	0.001287	1.004155	-0.616943	
773	1.002795	-0.001886	-0.451416	0.001886	1.002795	-0.803040	
774	1.003569	-0.002260	0.575195	0.002260	1.003569	-1.437653	
775	1.002881	-0.003106	3.141113	0.003106	1.002881	-1.566559	
776	1.004499	-0.003081	3.258850	0.003081	1.004499	-2.230438	
777	1.004182	-0.003553	5.079468	0.003553	1.004182	-2.770996	
778	1.003626	-0.003927	7.224365	0.003927	1.003626	-2.744629	
779	1.003606	-0.005108	8.646484	0.005108	1.003606	-3.760071	
780	1.003639	-0.005361	9.513428	0.005361	1.003639	-4.183960	
781	1.004086	-0.004758	9.773743	0.004758	1.004086	-4.031036	
782	1.003848	-0.005456	10.848999	0.005456	1.003848	-4.488220	
783	1.004008	-0.005253	11.078125	0.005253	1.004008	-4.640198	
784	1.004167	-0.005170	11.576477	0.005170	1.004167	-4.504486	
785	1.003713	-0.005989	12.644409	0.005989	1.003713	-5.240479	
786	1.003808	-0.006005	12.784180	0.006005	1.003808	-5.324829	
787	1.004377	-0.006152	12.355713	0.006152	1.004377	-6.037842	
788	1.004859	-0.005298	11.917480	0.005298	1.004859	-5.693695	
789	1.004285	-0.006057	12.913330	0.006057	1.004285	-6.122009	
790	1.003904	-0.005329	13.433105	0.005329	1.003904	-5.509430	
791	1.004586	-0.006036	11.472778	0.006036	1.004586	-6.777344	
792	1.003764	-0.005623	11.254639	0.005623	1.003764	-5.849731	
793	1.004496	-0.005450	8.839783	0.005450	1.004496	-5.782135	
794	1.003863	-0.004056	6.370239	0.004056	1.003863	-4.350769	
795	1.001359	-0.002672	8.648987	0.002672	1.001359	-2.466461	
796	1.000841	-0.002408	7.080017	0.002408	1.000841	-1.802917	
797	1.003111	-0.001989	2.562317	0.001989	1.003111	-2.010925	
798	1.003093	-0.002210	0.950623	0.002210	1.003093	-2.058258	
799	1.003271	-0.001897	-0.134094	0.001897	1.003271	-1.886780	
800	1.000821	-0.001461	2.705139	0.001461	1.000821	-0.736206	
801	1.001209	-0.001457	1.580627	0.001457	1.001209	-0.783905	
802	1.000384	-0.002576	1.632080	0.002576	1.000384	-0.636047	
803	1.002054	-0.001028	-1.529541	0.001028	1.002054	-0.298065	
804	1.001326	-0.001043	-1.271057	0.001043	1.001326	-0.013855	
805	1.001290	-0.000731	-1.986023	0.000731	1.001290	0.153778	
806	1.001126	-0.000745	-2.728638	0.000745	1.001126	0.231995	
807	1.000957	-0.000638	-3.329407	0.000638	1.000957	0.373718	
808	1.001316	-0.000321	-4.740784	0.000321	1.001316	0.690826	
809	1.001370	-0.000197	-4.639404	0.000197	1.001370	0.650208	
810	1.001001	-0.000272	-4.182190	0.000272	1.001001	0.726288	
811	1.001209	-0.000861	-5.591370	0.000861	1.001209	1.082581	
812	1.001370	-0.000334	-5.157532	0.000334	1.001370	0.896637	
813	1.004770	-0.000868	-8.964111	0.000868	1.004770	-0.447845	
814	1.001362	-0.000192	-4.612549	0.000192	1.001362	0.915771	
815	1.000566	-0.000857	-3.917175	0.000857	1.000566	0.469208	
816	1.001300	-0.000408	-4.910095	0.000408	1.001300	0.921417	
817	1.000791	-0.000798	-4.224304	0.000798	1.000791	0.718170	
818	1.000834	-0.000724	-4.234924	0.000724	1.000834	0.610596	
819	1.000591	-0.001267	-4.152222	0.001267	1.000591	0.764771	
820	1.000490	-0.001667	-4.207397	0.001667	1.000490	0.906799	
821	1.005500	-0.001173	-9.374756	0.001173	1.005500	-0.905701	
822	1.000952	-0.002878	-3.695923	0.002878	1.000952	-0.892487	
823	1.001393	-0.000601	-4.436707	0.000601	1.001393	0.735199	
824	1.001611	-0.000434	-4.051880	0.000434	1.001611	0.817749	
825	1.000668	-0.001022	-3.143066	0.001022	1.000668	0.637054	
826	1.001178	-0.000785	-3.381409	0.000785	1.001178	0.562164	
827	1.001556	-0.000546	-3.458130	0.000546	1.001556	0.505890	
828	1.000933	-0.001293	-2.974854	0.001293	1.000933	0.576813	
829	1.000839	-0.001203	-2.029297	0.001203	1.000839	0.196762	
830	1.003967	-0.000764	-6.278198	0.000764	1.003967	0.057220	
831	1.000978	-0.001510	-2.112854	0.001510	1.000978	0.156433	
832	1.000704	-0.001237	-1.419250	0.001237	1.000704	0.174561	
833	1.001605	-0.000813	-2.382812	0.000813	1.001605	0.396820	
834	1.001480	-0.000743	-2.051575	0.000743	1.001480	0.406799	
835	1.001602	-0.000883	-2.470581	0.000883	1.001602	0.248505	
836	1.001630	-0.000766	-2.566406	0.000766	1.001630	0.442444	
837	1.000760	-0.001396	-1.917297	0.001396	1.000760	0.360687	
838	1.001343	-0.000743	-2.649048	0.000743	1.001343	0.458115	
839	1.001129	-0.000842	-2.913330	0.000842	1.001129	0.664581	
840	1.001148	-0.000757	-3.069702	0.000757	1.001148	0.613998	
841	1.001315	-0.000593	-3.404175	0.000593	1.001315	0.670334	
842	1.005124	-0.001259	-8.229919	0.001259	1.005124	-0.533051	
843	1.005486	-0.001439	-8.627991	0.001439	1.005486	-0.832581	
844	1.000708	-0.001323	-3.158325	0.001323	1.000708	0.321350	
845	1.001578	-0.000485	-4.076294	0.000485	1.001578	0.795593	
846	1.000874	-0.000657	-3.453979	0.000657	1.000874	0.701447	
847	1.004600	-0.000796	-7.930847	0.000796	1.004600	-0.083252	
848	1.000699	-0.001917	-3.177734	0.001917	1.000699	-0.064056	
849	1.001654	-0.000621	-4.227051	0.000621	1.001654	0.723999	
850	1.001157	-0.000736	-2.822632	0.000736	1.001157	0.460220	
851	1.005183	-0.001649	-7.077332	0.001649	1.005183	-1.128082	
852	1.004061	-0.000817	-5.244080	0.000817	1.004061	-0.238098	
853	1.001492	-0.001005	-0.969971	0.001005	1.001492	0.135956	
854	1.004031	-0.001239	-3.307373	0.001239	1.004031	-0.455902	
855	1.002708	-0.002285	-1.684753	0.002285	1.002708	-0.340759	
856	1.004096	-0.001761	-1.719299	0.001761	1.004096	-1.066986	
857	1.004935	-0.002648	-1.330811	0.002648	1.004935	-2.019165	
858	1.003445	-0.002119	1.415588	0.002119	1.003445	-0.846924	
859	1.004180	-0.002799	1.340210	0.002799	1.004180	-1.990784	
860	1.002942	-0.003261	3.335083	0.003261	1.002942	-1.537567	
861	1.004881	-0.003408	2.083862	0.003408	1.004881	-2.768951	
862	1.004423	-0.003278	2.555359	0.003278	1.004423	-2.774536	
863	1.000436	-0.002307	8.025635	0.002307	1.000436	-1.002258	
864	1.004798	-0.003641	2.956543	0.003641	1.004798	-3.187683	
865	1.003582	-0.004354	3.959839	0.004354	1.003582	-3.691498	
866	1.004851	-0.003095	1.596313	0.003095	1.004851	-3.159821	
867	1.004922	-0.002870	0.210449	0.002870	1.004922	-2.774292	
868	1.004873	-0.002645	-0.834534	0.002645	1.004873	-2.704010	
869	1.001310	-0.001498	2.680664	0.001498	1.001310	-0.708252	
870	1.000706	-0.001660	2.454712	0.001660	1.000706	-0.870193	
871	1.000848	-0.001183	1.275757	0.001183	1.000848	-0.280975	
872	1.004962	-0.001896	-4.395142	0.001896	1.004962	-1.826874	
873	1.001465	-0.000905	-0.274048	0.000905	1.001465	-0.062378	
874	1.003624	-0.000991	-4.319397	0.000991	1.003624	-0.292480	
875	1.003638	-0.000707	-4.553223	0.000707	1.003638	-0.028473	
876	1.003732	-0.000714	-5.792480	0.000714	1.003732	0.134064	
877	1.001396	-0.000813	-2.571777	0.000813	1.001396	0.327179	
878	1.001092	-0.000662	-2.785889	0.000662	1.001092	0.535706	
879	1.000964	-0.000729	-3.370056	0.000729	1.000964	0.473663	
880	1.001530	-0.000304	-4.335571	0.000304	1.001530	0.581421	
881	1.001516	-0.000320	-4.780334	0.000320	1.001516	0.631165	
882	1.001394	-0.000244	-5.201050	0.000244	1.001394	0.812073	
883	1.001490	-0.000235	-5.082886	0.000235	1.001490	0.703842	
884	1.004160	-0.000297	-8.889038	0.000297	1.004160	0.345917	
885	1.001294	-0.000245	-5.021179	0.000245	1.001294	0.936249	
886	1.001535	-0.000251	-5.250732	0.000251	1.001535	0.821930	
887	1.001640	-0.000111	-5.470276	0.000111	1.001640	0.944916	
888	1.001494	-0.000361	-5.532532	0.000361	1.001494	0.867065	
889	1.001009	-0.000593	-4.668884	0.000593	1.001009	0.796143	
890	1.004829	-0.000457	-9.792603	0.000457	1.004829	-0.026825	
891	1.004084	-0.000396	-8.650269	0.000396	1.004084	0.252197	
892	1.001681	-0.000249	-5.592407	0.000249	1.001681	0.789551	
893	1.001394	-0.000164	-4.971069	0.000164	1.001394	0.859497	
894	1.000848	-0.000667	-4.594116	0.000667	1.000848	0.746490	
895	1.003651	-0.000062	-8.722900	0.000062	1.003651	0.837799	
896	1.001285	-0.000279	-4.915955	0.000279	1.001285	0.861343	
897	1.001546	-0.000266	-5.264954	0.000266	1.001546	0.913940	
898	1.000905	-0.000729	-4.702209	0.000729	1.000905	0.715027	
899	1.000980	-0.000709	-4.722046	0.000709	1.000980	0.833557	
900	1.001290	-0.000231	-4.927307	0.000231	1.001290	0.968857	
901	1.000701	-0.001983	-4.501404	0.001983	1.000701	0.376892	
902	1.001127	-0.000545	-4.859131	0.000545	1.001127	0.955444	
903	1.004154	-0.000181	-8.909546	0.000181	1.004154	0.551239	
904	1.000984	-0.000568	-4.491577	0.000568	1.000984	0.680923	
905	1.001493	-0.000228	-5.101440	0.000228	1.001493	0.844269	
906	1.001634	-0.000220	-5.220337	0.000220	1.001634	0.965515	
907	1.000944	-0.000821	-4.500549	0.000821	1.000944	0.673950	
908	1.003977	-0.000268	-8.255249	0.000268	1.003977	0.578613	
909	1.000754	-0.001064	-3.985657	0.001064	1.000754	0.536041	
910	1.005353	-0.000983	-9.290588	0.000983	1.005353	-0.464325	
911	1.000852	-0.001027	-3.750061	0.001027	1.000852	0.517242	
912	1.004488	-0.000411	-7.963379	0.000411	1.004488	0.206543	
913	1.000881	-0.001143	-3.157166	0.001143	1.000881	0.472137	
914	1.004106	-0.000651	-6.547241	0.000651	1.004106	0.095734	
915	1.005122	-0.001361	-6.737854	0.001361	1.005122	-0.956909	
916	1.001006	-0.001423	-1.086731	0.001423	1.001006	0.056458	
917	1.004161	-0.001180	-4.360718	0.001180	1.004161	-0.555054	
918	1.004832	-0.001756	-4.158936	0.001756	1.004832	-1.308533	
919	1.004956	-0.001969	-3.391602	0.001969	1.004956	-1.560089	
920	1.002576	-0.002326	0.093262	0.002326	1.002576	-1.064575	
921	1.003952	-0.001740	-0.596619	0.001740	1.003952	-1.111237	
922	1.003365	-0.004195	1.407837	0.004195	1.003365	-3.046875	
923	1.004376	-0.002627	0.619873	0.002627	1.004376	-1.989197	
924	1.003452	-0.002564	2.839844	0.002564	1.003452	-1.683075	
925	1.004425	-0.003163	2.236816	0.003163	1.004425	-2.518127	
926	1.004580	-0.002934	2.957886	0.002934	1.004580	-2.352539	
927	1.004230	-0.003388	4.047791	0.003388	1.004230	-2.531006	
928	1.003485	-0.002926	5.586304	0.002926	1.003485	-1.985626	
929	1.004771	-0.003462	4.424438	0.003462	1.004771	-3.122528	
930	1.003837	-0.003773	5.604004	0.003773	1.003837	-3.085052	
931	1.004301	-0.003369	5.313477	0.003369	1.004301	-2.958862	
932	1.004778	-0.003497	4.243469	0.003497	1.004778	-3.410492	
933	1.001613	-0.002572	7.641052	0.002572	1.001613	-1.924835	
934	1.004108	-0.003120	2.302551	0.003120	1.004108	-2.915619	
935	1.004564	-0.002320	0.494751	0.002320	1.004564	-2.452606	
936	1.003843	-0.001986	-0.289673	0.001986	1.003843	-1.644073	
937	1.003256	-0.001655	-0.587891	0.001655	1.003256	-1.202179	
938	1.004662	-0.001744	-2.947266	0.001744	1.004662	-1.793671	
939	1.004300	-0.001513	-3.322632	0.001513	1.004300	-1.397736	
940	1.003557	-0.001060	-2.951050	0.001060	1.003557	-0.635681	
941	1.003720	-0.001124	-3.934082	0.001124	1.003720	-0.892670	
942	1.004401	-0.001307	-5.302124	0.001307	1.004401	-1.184814	
943	1.004362	-0.000992	-5.989258	0.000992	1.004362	-0.834930	
944	1.003979	-0.000871	-6.113892	0.000871	1.003979	-0.539795	
945	1.001499	-0.000525	-3.037170	0.000525	1.001499	0.268005	
946	1.003913	-0.000590	-7.381226	0.000590	1.003913	-0.057281	
947	1.003970	-0.000381	-7.921692	0.000381	1.003970	0.083618	
948	1.001213	-0.000395	-4.711731	0.000395	1.001213	0.712402	
949	1.001095	-0.000275	-4.803345	0.000275	1.001095	0.767944	
950	1.001591	-0.000288	-5.635193	0.000288	1.001591	0.868683	
951	1.001786	-0.000211	-5.758911	0.000211	1.001786	0.768616	
952	1.001263	-0.000204	-4.925415	0.000204	1.001263	0.939209	
953	1.003654	0.000017	-8.626587	-0.000017	1.003654	0.692139	
954	1.001264	-0.000326	-5.049011	0.000326	1.001264	0.995941	
955	1.003957	-0.000095	-9.042236	0.000095	1.003957	0.708252	
956	1.001319	-0.000249	-4.921814	0.000249	1.001319	0.834564	
957	1.004444	-0.000361	-9.382202	0.000361	1.004444	0.285706	
958	1.001561	-0.000267	-5.213989	0.000267	1.001561	0.956543	
959	1.001344	-0.000344	-4.650513	0.000344	1.001344	0.850708	
960	1.004016	-0.000459	-8.362061	0.000459	1.004016	0.301300	
961	1.003731	-0.000242	-7.548462	0.000242	1.003731	0.552612	
962	1.003937	-0.000554	-7.046997	0.000554	1.003937	0.238373	
963	1.003981	-0.000723	-6.439026	0.000723	1.003981	-0.076752	
964	1.004361	-0.000899	-5.912659	0.000899	1.004361	-0.347321	
965	1.003651	-0.001138	-3.679565	0.001138	1.003651	-0.293762	
966	1.001060	-0.001626	1.386658	0.001626	1.001060	-0.254333	
967	1.004367	-0.002056	-1.556030	0.002056	1.004367	-1.451569	
968	1.004567	-0.002309	0.131226	0.002309	1.004567	-1.616882	
969	1.004653	-0.002934	1.744873	0.002934	1.004653	-2.029297	
970	1.005018	-0.002949	3.040039	0.002949	1.005018	-2.017181	
971	1.004478	-0.003652	5.417603	0.003652	1.004478	-2.727539	
972	1.005214	-0.003939	5.866699	0.003939	1.005214	-3.161560	
973	1.004377	-0.004035	8.348877	0.004035	1.004377	-3.159760	
974	1.004482	-0.004479	9.333374	0.004479	1.004482	-3.733795	
975	1.004883	-0.004586	9.038818	0.004586	1.004883	-4.207886	
976	1.004134	-0.004473	9.813721	0.004473	1.004134	-3.927216	
977	1.005369	-0.004449	8.062134	0.004449	1.005369	-4.799377	
978	1.004327	-0.004607	8.032471	0.004607	1.004327	-4.815216	
979	1.004943	-0.004000	5.945923	0.004000	1.004943	-4.771973	
980	1.004891	-0.003821	3.854736	0.003821	1.004891	-4.655334	
981	1.004267	-0.003033	2.434204	0.003033	1.004267	-3.427338	
982	1.004220	-0.002559	0.872559	0.002559	1.004220	-2.861359	
983	1.001438	-0.001840	3.633789	0.001840	1.001438	-1.264160	
984	1.001788	-0.001571	2.247559	0.001571	1.001788	-1.231842	
985	1.004411	-0.001796	-2.701904	0.001796	1.004411	-2.477966	
986	1.003679	-0.001396	-2.440674	0.001396	1.003679	-1.342468	
987	1.004092	-0.001468	-3.848267	0.001468	1.004092	-1.418854	
988	1.004056	-0.001291	-4.505371	0.001291	1.004056	-1.154968	
989	1.003909	-0.001065	-5.021729	0.001065	1.003909	-0.815430	
990	1.001349	-0.000695	-1.561584	0.000695	1.001349	0.043671	
991	1.001863	-0.000606	-3.092163	0.000606	1.001863	0.116882	
992	1.003619	-0.000633	-7.082886	0.000633	1.003619	0.013702	
993	1.001505	-0.000385	-4.193237	0.000385	1.001505	0.693878	
994	1.001583	-0.000233	-4.814575	0.000233	1.001583	0.795074	
995	1.003759	-0.000027	-8.998291	0.000027	1.003759	0.681183	
996	1.001275	-0.000291	-4.850525	0.000291	1.001275	0.925171	
997	1.003503	0.000045	-8.762817	-0.000045	1.003503	0.880341	
998	1.001163	-0.000276	-4.903992	0.000276	1.001163	0.987610	
999	1.003721	-0.000040	-9.047485	0.000040	1.003721	0.782196	
1000	1.003773	-0.000019	-9.208618	0.000019	1.003773	0.814240	
1001	1.003622	0.000033	-8.934082	-0.000033	1.003622	0.854126	
1002	1.000845	-0.000550	-4.776794	0.000550	1.000845	1.025726	
1003	1.003775	0.000022	-9.139526	-0.000022	1.003775	0.887268	
1004	1.004236	-0.000033	-9.825439	0.000033	1.004236	0.822052	
1005	1.003985	0.000091	-9.561768	-0.000091	1.003985	1.106842	
1006	1.003591	0.000063	-8.989868	-0.000063	1.003591	1.158234	
1007	1.004218	-0.000356	-9.548462	0.000356	1.004218	0.613251	
1008	1.004427	-0.000135	-9.883789	0.000135	1.004427	0.800995	
1009	1.003916	-0.000047	-8.913086	0.000047	1.003916	0.884613	
1010	1.003834	-0.000460	-8.070190	0.000460	1.003834	0.743774	
1011	1.004344	-0.000270	-8.677368	0.000270	1.004344	0.555908	
1012	1.004207	-0.000571	-7.830322	0.000571	1.004207	0.385925	
1013	1.004552	-0.000673	-7.872803	0.000673	1.004552	0.021851	
1014	1.004030	-0.000780	-6.693726	0.000780	1.004030	0.405914	
1015	1.001542	-0.001023	-1.257324	0.001023	1.001542	-0.041565	
1016	1.004002	-0.001083	-4.834106	0.001083	1.004002	-0.140808	
1017	1.004296	-0.001241	-4.711304	0.001241	1.004296	-0.491913	
1018	1.004515	-0.001542	-4.587402	0.001542	1.004515	-0.915192	
1019	1.005040	-0.001709	-4.647827	0.001709	1.005040	-1.449493	
1020	1.004447	-0.001714	-3.688965	0.001714	1.004447	-1.171478	
1021	1.004690	-0.001822	-3.801025	0.001822	1.004690	-1.425446	
1022	1.003921	-0.001572	-3.264648	0.001572	1.003921	-0.836456	
1023	1.004497	-0.001715	-4.479126	0.001715	1.004497	-1.390808	
1024	1.004822	-0.001625	-5.471680	0.001625	1.004822	-1.509705	
1025	1.004868	-0.001583	-6.207275	0.001583	1.004868	-1.603851	
1026	1.004154	-0.001155	-5.778198	0.001155	1.004154	-0.742401	
1027	1.004216	-0.000902	-6.779907	0.000902	1.004216	-0.547577	
1028	1.004801	-0.001294	-7.427734	0.001294	1.004801	-1.277527	
1029	1.004216	-0.000922	-7.057861	0.000922	1.004216	-0.493103	
1030	1.004167	-0.000752	-7.305176	0.000752	1.004167	-0.442505	
1031	1.004269	-0.000590	-8.098145	0.000590	1.004269	-0.168640	
1032	1.004449	-0.000579	-8.663818	0.000579	1.004449	-0.143097	
1033	1.004803	-0.000779	-8.958008	0.000779	1.004803	-0.605408	
1034	1.004078	-0.000282	-8.778320	0.000282	1.004078	0.377625	
1035	1.004349	-0.000296	-9.308594	0.000296	1.004349	0.234222	
1036	1.004336	-0.000561	-9.065552	0.000561	1.004336	-0.039307	
1037	1.003789	-0.000126	-9.126099	0.000126	1.003789	0.629242	
1038	1.003803	-0.000139	-9.189209	0.000139	1.003803	0.522888	
1039	1.004147	-0.000054	-10.050781	0.000054	1.004147	0.710266	
1040	1.004398	-0.000261	-9.925293	0.000261	1.004398	0.240326	
1041	1.004085	-0.000016	-9.792969	0.000016	1.004085	0.551086	
1042	1.004217	-0.000017	-10.099609	0.000017	1.004217	0.646301	
1043	1.004257	-0.000130	-9.731567	0.000130	1.004257	0.645172	
1044	1.001500	-0.000251	-5.250977	0.000251	1.001500	0.826172	
1045	1.001347	-0.000206	-5.096069	0.000206	1.001347	0.899902	
1046	1.004359	-0.000108	-10.303833	0.000108	1.004359	0.692352	
1047	1.001524	-0.000220	-5.325134	0.000220	1.001524	1.033783	
1048	1.004218	0.000247	-10.357422	-0.000247	1.004218	0.928711	
1049	1.003169	-0.000085	-8.466919	0.000085	1.003169	0.956177	
1050	1.001611	-0.000217	-5.444214	0.000217	1.001611	0.934509	
1051	1.003889	-0.000022	-9.486328	0.000022	1.003889	0.827271	
1052	1.004000	0.000107	-9.437866	-0.000107	1.004000	1.065918	
1053	1.001709	-0.000231	-5.191345	0.000231	1.001709	0.784851	
1054	1.004207	0.000044	-9.350708	-0.000044	1.004207	1.153076	
1055	1.004395	0.000058	-9.526855	-0.000058	1.004395	1.030975	
1056	1.004757	-0.000017	-9.484497	0.000017	1.004757	0.700134	
1057	1.004213	0.000303	-9.428589	-0.000303	1.004213	1.454834	
1058	1.004242	0.000125	-9.344238	-0.000125	1.004242	1.121857	
1059	1.001995	-0.000210	-5.181885	0.000210	1.001995	1.089447	
1060	1.004348	0.000177	-8.919067	-0.000177	1.004348	0.986694	
1061	1.003876	0.000071	-8.431519	-0.000071	1.003876	1.119934	
1062	1.004194	0.000276	-8.793701	-0.000276	1.004194	1.284424	
1063	1.004285	0.000254	-9.059692	-0.000254	1.004285	1.203491	
1064	1.004119	0.000294	-8.532715	-0.000294	1.004119	1.510376	
1065	1.004204	0.000284	-8.503540	-0.000284	1.004204	1.279205	
1066	1.003916	0.000373	-8.104858	-0.000373	1.003916	1.574829	
1067	1.004046	0.000259	-7.968140	-0.000259	1.004046	1.603424	
1068	1.001996	-0.000080	-4.356506	0.000080	1.001996	1.076019	
1069	1.002192	-0.000125	-4.699829	0.000125	1.002192	1.175995	
1070	1.004128	0.000276	-7.692505	-0.000276	1.004128	1.436005	
1071	1.004164	0.000392	-7.671753	-0.000392	1.004164	1.591248	
1072	1.004090	0.000302	-7.481689	-0.000302	1.004090	1.590149	
1073	1.002181	-0.000176	-4.105835	0.000176	1.002181	1.255951	
1074	1.004131	0.000259	-7.185547	-0.000259	1.004131	1.628845	
1075	1.002188	-0.000257	-3.807617	0.000257	1.002188	1.159912	
1076	1.002111	-0.000267	-3.523315	0.000267	1.002111	1.230927	
1077	1.002451	-0.000147	-4.117188	0.000147	1.002451	1.389252	
1078	1.002233	-0.000264	-3.618164	0.000264	1.002233	1.270447	
1079	1.004165	0.000568	-6.750244	-0.000568	1.004165	2.031799	
1080	1.004162	0.000399	-6.594727	-0.000399	1.004162	1.931335	
1081	1.002248	-0.000220	-3.363892	0.000220	1.002248	1.297363	
1082	1.002232	-0.000368	-3.259888	0.000368	1.002232	1.310516	
1083	1.002249	-0.000200	-3.053406	0.000200	1.002249	1.401093	
1084	1.004175	0.000644	-6.306274	-0.000644	1.004175	2.321930	
1085	1.002307	-0.000341	-3.052612	0.000341	1.002307	1.343262	
1086	1.004061	0.000648	-6.151489	-0.000648	1.004061	2.435364	
1087	1.002206	-0.000357	-2.720276	0.000357	1.002206	1.454956	
1088	1.002269	-0.000203	-2.776978	0.000203	1.002269	1.367157	
1089	1.002225	-0.000281	-2.641296	0.000281	1.002225	1.658142	
1090	1.002175	-0.000427	-2.472595	0.000427	1.002175	1.332031	
1091	1.002126	-0.000307	-2.338928	0.000307	1.002126	1.595123	
1092	1.002221	-0.000366	-2.391846	0.000366	1.002221	1.366882	
1093	1.002298	-0.000436	-2.463379	0.000436	1.002298	1.607941	
1094	1.002353	-0.000077	-2.707764	0.000077	1.002353	1.830505	
1095	1.002195	-0.000380	-2.225952	0.000380	1.002195	1.491699	
1096	1.002195	-0.000118	-2.207092	0.000118	1.002195	1.674957	
1097	1.002418	-0.000191	-2.451782	0.000191	1.002418	1.726715	
1098	1.002245	-0.000240	-2.146606	0.000240	1.002245	1.628662	
1099	1.002339	-0.000131	-2.264160	0.000131	1.002339	1.831299	
1100	1.002299	0.000082	-2.198853	-0.000082	1.002299	1.791595	
1101	1.002226	-0.000499	-1.800903	0.000499	1.002226	1.493011	
1102	1.004219	0.001117	-5.417480	-0.001117	1.004219	3.477844	
1103	1.002302	-0.000242	-1.875427	0.000242	1.002302	1.682922	
1104	1.002238	-0.000223	-1.742859	0.000223	1.002238	1.442841	
1105	1.002383	0.000078	-1.933228	-0.000078	1.002383	1.812317	
1106	1.002238	-0.000322	-1.535156	0.000322	1.002238	1.668365	
1107	1.002459	-0.000396	-1.852051	0.000396	1.002459	1.891418	
1108	1.002317	-0.000362	-1.531433	0.000362	1.002317	1.414001	
1109	1.002328	-0.000294	-1.476257	0.000294	1.002328	1.679504	
1110	1.002276	-0.000267	-1.450989	0.000267	1.002276	1.758942	
1111	1.004198	0.000875	-4.718262	-0.000875	1.004198	3.266357	
1112	1.002439	-0.000579	-1.281128	0.000579	1.002439	1.480743	
1113	1.002435	-0.000159	-1.399902	0.000159	1.002435	1.955658	
1114	1.002385	-0.000460	-1.156921	0.000460	1.002385	1.611115	
1115	1.002444	-0.000469	-1.173157	0.000469	1.002444	1.587860	
1116	1.002535	0.000029	-1.312439	-0.000029	1.002535	1.797089	
1117	1.002542	0.000025	-1.374390	-0.000025	1.002542	1.869904	
1118	1.002699	-0.000048	-1.367004	0.000048	1.002699	2.057983	
1119	1.002341	-0.000472	-0.874146	0.000472	1.002341	1.783539	
1120	1.002441	-0.000034	-1.048767	0.000034	1.002441	1.990112	
1121	1.002560	-0.000362	-1.049377	0.000362	1.002560	1.839722	
1122	1.002453	-0.000500	-0.873840	0.000500	1.002453	1.877716	
1123	1.002603	-0.000045	-1.294800	0.000045	1.002603	2.292664	
1124	1.002398	-0.000117	-1.033203	0.000117	1.002398	2.298706	
1125	1.002446	-0.000801	-0.739258	0.000801	1.002446	1.795319	
1126	1.002631	0.000007	-1.326782	-0.000007	1.002631	2.818726	
1127	1.002459	-0.000286	-0.920532	0.000286	1.002459	2.601227	
1128	1.002675	-0.000239	-1.340820	0.000239	1.002675	2.809021	
1129	1.002319	-0.000260	-0.786072	0.000260	1.002319	2.717499	
1130	1.002328	-0.000339	-0.863647	0.000339	1.002328	2.728516	
1131	1.002503	-0.000092	-1.074158	0.000092	1.002503	2.919189	
1132	1.002455	-0.000208	-1.046814	0.000208	1.002455	2.913025	
1133	1.002181	-0.000186	-0.581055	0.000186	1.002181	2.764740	
1134	1.002362	-0.000278	-0.792725	0.000278	1.002362	2.825928	
1135	1.002126	-0.000268	-0.563904	0.000268	1.002126	2.617340	
1136	1.002549	-0.000044	-1.307251	0.000044	1.002549	3.109528	
1137	1.002509	0.000004	-1.222961	-0.000004	1.002509	3.066711	
1138	1.002386	0.000034	-1.084778	-0.000034	1.002386	2.869202	
1139	1.002326	-0.000002	-0.981812	0.000002	1.002326	3.009613	
1140	1.002493	0.000191	-1.306396	-0.000191	1.002493	3.338654	
1141	1.002358	-0.000093	-1.009399	0.000093	1.002358	3.146851	
1142	1.002382	0.000100	-1.089355	-0.000100	1.002382	3.142029	
1143	1.002457	0.000142	-1.286926	-0.000142	1.002457	3.336273	
1144	1.002195	-0.000095	-0.796143	0.000095	1.002195	2.949097	
1145	1.002412	0.000186	-1.297668	-0.000186	1.002412	3.057953	
1146	1.002228	-0.000177	-0.884705	0.000177	1.002228	2.803894	
1147	1.002355	0.000060	-1.214966	-0.000060	1.002355	3.142975	
1148	1.002263	-0.000165	-0.867249	0.000165	1.002263	2.577484	
1149	1.002415	-0.000059	-1.197632	0.000059	1.002415	3.011566	
1150	1.002353	-0.000107	-1.048340	0.000107	1.002353	2.931641	
1151	1.002348	0.000044	-1.262207	-0.000044	1.002348	3.019165	
1152	1.002220	0.000029	-0.971313	-0.000029	1.002220	3.402771	
1153	1.002020	-0.000008	-0.729004	0.000008	1.002020	3.321533	
1154	1.002029	-0.000033	-0.619141	0.000033	1.002029	3.312500	
1155	1.001704	-0.000638	0.062866	0.000638	1.001704	2.458649	
1156	1.001921	0.000034	-0.611572	-0.000034	1.001921	3.402771	
1157	1.001996	0.000187	-0.755249	-0.000187	1.001996	3.184753	
1158	1.002050	0.000241	-0.747681	-0.000241	1.002050	3.102509	
1159	1.001656	-0.000314	-0.083618	0.000314	1.001656	2.762573	
1160	1.001838	-0.000162	-0.240723	0.000162	1.001838	2.497742	
1161	1.001858	-0.000013	-0.353882	0.000013	1.001858	2.823242	
1162	1.001576	-0.000016	-0.000488	0.000016	1.001576	2.583923	
1163	1.001841	-0.000083	-0.342773	0.000083	1.001841	2.729980	
1164	1.001347	-0.000363	0.215698	0.000363	1.001347	2.480072	
1165	1.001597	0.000175	0.017090	-0.000175	1.001597	2.892517	
1166	1.001246	-0.000004	0.252502	0.000004	1.001246	2.811737	
1167	1.001369	-0.000229	0.293884	0.000229	1.001369	2.505219	
1168	1.001170	-0.000297	0.477051	0.000297	1.001170	2.269257	
1169	1.001192	-0.000268	0.565002	0.000268	1.001192	2.230103	
1170	1.001333	-0.000221	0.356201	0.000221	1.001333	2.290070	
1171	1.001153	-0.000151	0.447327	0.000151	1.001153	2.201782	
1172	1.000925	-0.000200	0.739319	0.000200	1.000925	2.233826	
1173	1.001031	-0.000454	0.921692	0.000454	1.001031	1.954956	
1174	1.000969	-0.000304	0.973694	0.000304	1.000969	1.944977	
1175	1.000831	-0.000339	1.322083	0.000339	1.000831	1.993042	
1176	1.000772	-0.000588	1.852844	0.000588	1.000772	1.689087	
1177	1.000743	-0.000422	2.382385	0.000422	1.000743	1.814789	
1178	1.000592	-0.000711	3.300232	0.000711	1.000592	1.568359	
1179	1.000456	-0.000982	4.660278	0.000982	1.000456	1.284119	
1180	1.000660	-0.001209	5.671570	0.001209	1.000660	0.779114	
1181	1.000947	-0.001559	6.758667	0.001559	1.000947	0.282166	
1182	1.000423	-0.001851	9.022949	0.001851	1.000423	0.099609	
1183	1.002355	-0.002435	8.379883	0.002435	1.002355	-1.181854	
1184	1.002756	-0.002665	9.586182	0.002665	1.002756	-1.542389	
1185	1.003039	-0.003256	10.953247	0.003256	1.003039	-2.200134	
1186	1.003161	-0.003900	12.727539	0.003900	1.003161	-3.366302	
1187	1.003428	-0.004032	13.880127	0.004032	1.003428	-3.365265	
1188	1.003201	-0.004301	15.650024	0.004301	1.003201	-3.657471	
1189	0.998086	-0.004432	22.106873	0.004432	0.998086	-1.837067	
1190	1.004147	-0.004576	16.868896	0.004576	1.004147	-4.017944	
1191	1.003325	-0.005207	18.890015	0.005207	1.003325	-4.742645	
1192	1.004331	-0.005211	18.253174	0.005211	1.004331	-5.334747	
1193	1.003896	-0.005273	19.175049	0.005273	1.003896	-4.892029	
1194	1.003754	-0.005180	19.730591	0.005180	1.003754	-4.993835	
1195	1.004519	-0.005104	18.519043	0.005104	1.004519	-5.333984	
1196	0.998561	-0.005519	25.243835	0.005519	0.998561	-3.629028	
1197	1.003574	-0.005573	19.990723	0.005573	1.003574	-5.677185	
1198	0.998358	-0.005525	24.992249	0.005525	0.998358	-3.480835	
1199	0.998452	-0.005898	24.795227	0.005898	0.998452	-3.762512	
1200	0.998822	-0.005577	23.752686	0.005577	0.998822	-3.935242	
1201	0.998751	-0.005078	22.847961	0.005078	0.998751	-3.667175	
1202	0.998413	-0.004963	22.397217	0.004963	0.998413	-3.198181	
1203	0.999522	-0.004969	20.557556	0.004969	0.999522	-3.867798	
1204	1.002561	-0.004087	16.425903	0.004087	1.002561	-3.696533	
1205	0.999894	-0.004374	18.262207	0.004374	0.999894	-3.629272	
1206	0.999993	-0.004401	17.034973	0.004401	0.999993	-3.622437	
1207	1.000860	-0.004061	14.389160	0.004061	1.000860	-3.922852	
1208	1.000674	-0.003486	12.683105	0.003486	1.000674	-3.185120	
1209	1.000696	-0.003050	10.995361	0.003050	1.000696	-2.937744	
1210	1.000762	-0.002577	9.029663	0.002577	1.000762	-2.401855	
1211	1.000179	-0.002102	8.108093	0.002102	1.000179	-1.502014	
1212	1.000075	-0.001814	6.888123	0.001814	1.000075	-1.076843	
1213	0.999947	-0.001467	6.039368	0.001467	0.999947	-0.762573	
1214	0.999925	-0.001286	5.238525	0.001286	0.999925	-0.627502	
1215	0.999905	-0.001119	4.541016	0.001119	0.999905	-0.374939	
1216	0.999911	-0.000998	4.129089	0.000998	0.999911	-0.224487	
1217	0.999915	-0.000892	3.790833	0.000892	0.999915	-0.213623	
1218	0.999898	-0.000871	3.615051	0.000871	0.999898	-0.183594	
1219	0.999918	-0.000805	3.452026	0.000805	0.999918	-0.110291	
1220	0.999947	-0.000775	3.407654	0.000775	0.999947	-0.013306	
1221	0.999894	-0.000807	3.547791	0.000807	0.999894	-0.123352	
1222	0.999896	-0.000811	3.565979	0.000811	0.999896	-0.017212	
1223	0.999902	-0.000832	3.599609	0.000832	0.999902	-0.104004	
1224	0.999891	-0.000864	3.650696	0.000864	0.999891	-0.180359	
1225	0.999895	-0.000822	3.652039	0.000822	0.999895	0.004639	
1226	0.999878	-0.000906	3.743469	0.000906	0.999878	-0.308655	
1227	0.999861	-0.000841	3.676697	0.000841	0.999861	-0.391907	
1228	0.999909	-0.000850	3.597656	0.000850	0.999909	-0.695923	
1229	0.999853	-0.000829	3.541748	0.000829	0.999853	-1.094604	
1230	0.999840	-0.000774	3.457520	0.000774	0.999840	-1.567566	
1231	0.999838	-0.000777	3.363586	0.000777	0.999838	-2.173523	
1232	0.999855	-0.000769	3.304321	0.000769	0.999855	-2.857910	
1233	0.999864	-0.000787	3.211792	0.000787	0.999864	-3.279785	
1234	0.999849	-0.000751	3.149353	0.000751	0.999849	-3.635071	
1235	0.999857	-0.000684	3.100769	0.000684	0.999857	-3.820435	
1236	0.999812	-0.000784	3.138428	0.000784	0.999812	-4.308899	
1237	0.999828	-0.000759	3.103210	0.000759	0.999828	-4.566589	
1238	0.999817	-0.000807	3.041260	0.000807	0.999817	-4.763977	
1239	0.999822	-0.000788	3.041809	0.000788	0.999822	-5.064941	
1240	0.999841	-0.000678	2.908691	0.000678	0.999841	-5.205505	
1241	0.999818	-0.000719	2.893616	0.000719	0.999818	-5.221130	
1242	0.999811	-0.000709	2.865723	0.000709	0.999811	-5.365784	
1243	0.999859	-0.000692	2.783325	0.000692	0.999859	-5.478821	
1244	0.999853	-0.000629	2.824829	0.000629	0.999853	-5.455322	
1245	0.999762	-0.000681	2.825256	0.000681	0.999762	-5.450989	
1246	0.999794	-0.000637	2.865662	0.000637	0.999794	-5.469177	
1247	0.999794	-0.000681	2.875427	0.000681	0.999794	-5.510559	
1248	0.999738	-0.000711	2.939636	0.000711	0.999738	-5.547485	
1249	0.999817	-0.000670	2.850769	0.000670	0.999817	-5.517029	
1250	0.999803	-0.000655	2.931091	0.000655	0.999803	-5.585022	
1251	0.999775	-0.000767	2.972412	0.000767	0.999775	-5.643860	
1252	0.999812	-0.000760	2.920837	0.000760	0.999812	-5.685425	
1253	0.999805	-0.000675	2.895630	0.000675	0.999805	-5.593872	
1254	0.999797	-0.000708	2.929138	0.000708	0.999797	-5.670532	
1255	0.999803	-0.000684	2.971741	0.000684	0.999803	-5.633545	
1256	0.999780	-0.000704	2.885742	0.000704	0.999780	-5.637024	
1257	0.999803	-0.000745	2.772705	0.000745	0.999803	-5.655518	
1258	0.999789	-0.000657	2.638794	0.000657	0.999789	-5.539368	
1259	0.999765	-0.000644	2.429260	0.000644	0.999765	-5.528198	
1260	0.999824	-0.000508	1.990479	0.000508	0.999824	-5.499634	
1261	0.999828	-0.000527	1.844543	0.000527	0.999828	-5.464722	
1262	0.999840	-0.000403	1.580811	0.000403	0.999840	-5.319031	
1263	0.999816	-0.000376	1.294434	0.000376	0.999816	-5.366760	
1264	0.999785	-0.000411	1.146179	0.000411	0.999785	-5.385559	
1265	0.999806	-0.000392	0.837952	0.000392	0.999806	-5.303589	
1266	0.999748	-0.000381	0.643555	0.000381	0.999748	-5.203369	
1267	0.999808	-0.000364	0.477661	0.000364	0.999808	-5.273560	
1268	0.999781	-0.000363	0.308350	0.000363	0.999781	-5.284790	
1269	0.999784	-0.000317	0.112122	0.000317	0.999784	-5.201477	
1270	0.999757	-0.000282	-0.064026	0.000282	0.999757	-5.215088	
1271	0.999909	-0.000243	-0.345154	0.000243	0.999909	-5.335327	
1272	0.999754	-0.000292	-0.325378	0.000292	0.999754	-5.303345	
1273	0.999831	-0.000204	-0.628784	0.000204	0.999831	-5.335327	
1274	0.999703	-0.000169	-0.819946	0.000169	0.999703	-5.222656	
1275	0.999831	-0.000080	-1.190613	0.000080	0.999831	-5.169067	
1276	0.999784	-0.000009	-1.710022	0.000009	0.999784	-5.016113	
1277	0.999814	0.000156	-2.385132	-0.000156	0.999814	-5.009705	
1278	0.999874	0.000260	-3.049316	-0.000260	0.999874	-4.832153	
1279	0.999885	0.000453	-3.766846	-0.000453	0.999885	-4.735229	
1280	0.999919	0.000662	-4.579590	-0.000662	0.999919	-4.560791	
1281	0.999803	0.000753	-5.193604	-0.000753	0.999803	-4.380432	
1282	0.999715	0.001171	-6.047424	-0.001171	0.999715	-3.991211	
1283	0.999967	0.001437	-7.051147	-0.001437	0.999967	-3.918762	
1284	0.999862	0.001477	-7.775452	-0.001477	0.999862	-3.795410	
1285	1.000308	0.001804	-8.841187	-0.001804	1.000308	-3.677368	
1286	1.000074	0.002021	-9.665955	-0.002021	1.000074	-3.400940	
1287	1.000518	0.002150	-10.327209	-0.002150	1.000518	-3.481628	
1288	1.000099	0.002471	-10.806702	-0.002471	1.000099	-2.985474	
1289	1.000509	0.002500	-11.619568	-0.002500	1.000509	-3.151917	
1290	1.000696	0.002612	-11.950989	-0.002612	1.000696	-3.065430	
1291	1.000785	0.002762	-12.201721	-0.002762	1.000785	-3.021301	
1292	0.999927	0.002802	-11.906311	-0.002802	0.999927	-2.440491	
1293	0.999507	0.002817	-11.740051	-0.002817	0.999507	-2.373230	
1294	1.000283	0.002784	-12.376831	-0.002784	1.000283	-2.722229	
1295	0.999915	0.002684	-11.802551	-0.002684	0.999915	-2.664551	
1296	1.000681	0.002662	-12.081909	-0.002662	1.000681	-3.103394	
1297	0.999912	0.002552	-11.269836	-0.002552	0.999912	-2.896545	
1298	0.999659	0.002435	-10.642639	-0.002435	0.999659	-2.729675	
1299	0.999947	0.002218	-10.310974	-0.002218	0.999947	-3.131348	
1300	0.999690	0.002111	-9.601746	-0.002111	0.999690	-3.092041	
1301	0.999959	0.001806	-9.250793	-0.001806	0.999959	-3.582947	
1302	1.000011	0.001602	-8.614685	-0.001602	1.000011	-3.739319	
1303	1.000004	0.001293	-7.905762	-0.001293	1.000004	-3.845825	
1304	1.000095	0.001112	-7.387695	-0.001112	1.000095	-3.850159	
1305	1.000147	0.000941	-6.682251	-0.000941	1.000147	-3.485168	
1306	1.000016	0.000836	-6.185974	-0.000836	1.000016	-2.896790	
1307	0.999993	0.000578	-5.639343	-0.000578	0.999993	-2.726929	
1308	1.000052	0.000389	-5.383545	-0.000389	1.000052	-2.500732	
1309	0.999906	0.000431	-5.212585	-0.000431	0.999906	-1.834534	
1310	1.000053	0.000413	-5.087341	-0.000413	1.000053	-1.471130	
1311	1.000031	0.000262	-5.022827	-0.000262	1.000031	-1.189880	
1312	0.999975	0.000150	-4.809204	-0.000150	0.999975	-0.824158	
1313	0.999961	0.000097	-4.633789	-0.000097	0.999961	-0.561890	
1314	0.999880	0.000105	-4.457947	-0.000105	0.999880	-0.029663	
1315	0.999744	0.000007	-4.327454	-0.000007	0.999744	0.244873	
1316	0.999751	-0.000002	-4.104431	0.000002	0.999751	0.227844	
1317	0.999860	-0.000105	-4.077454	0.000105	0.999860	0.180969	
1318	0.999940	-0.000175	-3.987122	0.000175	0.999940	0.107605	
1319	1.000020	-0.000216	-3.818359	0.000216	1.000020	0.101257	
1320	0.999714	-0.000242	-3.667114	0.000242	0.999714	0.151062	
1321	0.999798	-0.000209	-3.709656	0.000209	0.999798	0.125824	
1322	0.999776	-0.000155	-3.872192	0.000155	0.999776	0.300507	
1323	0.999878	-0.000261	-3.941223	0.000261	0.999878	0.060120	
1324	0.999987	-0.000224	-4.260742	0.000224	0.999987	0.048096	
1325	0.999752	-0.000312	-3.886597	0.000312	0.999752	0.140686	
1326	0.999915	-0.000315	-4.258362	0.000315	0.999915	0.113586	
1327	0.999897	-0.000276	-4.208374	0.000276	0.999897	-0.067627	
1328	0.999874	-0.000414	-4.116577	0.000414	0.999874	-0.126343	
1329	0.999848	-0.000292	-4.016296	0.000292	0.999848	0.007385	
1330	0.999810	-0.000385	-4.173706	0.000385	0.999810	0.047607	
1331	0.999914	-0.000271	-4.101562	0.000271	0.999914	-0.038940	
1332	0.999871	-0.000336	-4.125183	0.000336	0.999871	0.019775	
1333	0.999940	-0.000358	-4.305603	0.000358	0.999940	0.030762	
1334	0.999832	-0.000344	-4.271973	0.000344	0.999832	-0.007690	
1335	0.999810	-0.000308	-4.314880	0.000308	0.999810	0.091736	
1336	0.999831	-0.000295	-4.339233	0.000295	0.999831	0.113525	
1337	0.999977	-0.000257	-4.583130	0.000257	0.999977	0.091370	
1338	0.999733	-0.000286	-4.421875	0.000286	0.999733	0.010071	
1339	0.999837	-0.000182	-4.576538	0.000182	0.999837	0.242371	
1340	0.999977	-0.000285	-4.685059	0.000285	0.999977	-0.092468	
1341	1.000002	-0.000276	-4.690369	0.000276	1.000002	-0.034668	
1342	0.999879	-0.000303	-4.537292	0.000303	0.999879	0.021729	
1343	0.999961	-0.000210	-4.785095	0.000210	0.999961	-0.008606	
1344	0.999926	-0.000269	-4.636169	0.000269	0.999926	0.082886	
1345	0.999792	-0.000330	-4.513062	0.000330	0.999792	-0.038147	
1346	0.999927	-0.000223	-4.827942	0.000223	0.999927	0.077026	
1347	0.999910	-0.000292	-4.603577	0.000292	0.999910	-0.055420	
1348	0.999969	-0.000267	-4.862854	0.000267	0.999969	-0.156616	
1349	0.999887	-0.000290	-4.726746	0.000290	0.999887	0.076416	
1350	1.000044	-0.000223	-5.037109	0.000223	1.000044	-0.049561	
1351	0.999870	-0.000198	-4.754639	0.000198	0.999870	-0.018036	
1352	0.999889	-0.000373	-4.741577	0.000373	0.999889	-0.059174	
1353	1.000070	-0.000263	-5.042114	0.000263	1.000070	-0.274109	
1354	0.999890	-0.000354	-4.904236	0.000354	0.999890	-0.136780	
1355	1.000003	-0.000285	-5.008362	0.000285	1.000003	-0.162384	
1356	1.000017	-0.000375	-4.842834	0.000375	1.000017	-0.116669	
1357	0.999889	-0.000223	-4.852356	0.000223	0.999889	-0.144043	
1358	0.999945	-0.000234	-4.950684	0.000234	0.999945	-0.135864	
1359	0.999935	-0.000338	-4.924438	0.000338	0.999935	-0.283813	
1360	0.999946	-0.000206	-4.920654	0.000206	0.999946	-0.265900	
1361	0.999984	-0.000285	-4.974365	0.000285	0.999984	-0.397583	
1362	0.999919	-0.000274	-4.998169	0.000274	0.999919	-0.239990	
1363	0.999984	-0.000338	-5.059082	0.000338	0.999984	-0.448334	
1364	0.999995	-0.000262	-5.043457	0.000262	0.999995	-0.400299	
1365	0.999984	-0.000275	-5.040955	0.000275	0.999984	-0.443268	
1366	0.999791	-0.000259	-4.990601	0.000259	0.999791	-0.372528	
1367	1.000069	-0.000212	-5.267944	0.000212	1.000069	-0.487488	
1368	1.000180	-0.000216	-5.342346	0.000216	1.000180	-0.455383	
1369	0.999995	-0.000202	-5.149780	0.000202	0.999995	-0.411346	
1370	1.000031	-0.000307	-5.278259	0.000307	1.000031	-0.559082	
1371	0.999984	-0.000305	-5.046448	0.000305	0.999984	-0.465393	
1372	1.000028	-0.000277	-5.260620	0.000277	1.000028	-0.448975	
1373	1.000140	-0.000240	-5.325806	0.000240	1.000140	-0.515625	
1374	1.000061	-0.000290	-5.254272	0.000290	1.000061	-0.542908	
1375	1.000103	-0.000198	-5.359924	0.000198	1.000103	-0.414978	
1376	1.000101	-0.000279	-5.339417	0.000279	1.000101	-0.613495	
1377	0.999968	-0.000169	-5.127686	0.000169	0.999968	-0.351349	
1378	1.000385	-0.000306	-5.522522	0.000306	1.000385	-0.902771	
1379	1.000036	-0.000358	-5.199890	0.000358	1.000036	-0.642761	
1380	1.000075	-0.000232	-5.369263	0.000232	1.000075	-0.532898	
1381	0.999960	-0.000217	-5.456238	0.000217	0.999960	-0.441406	
1382	1.000116	-0.000256	-5.353699	0.000256	1.000116	-0.593750	
1383	1.000120	-0.000350	-5.461975	0.000350	1.000120	-0.750488	
1384	1.000206	-0.000168	-5.629150	0.000168	1.000206	-0.456177	
1385	1.000017	-0.000264	-5.244690	0.000264	1.000017	-0.515991	
1386	1.000249	-0.000310	-5.615295	0.000310	1.000249	-0.757812	
1387	1.000142	-0.000325	-5.375610	0.000325	1.000142	-0.750336	
1388	1.000086	-0.000201	-5.347290	0.000201	1.000086	-0.455109	
1389	1.000055	-0.000239	-5.230835	0.000239	1.000055	-0.499512	
1390	1.000219	-0.000331	-5.434204	0.000331	1.000219	-0.593323	
1391	1.000119	-0.000335	-5.183167	0.000335	1.000119	-0.652313	
1392	1.000087	-0.000371	-4.951965	0.000371	1.000087	-0.563416	
1393	1.000083	-0.000544	-4.654785	0.000544	1.000083	-0.892761	
1394	0.999856	-0.000882	-3.748169	0.000882	0.999856	-1.020599	
1395	1.000106	-0.001076	-2.849365	0.001076	1.000106	-1.414368	
1396	1.000450	-0.001673	-1.822754	0.001673	1.000450	-2.298218	
1397	1.000031	-0.002114	0.685974	0.002114	1.000031	-2.571777	
1398	0.998865	-0.002894	3.374695	0.002894	0.998865	-2.739258	
1399	0.999757	-0.003439	5.011292	0.003439	0.999757	-3.949158	
1400	0.998885	-0.004293	7.495544	0.004293	0.998885	-4.076965	
1401	1.001064	-0.005628	7.069824	0.005628	1.001064	-6.945496	
1402	0.999063	-0.005252	10.929993	0.005252	0.999063	-4.993744	
1403	1.001251	-0.006724	9.660767	0.006724	1.001251	-8.053497	
1404	0.998847	-0.005992	12.892029	0.005992	0.998847	-5.513397	
1405	0.998713	-0.006161	13.135132	0.006161	0.998713	-5.680756	
1406	0.998564	-0.005911	12.510193	0.005911	0.998564	-5.076660	
1407	1.002670	-0.006008	6.830444	0.006008	1.002670	-7.803101	
1408	0.999001	-0.004928	9.507629	0.004928	0.999001	-4.222382	
1409	0.997452	-0.004668	8.549683	0.004668	0.997452	-3.023743	
1410	0.999277	-0.003500	5.415588	0.003500	0.999277	-3.092438	
1411	0.999600	-0.002964	3.810364	0.002964	0.999600	-2.842377	
1412	0.999338	-0.002610	2.596741	0.002610	0.999338	-2.288391	
1413	0.999006	-0.002333	1.897766	0.002333	0.999006	-1.763245	
1414	0.999174	-0.002045	1.342285	0.002045	0.999174	-1.777283	
1415	0.999996	-0.001741	0.160156	0.001741	0.999996	-1.808685	
1416	0.999646	-0.001608	-0.585449	0.001608	0.999646	-1.588593	
1417	0.999630	-0.001397	-0.826782	0.001397	0.999630	-1.296112	
1418	0.999895	-0.001174	-1.926575	0.001174	0.999895	-1.262390	
1419	1.000034	-0.000978	-2.716187	0.000978	1.000034	-1.095215	
1420	0.999802	-0.000858	-3.159729	0.000858	0.999802	-1.029327	
1421	0.999917	-0.000607	-4.087524	0.000607	0.999917	-0.500763	
1422	0.999753	-0.000446	-4.378235	0.000446	0.999753	-0.648712	
1423	0.999980	-0.000159	-5.057373	0.000159	0.999980	-0.152557	
1424	0.999916	-0.000235	-4.962891	0.000235	0.999916	-0.572235	
1425	0.999912	-0.000373	-5.010986	0.000373	0.999912	-0.481293	
1426	0.999725	-0.000389	-4.622803	0.000389	0.999725	-0.464294	
1427	0.999859	-0.000340	-4.595947	0.000340	0.999859	-0.459717	
1428	0.999777	-0.000630	-4.190674	0.000630	0.999777	-0.729919	
1429	0.999795	-0.000620	-3.289429	0.000620	0.999795	-0.837830	
1430	0.999553	-0.001098	-2.382935	0.001098	0.999553	-1.096893	
1431	0.999985	-0.001419	-1.514648	0.001419	0.999985	-1.711945	
1432	0.999583	-0.001751	0.340637	0.001751	0.999583	-1.791199	
1433	0.999948	-0.002074	1.145569	0.002074	0.999948	-2.307648	
1434	0.999702	-0.002507	2.717773	0.002507	0.999702	-2.638458	
1435	0.999212	-0.003159	4.222839	0.003159	0.999212	-2.869171	
1436	0.998844	-0.003560	6.022339	0.003560	0.998844	-3.200562	
1437	0.999624	-0.003633	6.373291	0.003633	0.999624	-3.627075	
1438	0.999582	-0.003888	7.279236	0.003888	0.999582	-3.983124	
1439	0.999237	-0.004266	8.260254	0.004266	0.999237	-4.055603	
1440	0.998756	-0.004577	9.205322	0.004577	0.998756	-4.013763	
1441	1.000818	-0.005179	7.551880	0.005179	1.000818	-5.803375	
1442	0.998734	-0.005030	10.038086	0.005030	0.998734	-4.438843	
1443	0.996752	-0.005905	11.960327	0.005905	0.996752	-3.926636	
1444	0.996773	-0.005971	12.260559	0.005971	0.996773	-3.737427	
1445	0.997870	-0.005719	12.201477	0.005719	0.997870	-4.273010	
1446	0.998979	-0.005509	11.976440	0.005509	0.998979	-4.836792	
1447	0.996950	-0.005972	13.519043	0.005972	0.996950	-3.996490	
1448	0.998392	-0.006177	12.977539	0.006177	0.998392	-4.936829	
1449	0.997107	-0.006239	13.815918	0.006239	0.997107	-4.281189	
1450	0.996244	-0.007006	14.961731	0.007006	0.996244	-4.162384	
1451	0.999184	-0.005883	13.464539	0.005883	0.999184	-5.222321	
1452	0.997508	-0.005983	14.267883	0.005983	0.997508	-4.305542	
1453	0.998652	-0.005906	13.976990	0.005906	0.998652	-4.954865	
1454	1.000267	-0.006082	11.728577	0.006082	1.000267	-6.103455	
1455	1.000365	-0.006075	10.959473	0.006075	1.000365	-6.129944	
1456	1.000407	-0.005555	9.441101	0.005555	1.000407	-5.702393	
1457	0.998143	-0.004954	10.160217	0.004954	0.998143	-3.761078	
1458	0.998243	-0.004261	8.238770	0.004261	0.998243	-3.179016	
1459	0.999171	-0.003325	5.908691	0.003325	0.999171	-2.888702	
1460	0.998798	-0.003119	4.702209	0.003119	0.998798	-2.211060	
1461	0.999430	-0.002366	2.831055	0.002366	0.999430	-2.071320	
1462	0.997977	-0.002910	3.077209	0.002910	0.997977	-1.712982	
1463	0.999312	-0.002001	1.459351	0.002001	0.999312	-1.625793	
1464	0.999314	-0.001898	1.110291	0.001898	0.999314	-1.618256	
1465	0.999633	-0.001575	-0.090576	0.001575	0.999633	-1.318451	
1466	0.998168	-0.002114	0.238525	0.002114	0.998168	-1.003998	
1467	0.999537	-0.001204	-1.330627	0.001204	0.999537	-1.115631	
1468	0.999776	-0.001086	-2.179443	0.001086	0.999776	-0.988892	
1469	0.999464	-0.000921	-2.390564	0.000921	0.999464	-0.796783	
1470	0.999508	-0.000743	-3.008606	0.000743	0.999508	-0.557709	
1471	0.999902	-0.000403	-4.306519	0.000403	0.999902	-0.429565	
1472	0.999597	-0.000398	-4.372314	0.000398	0.999597	-0.490356	
1473	0.999555	-0.000166	-4.643616	0.000166	0.999555	-0.105255	
1474	0.999550	-0.000227	-4.664917	0.000227	0.999550	-0.299683	
1475	0.999572	-0.000173	-4.598328	0.000173	0.999572	-0.158722	
1476	0.999731	-0.000190	-4.904358	0.000190	0.999731	-0.138916	
1477	0.999491	-0.000221	-4.667480	0.000221	0.999491	-0.063568	
1478	0.999543	-0.000266	-4.699646	0.000266	0.999543	-0.090881	
1479	0.999506	-0.000260	-4.438049	0.000260	0.999506	-0.265686	
1480	0.999541	-0.000200	-4.552002	0.000200	0.999541	-0.074738	
1481	0.999611	-0.000407	-4.458923	0.000407	0.999611	-0.330994	
1482	0.999545	-0.000294	-4.407898	0.000294	0.999545	-0.207947	
1483	0.999618	-0.000453	-4.247437	0.000453	0.999618	-0.299011	
1484	0.999455	-0.000642	-3.326172	0.000642	0.999455	-0.667938	
1485	0.999302	-0.000907	-2.462830	0.000907	0.999302	-0.730103	
1486	0.999319	-0.001253	-1.230469	0.001253	0.999319	-1.148926	
1487	0.998806	-0.001851	0.697449	0.001851	0.998806	-1.161835	
1488	0.998391	-0.002860	3.008911	0.002860	0.998391	-2.030548	
1489	0.999707	-0.002955	4.158691	0.002955	0.999707	-3.015686	
1490	0.998678	-0.003830	6.994812	0.003830	0.998678	-3.129211	
1491	0.998535	-0.004694	9.518738	0.004694	0.998535	-3.909393	
1492	0.998677	-0.005296	11.438660	0.005296	0.998677	-4.458191	
1493	0.998563	-0.006171	13.370972	0.006171	0.998563	-5.331787	
1494	0.997031	-0.006387	15.931213	0.006387	0.997031	-5.042786	
1495	0.997778	-0.007305	16.818115	0.007305	0.997778	-5.916351	
1496	0.998772	-0.007999	17.912598	0.007999	0.998772	-7.120300	
1497	0.999421	-0.008209	19.344055	0.008209	0.999421	-7.468750	
1498	0.997627	-0.009055	20.910950	0.009055	0.997627	-7.458191	
1499	1.002954	-0.009459	16.893188	0.009459	1.002954	-10.809448	
1500	0.996220	-0.009437	24.528137	0.009437	0.996220	-7.090057	
1501	0.996379	-0.010232	25.738159	0.010232	0.996379	-7.512054	
1502	0.997226	-0.009928	25.671326	0.009928	0.997226	-7.994751	
1503	0.997559	-0.009814	26.512573	0.009814	0.997559	-8.193939	
1504	0.998312	-0.012331	26.412598	0.012331	0.998312	-10.626953	
1505	0.996614	-0.011821	28.405457	0.011821	0.996614	-9.097839	
1506	0.996709	-0.011944	29.228577	0.011944	0.996709	-9.277954	
1507	0.996926	-0.011734	29.509705	0.011734	0.996926	-9.413940	
1508	0.998088	-0.012243	28.939392	0.012243	0.998088	-10.381165	
1509	0.997256	-0.012228	29.440857	0.012228	0.997256	-9.951416	
1510	0.998486	-0.011309	27.328369	0.011309	0.998486	-9.771973	
1511	0.998369	-0.010982	25.183716	0.010982	0.998369	-9.472473	
1512	0.999239	-0.008655	21.457092	0.008655	0.999239	-7.854156	
1513	0.999777	-0.007589	17.886353	0.007589	0.999777	-7.187500	
1514	1.000104	-0.006481	14.039062	0.006481	1.000104	-6.230316	
1515	0.999740	-0.005415	11.799927	0.005415	0.999740	-5.092499	
1516	1.000137	-0.004775	8.472229	0.004775	1.000137	-4.817444	
1517	0.998660	-0.004235	9.239807	0.004235	0.998660	-3.491882	
1518	1.000118	-0.003751	6.051025	0.003751	1.000118	-3.571838	
1519	1.000753	-0.003504	4.594604	0.003504	1.000753	-3.925385	
1520	0.999412	-0.002678	4.861877	0.002678	0.999412	-2.208710	
1521	0.999231	-0.002617	4.043213	0.002617	0.999231	-2.149353	
1522	0.999509	-0.001984	2.589233	0.001984	0.999509	-1.701691	
1523	0.999350	-0.001630	1.505859	0.001630	0.999350	-1.259247	
1524	0.999494	-0.001430	0.405151	0.001430	0.999494	-1.142120	
1525	0.999445	-0.001164	-0.950806	0.001164	0.999445	-0.963287	
1526	0.999257	-0.000702	-1.833984	0.000702	0.999257	-0.483795	
1527	0.999370	-0.000415	-2.768677	0.000415	0.999370	-0.231598	
1528	0.999285	-0.000257	-3.085449	0.000257	0.999285	-0.096832	
1529	0.999287	-0.000511	-3.055237	0.000511	0.999287	-0.461945	
1530	0.999327	-0.000002	-3.286194	0.000002	0.999327	0.218231	
1531	0.999362	-0.000579	-3.116577	0.000579	0.999362	-0.645142	
1532	0.999239	-0.000075	-3.215332	0.000075	0.999239	0.055542	
1533	0.999206	-0.000442	-3.184753	0.000442	0.999206	-0.144684	
1534	0.999243	-0.000414	-3.107544	0.000414	0.999243	-0.358276	
1535	0.999434	-0.000304	-3.527649	0.000304	0.999434	-0.211884	
1536	0.999204	-0.000237	-3.143799	0.000237	0.999204	-0.133362	
1537	0.999192	-0.000285	-3.177002	0.000285	0.999192	0.002411	
1538	0.999340	-0.000305	-3.408997	0.000305	0.999340	-0.209198	
1539	0.999389	-0.000412	-3.459290	0.000412	0.999389	-0.240845	
1540	0.999409	-0.000337	-3.518677	0.000337	0.999409	-0.228760	
1541	0.999234	-0.000280	-3.385925	0.000280	0.999234	-0.139618	
1542	0.999383	-0.000350	-3.392822	0.000350	0.999383	-0.200775	
1543	0.999297	-0.000424	-3.196350	0.000424	0.999297	-0.278656	
1544	0.999293	-0.000411	-3.285583	0.000411	0.999293	-0.286499	
1545	0.999390	-0.000264	-3.334229	0.000264	0.999390	-0.149933	
1546	0.999330	-0.000582	-2.778076	0.000582	0.999330	-0.339935	
1547	0.999466	-0.000834	-2.422485	0.000834	0.999466	-0.736420	
1548	0.999444	-0.000904	-1.762207	0.000904	0.999444	-0.684814	
1549	0.999357	-0.001077	-0.838196	0.001077	0.999357	-0.864929	
1550	0.999711	-0.001395	-0.278137	0.001395	0.999711	-1.343658	
1551	0.999249	-0.001878	1.304626	0.001878	0.999249	-1.630066	
1552	0.999434	-0.001992	2.104736	0.001992	0.999434	-1.614716	
1553	1.000499	-0.002710	1.983093	0.002710	1.000499	-3.134521	
1554	1.000610	-0.002869	3.078369	0.002869	1.000610	-3.204559	
1555	0.999258	-0.003609	5.400574	0.003609	0.999258	-3.070648	
1556	1.000291	-0.003658	5.611633	0.003658	1.000291	-3.714172	
1557	1.000449	-0.003933	6.384521	0.003933	1.000449	-4.040161	
1558	1.000374	-0.004440	7.254028	0.004440	1.000374	-4.587585	
1559	1.000125	-0.004526	8.614197	0.004526	1.000125	-4.368103	
1560	1.000246	-0.005010	9.614624	0.005010	1.000246	-5.221008	
1561	1.000614	-0.005164	9.850464	0.005164	1.000614	-5.228210	
1562	0.999614	-0.005924	11.800171	0.005924	0.999614	-5.561646	
1563	0.998128	-0.005587	14.250488	0.005587	0.998128	-4.709900	
1564	1.000794	-0.005969	12.558777	0.005969	1.000794	-6.100250	
1565	1.000026	-0.006730	13.943604	0.006730	1.000026	-6.520905	
1566	0.999835	-0.007096	14.972778	0.007096	0.999835	-6.763733	
1567	1.000312	-0.006949	15.050476	0.006949	1.000312	-7.058136	
1568	0.999767	-0.007507	16.039856	0.007507	0.999767	-7.206085	
1569	0.999722	-0.007258	15.782349	0.007258	0.999722	-6.986755	
1570	0.996862	-0.005978	17.130554	0.005978	0.996862	-5.021957	
1571	1.000336	-0.006314	12.774719	0.006314	1.000336	-6.204376	
1572	0.999478	-0.005587	11.509216	0.005587	0.999478	-5.051392	
1573	1.000418	-0.004851	8.015320	0.004851	1.000418	-4.944916	
1574	0.999647	-0.004238	6.985352	0.004238	0.999647	-3.949280	
1575	0.999383	-0.003434	5.637329	0.003434	0.999383	-2.921204	
1576	0.998660	-0.003043	5.293030	0.003043	0.998660	-2.240601	
1577	0.999263	-0.003169	4.037415	0.003169	0.999263	-2.909729	
1578	0.999287	-0.002197	2.857910	0.002197	0.999287	-1.664124	
1579	0.998597	-0.002788	3.082581	0.002788	0.998597	-2.080933	
1580	0.998997	-0.002133	1.872375	0.002133	0.998997	-1.750061	
1581	0.999141	-0.001934	0.863281	0.001934	0.999141	-1.540375	
1582	0.998697	-0.001579	0.505310	0.001579	0.998697	-1.048157	
1583	0.999024	-0.001655	-0.516235	0.001655	0.999024	-1.210022	
1584	0.998817	-0.001343	-1.240662	0.001343	0.998817	-1.013397	
1585	0.998731	-0.001030	-1.851807	0.001030	0.998731	-0.485962	
1586	1.000580	-0.000412	-6.160156	0.000412	1.000580	-1.123291	
1587	0.998438	-0.000897	-2.662109	0.000897	0.998438	-0.427246	
1588	0.999259	-0.000386	-3.749512	0.000386	0.999259	-0.273438	
1589	0.999121	-0.000647	-3.710693	0.000647	0.999121	-0.584351	
1590	0.998732	-0.000459	-3.188965	0.000459	0.998732	-0.074646	
1591	0.999433	-0.000482	-3.868164	0.000482	0.999433	-0.300354	
1592	0.999016	-0.000476	-3.740845	0.000476	0.999016	-0.440613	
1593	0.998997	-0.000590	-3.466736	0.000590	0.998997	-0.302216	
1594	0.999067	-0.000624	-3.553589	0.000624	0.999067	-0.463470	
1595	0.998966	-0.000262	-3.675293	0.000262	0.998966	0.064972	
1596	0.998861	-0.001047	-3.066956	0.001047	0.998861	-0.871765	
1597	0.998706	-0.000308	-3.330750	0.000308	0.998706	0.320587	
1598	0.999147	-0.000726	-3.511902	0.000726	0.999147	-0.639648	
1599	0.998980	-0.000799	-3.375549	0.000799	0.998980	-0.554169	
1600	0.998849	-0.000543	-3.184937	0.000543	0.998849	-0.165375	
1601	0.999211	-0.000714	-3.542419	0.000714	0.999211	-0.267365	
1602	0.998706	-0.001022	-2.490662	0.001022	0.998706	-0.589996	
1603	0.999196	-0.000889	-2.812744	0.000889	0.999196	-0.576874	
1604	0.999017	-0.001115	-2.066772	0.001115	0.999017	-0.709381	
1605	0.998913	-0.001278	-1.541748	0.001278	0.998913	-0.715118	
1606	0.999037	-0.001686	-0.944458	0.001686	0.999037	-1.319000	
1607	0.998847	-0.001825	-0.257568	0.001825	0.998847	-1.202332	
1608	0.999124	-0.001697	0.133728	0.001697	0.999124	-1.252655	
1609	0.998910	-0.002217	1.106445	0.002217	0.998910	-1.653839	
1610	0.999050	-0.002305	1.568420	0.002305	0.999050	-1.838226	
1611	0.998824	-0.002330	2.048096	0.002330	0.998824	-1.697540	
1612	0.998528	-0.002657	2.778809	0.002657	0.998528	-1.988800	
1613	0.999235	-0.002756	2.527039	0.002756	0.999235	-2.436310	
1614	0.998913	-0.002817	3.262939	0.002817	0.998913	-2.306030	
1615	0.999042	-0.002912	3.341675	0.002912	0.999042	-2.495636	
1616	0.998926	-0.002830	3.909607	0.002830	0.998926	-2.315216	
1617	0.999506	-0.003368	3.424866	0.003368	0.999506	-3.017883	
1618	0.998927	-0.003237	4.498413	0.003237	0.998927	-2.695862	
1619	0.999063	-0.003290	4.744019	0.003290	0.999063	-2.598602	
1620	0.999343	-0.003919	5.098755	0.003919	0.999343	-3.650879	
1621	0.999774	-0.003542	4.596924	0.003542	0.999774	-3.301575	
1622	0.998893	-0.003686	6.141907	0.003686	0.998893	-3.107452	
1623	0.999779	-0.003742	5.364319	0.003742	0.999779	-3.523529	
1624	0.999672	-0.004444	5.954102	0.004444	0.999672	-4.380127	
1625	0.999932	-0.003958	5.566284	0.003958	0.999932	-3.932159	
1626	0.999552	-0.004217	6.340393	0.004217	0.999552	-3.769379	
1627	0.999616	-0.004467	6.479797	0.004467	0.999616	-4.201141	
1628	0.999874	-0.004131	5.973389	0.004131	0.999874	-4.075867	
1629	0.999953	-0.004343	6.244751	0.004343	0.999953	-4.084106	
1630	1.000034	-0.004491	6.606384	0.004491	1.000034	-4.634033	
1631	0.999044	-0.004093	7.867493	0.004093	0.999044	-3.399353	
1632	0.999823	-0.004442	6.952271	0.004442	0.999823	-4.426819	
1633	0.999252	-0.004359	7.892029	0.004359	0.999252	-3.884888	
1634	0.999874	-0.004586	6.897217	0.004586	0.999874	-4.486877	
1635	0.999813	-0.004477	7.031738	0.004477	0.999813	-4.229797	
1636	0.999191	-0.004496	8.044800	0.004496	0.999191	-3.939819	
1637	0.998345	-0.004683	8.640381	0.004683	0.998345	-3.817444	
1638	0.999979	-0.004425	6.796021	0.004425	0.999979	-4.176605	
1639	0.998777	-0.004594	8.566284	0.004594	0.998777	-3.824036	
1640	0.999400	-0.004420	7.461670	0.004420	0.999400	-3.986755	
1641	0.999857	-0.004670	7.382446	0.004670	0.999857	-4.665741	
1642	0.999802	-0.004398	7.309204	0.004398	0.999802	-4.275238	
1643	1.000088	-0.004680	6.867065	0.004680	1.000088	-4.596863	
1644	0.999878	-0.004962	7.665283	0.004962	0.999878	-5.196594	
1645	0.998346	-0.004640	8.918030	0.004640	0.998346	-3.881470	
1646	0.999666	-0.004696	7.903931	0.004696	0.999666	-4.393280	
1647	1.000116	-0.004487	6.913818	0.004487	1.000116	-4.340240	
1648	1.000299	-0.004933	6.928711	0.004933	1.000299	-5.079590	
1649	1.000058	-0.004639	7.146118	0.004639	1.000058	-4.471375	
1650	0.999622	-0.004940	8.013794	0.004940	0.999622	-4.490936	
1651	0.999791	-0.004340	7.679077	0.004340	0.999791	-4.116028	
1652	0.999426	-0.004998	8.220581	0.004998	0.999426	-4.674835	
1653	0.999445	-0.004578	7.989929	0.004578	0.999445	-4.191101	
1654	0.999710	-0.004575	7.966736	0.004575	0.999710	-4.416748	
1655	0.999116	-0.004773	8.377625	0.004773	0.999116	-4.245789	
1656	0.999661	-0.004935	8.115601	0.004935	0.999661	-4.746277	
1657	1.000476	-0.004855	6.706299	0.004855	1.000476	-5.220093	
1658	0.999696	-0.004601	7.828857	0.004601	0.999696	-4.181732	
1659	0.999304	-0.004908	8.596680	0.004908	0.999304	-4.552155	
1660	1.000468	-0.005268	7.013062	0.005268	1.000468	-5.688477	
1661	1.000500	-0.004453	6.310425	0.004453	1.000500	-4.664429	
1662	0.999389	-0.005082	8.509033	0.005082	0.999389	-4.725952	
1663	1.000769	-0.004531	5.802856	0.004531	1.000769	-5.028076	
1664	0.999909	-0.005027	7.744751	0.005027	0.999909	-5.184479	
1665	0.999797	-0.004694	7.900513	0.004694	0.999797	-4.482574	
1666	1.000039	-0.005136	7.524902	0.005136	1.000039	-5.386414	
1667	1.000430	-0.005164	7.134521	0.005164	1.000430	-5.669617	
1668	0.999505	-0.004560	8.092896	0.004560	0.999505	-4.157959	
1669	0.999112	-0.005328	8.818604	0.005328	0.999112	-4.873352	
1670	0.999335	-0.004987	8.556641	0.004987	0.999335	-4.677155	
1671	0.999755	-0.005056	7.765259	0.005056	0.999755	-4.847107	
1672	0.999698	-0.004820	7.975708	0.004820	0.999698	-4.688293	
1673	0.999766	-0.004689	7.746826	0.004689	0.999766	-4.564728	
1674	0.999685	-0.004809	8.084473	0.004809	0.999685	-4.462585	
1675	1.000060	-0.004783	7.002197	0.004783	1.000060	-4.791199	
1676	0.999838	-0.005554	7.779541	0.005554	0.999838	-5.881775	
1677	0.999721	-0.005124	7.388428	0.005124	0.999721	-5.189453	
1678	0.999653	-0.004513	7.257080	0.004513	0.999653	-4.182098	
1679	0.999563	-0.005058	7.014771	0.005058	0.999563	-5.163940	
1680	0.999292	-0.004417	6.839111	0.004417	0.999292	-3.988007	
1681	0.999917	-0.004161	5.706421	0.004161	0.999917	-3.976837	
1682	0.999516	-0.004809	6.296387	0.004809	0.999516	-4.756317	
1683	0.999527	-0.004602	6.073730	0.004602	0.999527	-4.397736	
1684	0.999726	-0.004127	5.354736	0.004127	0.999726	-3.890320	
1685	1.000436	-0.004195	4.120728	0.004195	1.000436	-4.338745	
1686	0.999313	-0.004351	5.479736	0.004351	0.999313	-3.970062	
1687	1.000500	-0.003537	3.305054	0.003537	1.000500	-3.494141	
1688	0.999540	-0.004324	5.254517	0.004324	0.999540	-3.901154	
1689	0.999815	-0.003703	4.196777	0.003703	0.999815	-3.032227	
1690	1.000078	-0.002929	3.732788	0.002929	1.000078	-2.461304	
1691	1.000738	-0.003642	3.008911	0.003642	1.000738	-3.475555	
1692	0.999475	-0.004151	4.717163	0.004151	0.999475	-3.568390	
1693	1.000622	-0.003225	2.619629	0.003225	1.000622	-2.846771	
1694	1.000210	-0.003482	3.158081	0.003482	1.000210	-3.088501	
1695	0.999677	-0.003462	3.541870	0.003462	0.999677	-2.716003	
1696	1.000612	-0.002763	1.325562	0.002763	1.000612	-2.507019	
1697	0.999424	-0.003040	2.568481	0.003040	0.999424	-2.379730	
1698	1.000070	-0.002866	1.162354	0.002866	1.000070	-2.748322	
1699	0.999753	-0.002038	0.477661	0.002038	0.999753	-1.496643	
1700	0.999766	-0.002392	0.323242	0.002392	0.999766	-1.686401	
1701	1.000617	-0.001623	-1.422729	0.001623	1.000617	-1.442841	
1702	1.000694	-0.002107	-1.760742	0.002107	1.000694	-1.994324	
1703	1.001000	-0.001203	-2.069336	0.001203	1.001000	-0.790527	
1704	1.000088	-0.001319	-1.703247	0.001319	1.000088	-0.646912	
1705	1.000314	-0.001436	-1.649048	0.001436	1.000314	-0.933838	
1706	1.000715	-0.000850	-2.766724	0.000850	1.000715	-0.321686	
1707	1.000958	-0.000810	-3.656128	0.000810	1.000958	-0.501953	
1708	1.001444	-0.001033	-4.010864	0.001033	1.001444	-0.774353	
1709	1.001409	-0.000786	-3.814392	0.000786	1.001409	-0.498749	
1710	1.000611	-0.000705	-3.205688	0.000705	1.000611	0.075104	
1711	1.000317	-0.000709	-2.997070	0.000709	1.000317	0.251038	
1712	1.001030	-0.000718	-3.911255	0.000718	1.001030	-0.148621	
1713	1.000740	-0.000480	-3.875610	0.000480	1.000740	0.325195	
1714	1.000706	-0.000764	-3.393433	0.000764	1.000706	0.317963	
1715	1.000836	-0.000676	-3.484375	0.000676	1.000836	0.040405	
1716	1.001055	-0.000518	-3.965942	0.000518	1.001055	0.198975	
1717	1.000863	-0.000652	-3.402344	0.000652	1.000863	0.317841	
1718	1.001203	-0.000660	-3.877197	0.000660	1.001203	0.133911	
1719	1.000773	-0.000638	-3.144531	0.000638	1.000773	0.374237	
1720	1.001130	-0.000516	-3.612305	0.000516	1.001130	0.320587	
1721	1.001261	-0.000596	-3.687866	0.000596	1.001261	0.317291	
1722	1.001230	-0.000625	-3.546265	0.000625	1.001230	0.405823	
1723	1.001425	-0.000486	-3.872803	0.000486	1.001425	0.400146	
1724	1.001119	-0.000694	-3.120422	0.000694	1.001119	0.485504	
1725	1.001125	-0.000533	-3.134277	0.000533	1.001125	0.547333	
1726	1.001428	-0.000464	-3.595886	0.000464	1.001428	0.550690	
1727	1.001224	-0.000744	-2.995361	0.000744	1.001224	0.324341	
1728	1.001542	-0.000613	-3.539917	0.000613	1.001542	0.356079	
1729	1.001602	-0.000270	-3.542053	0.000270	1.001602	0.774353	
1730	1.001293	-0.000771	-2.906250	0.000771	1.001293	0.258240	
1731	1.001508	-0.000373	-3.280029	0.000373	1.001508	0.827545	
1732	1.001556	-0.000435	-3.206848	0.000435	1.001556	0.761627	
1733	1.001609	-0.000413	-3.249329	0.000413	1.001609	0.859772	
1734	1.001498	-0.000597	-2.822327	0.000597	1.001498	0.605316	
1735	1.001422	-0.000703	-2.625122	0.000703	1.001422	0.544769	
1736	1.001715	-0.000430	-3.031982	0.000430	1.001715	0.819275	
1737	1.001768	-0.000286	-3.099670	0.000286	1.001768	0.897461	
1738	1.001625	-0.000468	-2.616943	0.000468	1.001625	0.969025	
1739	1.001768	-0.000633	-2.297119	0.000633	1.001768	0.697174	
1740	1.001748	-0.000681	-1.717041	0.000681	1.001748	0.768433	
1741	1.001739	-0.001089	-0.797913	0.001089	1.001739	0.236053	
1742	1.001997	-0.001205	-0.228821	0.001205	1.001997	0.220947	
1743	1.001831	-0.001453	0.901917	0.001453	1.001831	0.090851	
1744	1.001891	-0.001806	2.128052	0.001806	1.001891	-0.270081	
1745	1.002074	-0.002228	3.024353	0.002228	1.002074	-0.769012	
1746	1.001762	-0.002624	4.542114	0.002624	1.001762	-0.920837	
1747	1.002433	-0.002795	4.750977	0.002795	1.002433	-1.350494	
1748	1.002149	-0.003203	6.043152	0.003203	1.002149	-1.642761	
1749	1.002519	-0.003318	6.473450	0.003318	1.002519	-1.798767	
1750	1.002149	-0.003631	7.572083	0.003631	1.002149	-1.919006	
1751	1.001593	-0.003407	8.550964	0.003407	1.001593	-1.629517	
1752	1.002328	-0.004035	8.254578	0.004035	1.002328	-2.266907	
1753	1.002272	-0.004287	8.712036	0.004287	1.002272	-2.406769	
1754	1.002097	-0.003966	9.049194	0.003966	1.002097	-2.290436	
1755	1.002598	-0.003859	8.490234	0.003859	1.002598	-2.442413	
1756	1.003202	-0.004043	7.999756	0.004043	1.003202	-2.773895	
1757	1.003030	-0.004180	8.398315	0.004180	1.003030	-2.763916	
1758	1.003007	-0.004147	8.427734	0.004147	1.003007	-2.782745	
1759	1.002905	-0.004061	8.683228	0.004061	1.002905	-2.544830	
1760	1.002725	-0.003888	8.939697	0.003888	1.002725	-2.316711	
1761	1.002796	-0.004005	8.872559	0.004005	1.002796	-2.542145	
1762	1.003326	-0.004219	8.219604	0.004219	1.003326	-2.734314	
1763	1.003354	-0.003999	7.602295	0.003999	1.003354	-2.645813	
1764	1.003319	-0.003631	6.703979	0.003631	1.003319	-2.279785	
1765	1.003444	-0.003142	5.307007	0.003142	1.003444	-1.757507	
1766	1.002741	-0.002688	4.924438	0.002688	1.002741	-1.001923	
1767	1.003101	-0.002108	3.165161	0.002108	1.003101	-0.669891	
1768	1.002447	-0.001923	2.971680	0.001923	1.002447	-0.143585	
1769	1.002650	-0.001607	2.080811	0.001607	1.002650	0.097565	
1770	1.002344	-0.001515	1.951782	0.001515	1.002344	0.241394	
1771	1.002852	-0.001412	0.825562	0.001412	1.002852	0.292755	
1772	1.002417	-0.001177	0.747925	0.001177	1.002417	0.684540	
1773	1.002514	-0.000884	-0.042480	0.000884	1.002514	0.858795	
1774	1.002646	-0.000802	-0.612793	0.000802	1.002646	1.209259	
1775	1.002382	-0.000613	-0.878052	0.000613	1.002382	1.326019	
1776	1.002422	-0.000567	-1.334106	0.000567	1.002422	1.379211	
1777	1.002808	-0.000132	-2.230347	0.000132	1.002808	1.841888	
1778	1.002292	-0.000386	-1.468872	0.000386	1.002292	1.637970	
1779	1.002841	-0.000298	-2.222656	0.000298	1.002841	1.508087	
1780	1.002393	-0.000461	-1.344482	0.000461	1.002393	1.593628	
1781	1.002438	-0.000298	-1.292603	0.000298	1.002438	1.691803	
1782	1.002535	-0.000463	-1.007202	0.000463	1.002535	1.656128	
1783	1.002447	-0.000503	-0.391479	0.000503	1.002447	1.365387	
1784	1.002530	-0.000900	0.455444	0.000900	1.002530	1.105255	
1785	1.002998	-0.001203	0.640869	0.001203	1.002998	0.884186	
1786	1.003055	-0.001302	1.444580	0.001302	1.003055	0.825104	
1787	1.003271	-0.001866	2.361572	0.001866	1.003271	0.141846	
1788	1.003048	-0.002236	3.501587	0.002236	1.003048	-0.330872	
1789	1.003160	-0.002425	4.084351	0.002425	1.003160	-0.575348	
1790	1.003579	-0.002562	4.044922	0.002562	1.003579	-0.765717	
1791	1.003887	-0.002562	3.968506	0.002562	1.003887	-0.704956	
1792	1.003481	-0.003116	4.886353	0.003116	1.003481	-1.491211	
1793	1.003292	-0.002762	4.458862	0.002762	1.003292	-0.760437	
1794	1.003308	-0.002725	3.752197	0.002725	1.003308	-0.974365	
1795	1.003628	-0.002032	2.130371	0.002032	1.003628	-0.195160	
1796	1.003331	-0.002092	1.589722	0.002092	1.003331	-0.305634	
1797	1.003769	-0.001049	-0.156982	0.001049	1.003769	0.898468	
1798	1.003067	-0.001454	0.594971	0.001454	1.003067	0.433777	
1799	1.003212	-0.001001	-0.270020	0.001001	1.003212	1.011322	
1800	1.003186	-0.000691	-0.866089	0.000691	1.003186	1.481903	
1801	1.002560	-0.000975	-0.143799	0.000975	1.002560	1.151093	
1802	1.002801	-0.000688	-0.928589	0.000688	1.002801	1.469269	
1803	1.002702	-0.000587	-1.250244	0.000587	1.002702	1.714081	
1804	1.002496	-0.000517	-1.404053	0.000517	1.002496	1.684387	
1805	1.002632	-0.000661	-1.887817	0.000661	1.002632	1.488953	
1806	1.002693	-0.000216	-2.618530	0.000216	1.002693	2.129700	
1807	1.002536	-0.000216	-2.783081	0.000216	1.002536	2.039734	
1808	1.002690	0.000251	-3.295410	-0.000251	1.002690	2.812164	
1809	1.002694	0.000032	-3.225708	-0.000032	1.002694	2.466858	
1810	1.002615	-0.000342	-2.856323	0.000342	1.002615	1.974609	
1811	1.002573	-0.000072	-3.002930	0.000072	1.002573	2.325409	
1812	1.002596	-0.000327	-2.658813	0.000327	1.002596	1.955078	
1813	1.002674	-0.000327	-2.538818	0.000327	1.002674	2.141418	
1814	1.002680	-0.000718	-1.687866	0.000718	1.002680	1.489746	
1815	1.003164	-0.000716	-1.619019	0.000716	1.003164	1.692566	
1816	1.003196	-0.001310	-0.366089	0.001310	1.003196	1.035950	
1817	1.003791	-0.001971	0.169922	0.001971	1.003791	-0.096130	
1818	1.003822	-0.001823	1.241943	0.001823	1.003822	0.418854	
1819	1.003930	-0.002477	2.621704	0.002477	1.003930	-0.059845	
1820	1.003995	-0.002774	3.782593	0.002774	1.003995	-0.298126	
1821	1.004347	-0.003184	4.450073	0.003184	1.004347	-0.795349	
1822	1.004805	-0.003175	4.843750	0.003175	1.004805	-0.575256	
1823	1.004496	-0.004035	6.647583	0.004035	1.004496	-1.930817	
1824	1.004555	-0.003955	7.141968	0.003955	1.004555	-1.339935	
1825	1.004486	-0.004552	8.273315	0.004552	1.004486	-1.961609	
1826	1.005116	-0.004333	7.733154	0.004333	1.005116	-1.888062	
1827	1.004360	-0.004746	9.478149	0.004746	1.004360	-2.317474	
1828	1.005079	-0.004854	8.898315	0.004854	1.005079	-2.710815	
1829	1.005011	-0.005069	9.429565	0.005069	1.005011	-3.235291	
1830	1.005088	-0.005182	9.692505	0.005182	1.005088	-3.164764	
1831	1.006021	-0.005479	8.606079	0.005479	1.006021	-4.520966	
1832	1.005494	-0.005372	9.604980	0.005372	1.005494	-3.747192	
1833	1.005283	-0.005287	10.119873	0.005287	1.005283	-3.891510	
1834	1.005296	-0.005328	10.210205	0.005328	1.005296	-3.780426	
1835	1.005183	-0.005526	10.588379	0.005526	1.005183	-3.979279	
1836	1.005285	-0.005395	10.558838	0.005395	1.005285	-3.887878	
1837	1.005080	-0.005499	11.046021	0.005499	1.005080	-3.894958	
1838	1.005196	-0.005529	10.801758	0.005529	1.005196	-4.078888	
1839	1.005516	-0.005424	10.463501	0.005424	1.005516	-4.070587	
1840	1.005205	-0.005377	10.918213	0.005377	1.005205	-3.985962	
1841	1.005325	-0.005538	10.608887	0.005538	1.005325	-4.289429	
1842	1.005452	-0.005578	10.539307	0.005578	1.005452	-4.667114	
1843	1.005674	-0.005447	10.204224	0.005447	1.005674	-4.408081	
1844	1.005318	-0.005761	10.744141	0.005761	1.005318	-4.737610	
1845	1.005499	-0.005459	10.460815	0.005459	1.005499	-4.406647	
1846	1.005234	-0.005341	10.481934	0.005341	1.005234	-4.159882	
1847	1.005106	-0.005413	10.267334	0.005413	1.005106	-4.056335	
1848	1.005317	-0.004947	8.898804	0.004947	1.005317	-3.779327	
1849	1.005197	-0.004392	7.362549	0.004392	1.005197	-3.266846	
1850	1.004487	-0.003942	6.769897	0.003942	1.004487	-2.404449	
1851	1.004560	-0.003315	4.796143	0.003315	1.004560	-2.207794	
1852	1.004293	-0.002591	3.207275	0.002591	1.004293	-1.075195	
1853	1.003760	-0.002063	2.606079	0.002063	1.003760	-0.359161	
1854	1.003772	-0.001918	1.626587	0.001918	1.003772	-0.322235	
1855	1.003224	-0.001625	1.862427	0.001625	1.003224	0.251770	
1856	1.003557	-0.001272	0.539551	0.001272	1.003557	0.526611	
1857	1.002606	-0.001238	1.328735	0.001238	1.002606	0.820404	
1858	1.002983	-0.001086	0.159058	0.001086	1.002983	0.967834	
1859	1.002526	-0.000905	0.126953	0.000905	1.002526	1.277527	
1860	1.003530	-0.000317	-2.261963	0.000317	1.003530	1.772614	
1861	1.003378	-0.000003	-2.822510	0.000003	1.003378	2.473724	
1862	1.002707	-0.000193	-2.137451	0.000193	1.002707	2.151672	
1863	1.002208	-0.000085	-2.078979	0.000085	1.002208	2.229675	
1864	1.002328	0.000008	-2.863770	-0.000008	1.002328	2.296082	
1865	1.002471	0.000211	-3.397827	-0.000211	1.002471	2.584534	
1866	1.002475	0.000064	-3.471069	-0.000064	1.002475	2.429443	
1867	1.002333	0.000058	-3.330444	-0.000058	1.002333	2.328491	
1868	1.002390	0.000069	-3.344604	-0.000069	1.002390	2.383087	
1869	1.002308	0.000085	-3.227783	-0.000085	1.002308	2.505646	
1870	1.002465	0.000310	-3.623413	-0.000310	1.002465	2.807800	
1871	1.002425	0.000046	-3.375854	-0.000046	1.002425	2.577942	
1872	1.002469	0.000004	-3.495117	-0.000004	1.002469	2.387451	
1873	1.002447	0.000126	-3.443359	-0.000126	1.002447	2.639709	
1874	1.002884	0.000367	-4.217407	-0.000367	1.002884	2.854889	
1875	1.002995	0.000408	-4.354126	-0.000408	1.002995	2.846069	
1876	1.002478	0.000013	-3.155762	-0.000013	1.002478	2.599976	
1877	1.002641	0.000289	-3.661377	-0.000289	1.002641	2.867310	
1878	1.002682	0.000292	-3.656860	-0.000292	1.002682	2.883026	
1879	1.003025	0.000485	-4.117188	-0.000485	1.003025	3.144775	
1880	1.002821	0.000103	-3.240601	-0.000103	1.002821	2.764954	
1881	1.002480	-0.000119	-2.206421	0.000119	1.002480	2.537018	
1882	1.002960	-0.000071	-2.403076	0.000071	1.002960	2.741943	
1883	1.002570	-0.000627	-0.760010	0.000627	1.002570	2.097595	
1884	1.002771	-0.000799	-0.211060	0.000799	1.002771	1.877502	
1885	1.003800	-0.000860	-0.942383	0.000860	1.003800	1.701782	
1886	1.004352	-0.001136	-0.711914	0.001136	1.004352	1.225372	
1887	1.004133	-0.001430	0.659424	0.001430	1.004133	0.989288	
1888	1.004627	-0.002024	1.046997	0.002024	1.004627	0.252136	
1889	1.005515	-0.002028	0.486450	0.002028	1.005515	0.222839	
1890	1.005828	-0.002292	1.019165	0.002292	1.005828	-0.178223	
1891	1.004925	-0.002776	3.342773	0.002776	1.004925	-0.236694	
1892	1.004987	-0.002957	4.245361	0.002957	1.004987	-0.446320	
1893	1.004824	-0.003384	5.271484	0.003384	1.004824	-0.784790	
1894	1.005396	-0.003409	5.079468	0.003409	1.005396	-0.848877	
1895	1.005668	-0.003716	5.210449	0.003716	1.005668	-1.396149	
1896	1.005973	-0.003772	5.131104	0.003772	1.005973	-1.661865	
1897	1.005723	-0.003775	5.572144	0.003775	1.005723	-1.729309	
1898	1.006446	-0.003942	4.246460	0.003942	1.006446	-2.405273	
1899	1.005116	-0.003702	5.466309	0.003702	1.005116	-1.663086	
1900	1.005497	-0.003250	3.595581	0.003250	1.005497	-1.515076	
1901	1.004409	-0.003021	3.873535	0.003021	1.004409	-1.094330	
1902	1.004625	-0.002512	2.159790	0.002512	1.004625	-0.764832	
1903	1.004463	-0.001695	0.662354	0.001695	1.004463	0.054779	
1904	1.004179	-0.001504	0.121460	0.001504	1.004179	0.342041	
1905	1.004101	-0.001147	-0.606812	0.001147	1.004101	0.991699	
1906	1.003509	-0.001158	0.077637	0.001158	1.003509	1.022247	
1907	1.003124	-0.001082	0.061646	0.001082	1.003124	1.202515	
1908	1.003631	-0.000448	-1.471680	0.000448	1.003631	1.990997	
1909	1.003017	-0.000604	-0.889038	0.000604	1.003017	1.958374	
1910	1.002394	-0.000631	-0.347168	0.000631	1.002394	1.829681	
1911	1.003361	-0.000113	-2.709717	0.000113	1.003361	2.433167	
1912	1.002462	-0.000261	-1.683594	0.000261	1.002462	2.401947	
1913	1.002710	0.000130	-2.694214	-0.000130	1.002710	2.806000	
1914	1.002300	-0.000047	-2.511230	0.000047	1.002300	2.536835	
1915	1.002472	-0.000051	-3.101929	0.000051	1.002472	2.587585	
1916	1.002336	0.000249	-3.246948	-0.000249	1.002336	2.755951	
1917	1.003212	0.000718	-4.809326	-0.000718	1.003212	3.335388	
1918	1.003337	0.000917	-5.221558	-0.000917	1.003337	3.664337	
1919	1.002559	0.000167	-3.603027	-0.000167	1.002559	2.764740	
1920	1.002692	0.000355	-3.754761	-0.000355	1.002692	3.069336	
1921	1.002586	0.000044	-3.484863	-0.000044	1.002586	2.956909	
1922	1.002737	0.000345	-4.089722	-0.000345	1.002737	3.361420	
1923	1.002414	0.000247	-3.367310	-0.000247	1.002414	2.871307	
1924	1.002382	0.000216	-3.328125	-0.000216	1.002382	3.024536	
1925	1.002319	0.000198	-3.282104	-0.000198	1.002319	2.875671	
1926	1.003546	0.001035	-5.669189	-0.001035	1.003546	4.089905	
1927	1.002485	0.000224	-3.533447	-0.000224	1.002485	3.113464	
1928	1.002461	0.000059	-3.352905	-0.000059	1.002461	2.841278	
1929	1.002776	0.000487	-4.163452	-0.000487	1.002776	3.483276	
1930	1.002749	0.000565	-4.029419	-0.000565	1.002749	3.500397	
1931	1.002342	0.000119	-3.250977	-0.000119	1.002342	2.811005	
1932	1.002620	0.000198	-3.595581	-0.000198	1.002620	3.170013	
1933	1.002539	0.000252	-3.635376	-0.000252	1.002539	3.086426	
1934	1.002581	0.000322	-3.661377	-0.000322	1.002581	3.280426	
1935	1.003189	0.000250	-4.588989	-0.000250	1.003189	2.967133	
1936	1.003280	0.000749	-4.968018	-0.000749	1.003280	3.794800	
1937	1.002740	0.000414	-3.886841	-0.000414	1.002740	3.360413	
1938	1.002478	0.000155	-3.425171	-0.000155	1.002478	3.036407	
1939	1.002500	0.000129	-3.419800	-0.000129	1.002500	3.029144	
1940	1.004568	0.001026	-7.116577	-0.001026	1.004568	3.674438	
1941	1.002529	0.000206	-3.567505	-0.000206	1.002529	3.107239	
1942	1.002539	0.000118	-3.489746	-0.000118	1.002539	2.951263	
1943	1.002535	0.000124	-3.541748	-0.000124	1.002535	2.979980	
1944	1.002685	0.000422	-3.793823	-0.000422	1.002685	3.350494	
1945	1.002518	0.000203	-3.507568	-0.000203	1.002518	3.103729	
1946	1.002519	0.000015	-3.372681	-0.000015	1.002519	2.730072	
1947	1.002512	0.000161	-3.479126	-0.000161	1.002512	3.238983	
1948	1.002542	0.000074	-3.459839	-0.000074	1.002542	2.832428	
1949	1.002690	0.000137	-3.660522	-0.000137	1.002690	3.147339	
1950	1.003324	-0.000051	-4.625366	0.000051	1.003324	2.465973	
1951	1.002864	0.000629	-4.237549	-0.000629	1.002864	3.706909	
1952	1.004247	0.001387	-6.565063	-0.001387	1.004247	4.464050	
1953	1.002647	0.000186	-3.474731	-0.000186	1.002647	3.144714	
1954	1.002654	-0.000099	-3.234009	0.000099	1.002654	2.780029	
1955	1.002633	-0.000070	-2.851440	0.000070	1.002633	2.796936	
1956	1.002524	-0.000210	-2.212036	0.000210	1.002524	2.559387	
1957	1.002745	-0.000276	-1.668213	0.000276	1.002745	2.682953	
1958	1.003166	-0.000384	-1.458008	0.000384	1.003166	2.676758	
1959	1.003744	-0.000651	-1.090088	0.000651	1.003744	2.149689	
1960	1.005225	-0.000529	-2.295288	0.000529	1.005225	2.211151	
1961	1.005397	-0.001336	-0.779297	0.001336	1.005397	1.292053	
1962	1.005148	-0.001932	1.192261	0.001932	1.005148	0.736877	
1963	1.005328	-0.002473	2.292480	0.002473	1.005328	0.171021	
1964	1.005815	-0.002576	2.568481	0.002576	1.005815	0.046265	
1965	1.005991	-0.002945	3.110107	0.002945	1.005991	-0.326416	
1966	1.005618	-0.003200	3.868774	0.003200	1.005618	-0.704742	
1967	1.005640	-0.003273	3.796753	0.003273	1.005640	-0.975800	
1968	1.006106	-0.002795	2.293579	0.002795	1.006106	-0.481934	
1969	1.005217	-0.002928	3.273193	0.002928	1.005217	-0.656891	
1970	1.005378	-0.002310	2.015625	0.002310	1.005378	-0.095276	
1971	1.005397	-0.002359	1.087036	0.002359	1.005397	-0.399292	
1972	1.004117	-0.002186	2.058472	0.002186	1.004117	-0.302063	
1973	1.003905	-0.001479	0.943359	0.001479	1.003905	0.944580	
1974	1.003274	-0.001528	1.230835	0.001528	1.003274	1.120850	
1975	1.003808	-0.001108	-0.648071	0.001108	1.003808	1.065308	
1976	1.002944	-0.000955	0.228271	0.000955	1.002944	1.584045	
1977	1.002516	-0.001069	0.677612	0.001069	1.002516	1.731110	
1978	1.002897	-0.000624	-0.526001	0.000624	1.002897	2.353149	
1979	1.002093	-0.000916	0.192139	0.000916	1.002093	1.658234	
1980	1.002108	-0.000619	-0.172485	0.000619	1.002108	2.357056	
1981	1.002240	-0.000632	-0.713379	0.000632	1.002240	2.085358	
1982	1.002357	-0.000174	-1.572266	0.000174	1.002357	2.328552	
1983	1.002276	-0.000300	-1.500366	0.000300	1.002276	1.983368	
1984	1.002326	-0.000099	-2.301147	0.000099	1.002326	2.295868	
1985	1.002285	-0.000117	-2.459106	0.000117	1.002285	2.193451	
1986	1.002280	0.000091	-3.023804	-0.000091	1.002280	2.633850	
1987	1.002371	-0.000048	-3.112793	0.000048	1.002371	2.277924	
1988	1.002654	0.000525	-3.927246	-0.000525	1.002654	3.265472	
1989	1.002328	-0.000041	-3.074097	0.000041	1.002328	2.456604	
1990	1.002158	0.000046	-2.944946	-0.000046	1.002158	2.923248	
1991	1.002207	0.000154	-3.107178	-0.000154	1.002207	2.865448	
1992	1.001993	0.000030	-2.712036	-0.000030	1.001993	3.022766	
1993	1.002243	0.000007	-3.010620	-0.000007	1.002243	2.668060	
1994	1.002146	0.000028	-2.941528	-0.000028	1.002146	2.274414	
1995	1.002256	0.000139	-3.096069	-0.000139	1.002256	2.515076	
1996	1.002180	0.000162	-2.948242	-0.000162	1.002180	2.576355	
1997	1.002235	0.000037	-3.003174	-0.000037	1.002235	2.401123	
1998	1.002236	0.000077	-3.104614	-0.000077	1.002236	2.537628	
1999	1.002296	0.000035	-3.054932	-0.000035	1.002296	2.460876	
2000	1.002425	0.000271	-3.426270	-0.000271	1.002425	2.929657	
2001	1.002290	0.000108	-3.235229	-0.000108	1.002290	2.981140	
2002	1.002114	-0.000121	-2.903076	0.000121	1.002114	2.606049	
2003	1.002288	0.000196	-3.349121	-0.000196	1.002288	3.216370	
2004	1.002253	0.000116	-3.163330	-0.000116	1.002253	3.082947	
2005	1.002173	-0.000012	-2.917725	0.000012	1.002173	2.605652	
2006	1.002218	-0.000005	-2.859985	0.000005	1.002218	2.445251	
2007	1.002280	0.000047	-2.998413	-0.000047	1.002280	2.719666	
2008	1.002298	-0.000100	-2.714478	0.000100	1.002298	2.451691	
2009	1.002959	0.000170	-3.529663	-0.000170	1.002959	2.769348	
2010	1.002549	-0.000692	-1.474731	0.000692	1.002549	1.960815	
2011	1.002569	-0.000976	-0.275879	0.000976	1.002569	1.935516	
2012	1.002947	-0.000994	0.628174	0.000994	1.002947	1.882629	
2013	1.002687	-0.001768	3.370605	0.001768	1.002687	1.243652	
2014	1.005572	-0.001925	1.066406	0.001925	1.005572	0.659668	
2015	1.005776	-0.002685	3.364136	0.002685	1.005776	-0.212158	
2016	1.006373	-0.003577	5.463013	0.003577	1.006373	-1.291321	
2017	1.007038	-0.004701	7.199097	0.004701	1.007038	-3.040894	
2018	1.007717	-0.005769	8.777344	0.005769	1.007717	-4.398254	
2019	1.008050	-0.006522	10.489014	0.006522	1.008050	-5.435425	
2020	1.008757	-0.007349	11.130859	0.007349	1.008757	-6.565491	
2021	1.008847	-0.007964	12.054932	0.007964	1.008847	-7.149841	
2022	1.008940	-0.008203	12.436401	0.008203	1.008940	-7.217163	
2023	1.007711	-0.009073	14.999390	0.009073	1.007711	-7.823181	
2024	1.007953	-0.008453	13.687744	0.008453	1.007953	-7.028076	
2025	1.008538	-0.007989	11.663452	0.007989	1.008538	-7.191162	
2026	1.007943	-0.007901	11.447021	0.007901	1.007943	-6.818481	
2027	1.007929	-0.007462	9.686646	0.007462	1.007929	-6.808350	
2028	1.002420	-0.006796	16.261597	0.006796	1.002420	-3.003296	
2029	1.002531	-0.005757	13.582764	0.005757	1.002531	-2.420227	
2030	1.003244	-0.005372	9.853027	0.005372	1.003244	-2.600586	
2031	1.002661	-0.003336	8.067688	0.003336	1.002661	-1.067596	
2032	1.002582	-0.002937	6.556763	0.002937	1.002582	-0.683472	
2033	1.003285	-0.002949	4.336304	0.002949	1.003285	-0.754944	
2034	1.003106	-0.002691	3.501831	0.002691	1.003106	-0.492828	
2035	1.002438	-0.001992	3.611938	0.001992	1.002438	0.440247	
2036	1.003224	-0.001916	1.673340	0.001916	1.003224	0.397888	
2037	1.002505	-0.001509	1.856873	0.001509	1.002505	0.743500	
2038	1.002822	-0.001917	1.234558	0.001917	1.002822	0.998199	
2039	1.002546	-0.001893	0.760132	0.001893	1.002546	1.171143	
2040	1.002603	-0.000771	-0.569397	0.000771	1.002603	1.914398	
2041	1.002533	-0.001177	-0.839844	0.001177	1.002533	1.897369	
2042	1.002284	-0.001091	-1.357544	0.001091	1.002284	1.516052	
2043	1.002622	-0.000441	-2.747314	0.000441	1.002622	2.024994	
2044	1.002318	-0.000475	-2.618591	0.000475	1.002318	1.820343	
2045	1.002408	-0.000775	-2.653137	0.000775	1.002408	1.709320	
2046	1.002656	-0.000528	-3.064941	0.000528	1.002656	2.038788	
2047	1.002663	-0.000593	-2.923096	0.000593	1.002663	2.231628	
2048	1.002567	-0.000723	-2.822144	0.000723	1.002567	1.966614	
2049	1.002444	-0.000744	-2.794922	0.000744	1.002444	2.066498	
2050	1.002265	-0.000781	-2.629883	0.000781	1.002265	2.123749	
2051	1.002592	-0.000472	-3.104736	0.000472	1.002592	2.480804	
2052	1.002478	-0.000520	-3.296570	0.000520	1.002478	2.435303	
2053	1.002573	0.000052	-4.742371	-0.000052	1.002573	2.956512	
2054	1.002361	-0.000019	-5.679688	0.000019	1.002361	2.592499	
2055	1.002184	0.000988	-8.507935	-0.000988	1.002184	3.334473	
2056	1.003986	0.001776	-12.685547	-0.001776	1.003986	4.025116	
2057	1.004232	0.002899	-16.656799	-0.002899	1.004232	4.889526	
2058	1.004790	0.004213	-20.482361	-0.004213	1.004790	5.989532	
2059	1.005491	0.005257	-24.410461	-0.005257	1.005491	7.048706	
2060	1.005554	0.006855	-27.661560	-0.006855	1.005554	8.533234	
2061	1.007292	0.007282	-30.928284	-0.007282	1.007292	8.739136	
2062	1.007656	0.007708	-33.153809	-0.007708	1.007656	9.342926	
2063	1.007974	0.008605	-35.018311	-0.008605	1.007974	9.497894	
2064	1.007171	0.008959	-36.015594	-0.008959	1.007171	10.265350	
2065	1.009526	0.009247	-38.130768	-0.009247	1.009526	9.693878	
2066	1.007969	0.009787	-38.295990	-0.009787	1.007969	10.389069	
2067	1.008136	0.010026	-39.051270	-0.010026	1.008136	10.559387	
2068	1.007155	0.010938	-39.410278	-0.010938	1.007155	11.378845	
2069	1.008909	0.010641	-40.445892	-0.010641	1.008909	10.482635	
2070	0.999234	0.011081	-34.069336	-0.011081	0.999234	15.160889	
2071	1.008125	0.011320	-40.890228	-0.011320	1.008125	10.752045	
2072	1.007646	0.011355	-40.905579	-0.011355	1.007646	11.176758	
2073	0.996629	0.015592	-33.103394	-0.015592	0.996629	23.426178	
2074	0.996794	0.012785	-32.833130	-0.012785	0.996794	17.674530	
2075	0.995605	0.011461	-30.111450	-0.011461	0.995605	16.123657	
2076	0.995558	0.010830	-29.632935	-0.010830	0.995558	14.720215	
2077	0.996502	0.013044	-32.763672	-0.013044	0.996502	17.817688	
2078	0.996787	0.010858	-31.800537	-0.010858	0.996787	13.819977	
2079	0.997493	0.015719	-34.921875	-0.015719	0.997493	21.637146	
2080	0.997868	0.012259	-34.044189	-0.012259	0.997868	15.465973	
2081	0.997500	0.012061	-33.737915	-0.012061	0.997500	14.895966	
2082	0.995851	0.013233	-31.520752	-0.013233	0.995851	18.052826	
2083	0.996937	0.011420	-32.425415	-0.011420	0.996937	14.204773	
2084	0.996372	0.011509	-31.335815	-0.011509	0.996372	14.584564	
2085	0.997683	0.012196	-33.907837	-0.012196	0.997683	15.098755	
2086	0.997172	0.012230	-32.909302	-0.012230	0.997172	15.165771	
2087	0.996953	0.011737	-32.636597	-0.011737	0.996953	14.430878	
2088	0.997748	0.012019	-33.689453	-0.012019	0.997748	14.273956	
2089	0.997329	0.012666	-33.444214	-0.012666	0.997329	15.558838	
2090	0.998561	0.012130	-34.513062	-0.012130	0.998561	14.001526	
2091	0.997450	0.012216	-33.271729	-0.012216	0.997450	14.746124	
2092	0.995173	0.012090	-30.207031	-0.012090	0.995173	15.120117	
2093	0.997138	0.014547	-33.884888	-0.014547	0.997138	18.458862	
2094	0.997344	0.011384	-32.912720	-0.011384	0.997344	13.192657	
2095	0.998451	0.012418	-34.006714	-0.012418	0.998451	14.366394	
2096	0.999019	0.012919	-35.005371	-0.012919	0.999019	14.711029	
2097	0.999005	0.012097	-34.323120	-0.012097	0.999005	13.620880	
2098	0.999961	0.012330	-35.291016	-0.012330	0.999961	13.246704	
2099	0.999624	0.013768	-35.582520	-0.013768	0.999624	15.504913	
2100	0.999661	0.012143	-34.357422	-0.012143	0.999661	13.241699	
2101	0.999714	0.012078	-33.310059	-0.012078	0.999714	13.159393	
2102	0.998390	0.011206	-30.017944	-0.011206	0.998390	13.122894	
2103	1.000228	0.011119	-29.270996	-0.011119	1.000228	12.289001	
2104	1.000470	0.009168	-25.826660	-0.009168	1.000470	10.033295	
2105	1.000435	0.008418	-22.442139	-0.008418	1.000435	9.505371	
2106	1.001805	0.006875	-20.169006	-0.006875	1.001805	7.136169	
2107	1.001502	0.005871	-16.917480	-0.005871	1.001502	6.301666	
2108	1.001961	0.004547	-14.598145	-0.004547	1.001961	4.841492	
2109	1.001201	0.003975	-12.160400	-0.003975	1.001201	4.806030	
2110	1.001910	0.003516	-11.722717	-0.003516	1.001910	4.103607	
2111	1.001729	0.003342	-10.662842	-0.003342	1.001729	4.119995	
2112	1.001757	0.002861	-9.620850	-0.002861	1.001757	3.750641	
2113	1.001141	0.002514	-8.038452	-0.002514	1.001141	3.735992	
2114	1.001440	0.001972	-7.294556	-0.001972	1.001440	3.018219	
2115	1.001438	0.001731	-6.469971	-0.001731	1.001438	2.926666	
2116	1.001376	0.001298	-5.437012	-0.001298	1.001376	2.478851	
2117	1.001713	0.001273	-5.734863	-0.001273	1.001713	2.511475	
2118	1.001555	0.001283	-5.442261	-0.001283	1.001555	2.704132	
2119	1.001466	0.001070	-4.920288	-0.001070	1.001466	2.374023	
2120	1.001359	0.000944	-4.521973	-0.000944	1.001359	2.355164	
2121	1.001553	0.000835	-4.671753	-0.000835	1.001553	2.226288	
2122	1.001702	0.001111	-5.081543	-0.001111	1.001702	2.538300	
2123	1.001553	0.000972	-5.246094	-0.000972	1.001553	2.424103	
2124	1.001392	0.000955	-5.106934	-0.000955	1.001392	2.429108	
2125	1.001438	0.001191	-5.357666	-0.001191	1.001438	2.771362	
2126	1.001873	0.000930	-5.524048	-0.000930	1.001873	2.283569	
2127	1.001430	0.000967	-5.093384	-0.000967	1.001430	2.739929	
2128	1.001497	0.000871	-4.801880	-0.000871	1.001497	2.468140	
2129	1.001610	0.000778	-4.749146	-0.000778	1.001610	2.390961	
2130	1.001712	0.000665	-4.440308	-0.000665	1.001712	2.183624	
2131	1.001759	0.000623	-4.203247	-0.000623	1.001759	2.073456	
2132	1.001704	0.000512	-4.060669	-0.000512	1.001704	2.426086	
2133	1.001736	0.000516	-3.798096	-0.000516	1.001736	2.059845	
2134	1.001832	0.000453	-3.803589	-0.000453	1.001832	2.117462	
2135	1.001776	0.000532	-3.672852	-0.000532	1.001776	2.315765	
2136	1.001730	0.000243	-3.530640	-0.000243	1.001730	1.839081	
2137	1.001676	0.000290	-3.402954	-0.000290	1.001676	2.031219	
2138	1.001744	0.000226	-3.523804	-0.000226	1.001744	2.102844	
2139	1.002020	0.000002	-3.642456	-0.000002	1.002020	1.821930	
2140	1.001839	0.000271	-3.788086	-0.000271	1.001839	2.175903	
2141	1.001747	0.000296	-3.935547	-0.000296	1.001747	2.063202	
2142	1.002109	0.000315	-4.468933	-0.000315	1.002109	2.093323	
2143	1.001886	0.000528	-4.322815	-0.000528	1.001886	2.230469	
2144	1.001905	0.000662	-4.771484	-0.000662	1.001905	2.526123	
2145	1.001908	0.000305	-4.724854	-0.000305	1.001908	2.037079	
2146	1.001885	0.000506	-4.792969	-0.000506	1.001885	2.276245	
2147	1.001698	0.000618	-4.972534	-0.000618	1.001698	2.502899	
2148	1.001844	0.000700	-5.201660	-0.000700	1.001844	2.581940	
2149	1.002128	0.000767	-5.565857	-0.000767	1.002128	2.643036	
2150	1.002051	0.000500	-5.594055	-0.000500	1.002051	2.489471	
2151	1.001978	0.000891	-5.970215	-0.000891	1.001978	2.763580	
2152	1.001980	0.001113	-6.491577	-0.001113	1.001980	3.191833	
2153	1.001829	0.001088	-6.609497	-0.001088	1.001829	3.061218	
2154	1.001781	0.001127	-6.845581	-0.001127	1.001781	3.022461	
2155	1.002068	0.001126	-7.411926	-0.001126	1.002068	3.040253	
2156	1.002411	0.001248	-8.243652	-0.001248	1.002411	3.103668	
2157	1.001460	0.001468	-7.825562	-0.001468	1.001460	3.462494	
2158	1.001517	0.001673	-8.626099	-0.001673	1.001517	3.656433	
2159	1.002501	0.001786	-9.947449	-0.001786	1.002501	3.557800	
2160	1.001740	0.002130	-10.323181	-0.002130	1.001740	4.213928	
2161	1.003024	0.002129	-11.671448	-0.002129	1.003024	3.759308	
2162	1.002785	0.002440	-12.354065	-0.002440	1.002785	4.165405	
2163	1.002698	0.002779	-12.953003	-0.002779	1.002698	4.570831	
2164	1.002886	0.002949	-13.767639	-0.002949	1.002886	4.690582	
2165	1.002762	0.003140	-14.177307	-0.003140	1.002762	4.883667	
2166	1.003318	0.003171	-14.876831	-0.003171	1.003318	4.665649	
2167	1.003051	0.003442	-15.224976	-0.003442	1.003051	5.014160	
2168	1.003432	0.003516	-15.785034	-0.003516	1.003432	5.083191	
2169	1.003577	0.003694	-16.196228	-0.003694	1.003577	5.272675	
2170	1.003571	0.003678	-16.310303	-0.003678	1.003571	5.290497	
2171	1.003990	0.003833	-16.838135	-0.003833	1.003990	5.346161	
2172	1.004123	0.003751	-17.046204	-0.003751	1.004123	5.210388	
2173	1.003177	0.003819	-16.493164	-0.003819	1.003177	5.464996	
2174	1.003502	0.003902	-16.803223	-0.003902	1.003502	5.423859	
2175	1.003329	0.003767	-16.720459	-0.003767	1.003329	5.383179	
2176	1.003837	0.003846	-16.984985	-0.003846	1.003837	5.327820	
2177	1.004056	0.003859	-17.197327	-0.003859	1.004056	5.365997	
2178	1.003745	0.003775	-17.032593	-0.003775	1.003745	5.255188	
2179	1.004041	0.003840	-17.224060	-0.003840	1.004041	5.356598	
2180	1.004130	0.003839	-17.341675	-0.003839	1.004130	5.208893	
2181	1.003539	0.003991	-17.324402	-0.003991	1.003539	5.645630	
2182	1.003166	0.004150	-17.498901	-0.004150	1.003166	5.924500	
2183	1.004009	0.004016	-18.187561	-0.004016	1.004009	5.406097	
2184	1.004415	0.004272	-19.086853	-0.004272	1.004415	5.565216	
2185	1.004563	0.004443	-19.858826	-0.004443	1.004563	5.614319	
2186	1.004430	0.004851	-20.716370	-0.004851	1.004430	6.063019	
2187	1.004645	0.005084	-21.860474	-0.005084	1.004645	6.258270	
2188	1.005018	0.005314	-22.920715	-0.005314	1.005018	6.559204	
2189	1.005417	0.005615	-23.885437	-0.005615	1.005417	6.463318	
2190	1.005307	0.005777	-24.688629	-0.005777	1.005307	6.909302	
2191	1.005366	0.006184	-25.818695	-0.006184	1.005366	7.008087	
2192	1.005871	0.006470	-26.712891	-0.006470	1.005871	7.144653	
2193	1.006059	0.006421	-27.202789	-0.006421	1.006059	7.081665	
2194	1.005105	0.006890	-27.448730	-0.006890	1.005105	7.598938	
2195	1.005019	0.007061	-28.106934	-0.007061	1.005019	7.714386	
2196	1.006113	0.006956	-29.209595	-0.006956	1.006113	7.498657	
2197	1.000215	0.006218	-24.838257	-0.006218	1.000215	7.712067	
2198	1.006833	0.007151	-30.263763	-0.007151	1.006833	7.333771	
2199	1.007054	0.007396	-30.872711	-0.007396	1.007054	7.200104	
2200	0.998564	0.007045	-23.465454	-0.007045	0.998564	9.415710	
2201	1.005913	0.007975	-30.893005	-0.007975	1.005913	7.771210	
2202	0.997825	0.007640	-22.867554	-0.007640	0.997825	10.383575	
2203	1.005742	0.007800	-31.026428	-0.007800	1.005742	7.912079	
2204	1.003867	0.007816	-29.832947	-0.007816	1.003867	8.338562	
2205	1.004448	0.007524	-30.263184	-0.007524	1.004448	7.803040	
2206	0.998557	0.008064	-24.242065	-0.008064	0.998557	10.522430	
2207	0.998338	0.008424	-24.069092	-0.008424	0.998338	11.465820	
2208	0.998749	0.008038	-24.251709	-0.008038	0.998749	10.341492	
2209	0.998595	0.007180	-23.941772	-0.007180	0.998595	8.991333	
2210	0.998452	0.007389	-23.684570	-0.007389	0.998452	9.474457	
2211	0.999868	0.007125	-25.291382	-0.007125	0.999868	8.332397	
2212	0.999152	0.007006	-24.351562	-0.007006	0.999152	8.430206	
2213	1.000019	0.007848	-25.516235	-0.007848	1.000019	9.399933	
2214	0.999795	0.007628	-24.908569	-0.007628	0.999795	9.135651	
2215	0.999298	0.007149	-24.251099	-0.007149	0.999298	8.604004	
2216	1.001036	0.007444	-26.237793	-0.007444	1.001036	8.248108	
2217	0.998884	0.007681	-23.866211	-0.007681	0.998884	9.670563	
2218	0.998878	0.007216	-23.572632	-0.007216	0.998878	8.746887	
2219	1.000267	0.007220	-25.276978	-0.007220	1.000267	8.216644	
2220	0.999427	0.007339	-24.441528	-0.007339	0.999427	8.649628	
2221	1.003368	0.007922	-28.296509	-0.007922	1.003368	7.888367	
2222	0.999955	0.007239	-24.689819	-0.007239	0.999955	8.314209	
2223	1.002758	0.007753	-27.483154	-0.007753	1.002758	8.027161	
2224	0.999940	0.007340	-24.421265	-0.007340	0.999940	8.400543	
2225	1.002558	0.007627	-26.761414	-0.007627	1.002558	7.922699	
2226	1.001107	0.007791	-25.509888	-0.007791	1.001107	8.793488	
2227	1.003009	0.007379	-26.731384	-0.007379	1.003009	7.446045	
2228	1.002912	0.007320	-26.312805	-0.007320	1.002912	7.283386	
2229	1.001084	0.007093	-24.290283	-0.007093	1.001084	7.877594	
2230	1.001018	0.007292	-23.910156	-0.007292	1.001018	8.396027	
2231	1.002375	0.007093	-24.816589	-0.007093	1.002375	7.272430	
2232	1.001344	0.006677	-23.053955	-0.006677	1.001344	7.303894	
2233	1.002092	0.006583	-23.017029	-0.006583	1.002092	6.896790	
2234	1.003963	0.006229	-23.837646	-0.006229	1.003963	5.850281	
2235	1.002829	0.005819	-22.077087	-0.005819	1.002829	5.896057	
2236	1.003179	0.005934	-22.032288	-0.005934	1.003179	5.899841	
2237	1.003223	0.005392	-21.067505	-0.005392	1.003223	5.394745	
2238	1.002932	0.005269	-20.239563	-0.005269	1.002932	5.320984	
2239	1.002991	0.005194	-19.732788	-0.005194	1.002991	5.286194	
2240	1.002727	0.004641	-18.937073	-0.004641	1.002727	5.054413	
2241	1.003190	0.004717	-18.701721	-0.004717	1.003190	4.721863	
2242	1.003209	0.004618	-18.524963	-0.004618	1.003209	4.668701	
2243	1.003519	0.004334	-18.450256	-0.004334	1.003519	4.356964	
2244	1.002357	0.004359	-17.076599	-0.004359	1.002357	4.872284	
2245	1.003009	0.004236	-17.769531	-0.004236	1.003009	4.350250	
2246	1.003061	0.004112	-17.454712	-0.004112	1.003061	4.462158	
2247	1.003434	0.004048	-17.655640	-0.004048	1.003434	4.143768	
2248	1.003169	0.004128	-17.453125	-0.004128	1.003169	4.360077	
2249	1.003158	0.003942	-17.200806	-0.003942	1.003158	4.167847	
2250	1.003378	0.004015	-17.145813	-0.004015	1.003378	4.089111	
2251	1.003814	0.003814	-17.522034	-0.003814	1.003814	3.782288	
2252	1.003249	0.003899	-17.051147	-0.003899	1.003249	4.293091	
2253	1.003366	0.003968	-17.170898	-0.003968	1.003366	4.088928	
2254	1.003363	0.003848	-17.294678	-0.003848	1.003363	4.105011	
2255	1.003491	0.003891	-17.273987	-0.003891	1.003491	4.105408	
2256	1.003758	0.004070	-18.021912	-0.004070	1.003758	4.076508	
2257	1.003062	0.003935	-17.636780	-0.003935	1.003062	4.371674	
2258	1.003637	0.004368	-18.357544	-0.004368	1.003637	4.306213	
2259	1.003916	0.004311	-19.150879	-0.004311	1.003916	4.413574	
2260	1.003305	0.004282	-18.714539	-0.004282	1.003305	4.519440	
2261	1.003697	0.004252	-19.111633	-0.004252	1.003697	4.327789	
2262	1.004065	0.004360	-19.699890	-0.004360	1.004065	4.348877	
2263	1.003659	0.004540	-19.580322	-0.004540	1.003659	4.632141	
2264	1.004033	0.004616	-20.152100	-0.004616	1.004033	4.552551	
2265	1.003914	0.004631	-20.149231	-0.004631	1.003914	4.482849	
2266	1.004072	0.004609	-20.443420	-0.004609	1.004072	4.612244	
2267	1.003674	0.004462	-19.920959	-0.004462	1.003674	4.545013	
2268	1.003965	0.004724	-20.473022	-0.004724	1.003965	4.508850	
2269	1.003992	0.004455	-20.304138	-0.004455	1.003992	4.503174	
2270	1.004112	0.004712	-20.745667	-0.004712	1.004112	4.518677	
2271	1.003977	0.004643	-20.564209	-0.004643	1.003977	4.577637	
2272	1.004168	0.004628	-20.779175	-0.004628	1.004168	4.454407	
2273	1.004763	0.004377	-21.057007	-0.004377	1.004763	4.133362	
2274	1.004288	0.004698	-20.843994	-0.004698	1.004288	4.325134	
2275	1.004406	0.004706	-21.072510	-0.004706	1.004406	4.349182	
2276	1.004447	0.004626	-20.943054	-0.004626	1.004447	4.163208	
2277	1.004527	0.004600	-21.066406	-0.004600	1.004527	4.260193	
2278	1.004737	0.004864	-21.537964	-0.004864	1.004737	4.232117	
2279	1.004863	0.004640	-21.410339	-0.004640	1.004863	4.210083	
2280	1.004751	0.004657	-21.290222	-0.004657	1.004751	4.016663	
2281	1.004660	0.004564	-21.371521	-0.004564	1.004660	4.111206	
2282	1.004326	0.004582	-21.041138	-0.004582	1.004326	4.234619	
2283	1.004848	0.004642	-21.381348	-0.004642	1.004848	3.989136	
2284	1.004733	0.004433	-21.260132	-0.004433	1.004733	3.956787	
2285	1.004401	0.004534	-20.981018	-0.004534	1.004401	4.218445	
2286	1.004847	0.004520	-21.253387	-0.004520	1.004847	3.928406	
2287	1.004900	0.004508	-21.381409	-0.004508	1.004900	3.879761	
2288	1.004616	0.004285	-20.879974	-0.004285	1.004616	3.864746	
2289	1.004976	0.004409	-21.188904	-0.004409	1.004976	3.764832	
2290	1.005099	0.004331	-21.435852	-0.004331	1.005099	3.717957	
2291	1.004813	0.004132	-20.912201	-0.004132	1.004813	3.705505	
2292	1.005248	0.004263	-21.316467	-0.004263	1.005248	3.582458	
2293	1.005156	0.003991	-21.141388	-0.003991	1.005156	3.332092	
2294	1.005067	0.003871	-20.816986	-0.003871	1.005067	3.502563	
2295	1.005529	0.004347	-21.526550	-0.004347	1.005529	3.279846	
2296	1.004995	0.003875	-20.853729	-0.003875	1.004995	3.509216	
2297	1.005206	0.003775	-20.704437	-0.003775	1.005206	3.248169	
2298	1.005004	0.004099	-20.858398	-0.004099	1.005004	3.480042	
2299	1.003960	0.004841	-20.987366	-0.004841	1.003960	4.422058	
2300	1.004351	0.004225	-20.645721	-0.004225	1.004351	3.946899	
2301	1.004635	0.003746	-20.447632	-0.003746	1.004635	3.383972	
2302	1.004755	0.003463	-20.177429	-0.003463	1.004755	3.336365	
2303	1.004831	0.003863	-20.639832	-0.003863	1.004831	3.544739	
2304	1.004824	0.003776	-20.616180	-0.003776	1.004824	3.404724	
2305	1.004615	0.003800	-20.410828	-0.003800	1.004615	3.602234	
2306	1.004950	0.003627	-20.541718	-0.003627	1.004950	3.323120	
2307	1.004436	0.003994	-20.636444	-0.003994	1.004436	3.645020	
2308	1.005675	0.003258	-20.600861	-0.003258	1.005675	2.931824	
2309	1.005089	0.003466	-20.477509	-0.003466	1.005089	3.195374	
2310	1.004820	0.003672	-20.637299	-0.003672	1.004820	3.253967	
2311	1.006130	0.003144	-20.727051	-0.003144	1.006130	2.552063	
2312	1.005139	0.003520	-20.744720	-0.003520	1.005139	3.284607	
2313	1.005664	0.002896	-20.492432	-0.002896	1.005664	2.599731	
2314	1.005866	0.002970	-20.503845	-0.002970	1.005866	2.581238	
2315	1.005271	0.003226	-20.485565	-0.003226	1.005271	3.024414	
2316	1.006056	0.002702	-20.637207	-0.002702	1.006056	2.377441	
2317	1.005546	0.002865	-20.407227	-0.002865	1.005546	2.777588	
2318	1.006070	0.002984	-20.830933	-0.002984	1.006070	2.537842	
2319	1.005084	0.002371	-19.947845	-0.002371	1.005084	3.007996	
2320	1.005947	0.002930	-20.615631	-0.002930	1.005947	2.644958	
2321	1.006181	0.002747	-20.739532	-0.002747	1.006181	2.399170	
2322	1.001523	0.004341	-19.143372	-0.004341	1.001523	5.397644	
2323	1.004545	0.003801	-20.649048	-0.003801	1.004545	3.462708	
2324	1.003752	0.004003	-20.576965	-0.004003	1.003752	3.972168	
2325	1.003161	0.004198	-20.163086	-0.004198	1.003161	4.293518	
2326	1.003616	0.003849	-20.245422	-0.003849	1.003616	3.929138	
2327	1.003672	0.004067	-20.496216	-0.004067	1.003672	4.010315	
2328	1.002043	0.004026	-19.653748	-0.004026	1.002043	4.820007	
2329	1.002997	0.003944	-20.289673	-0.003944	1.002997	4.286438	
2330	1.001915	0.004408	-19.712341	-0.004408	1.001915	5.198914	
2331	1.002871	0.003999	-20.037415	-0.003999	1.002871	4.351685	
2332	1.003039	0.004307	-20.270813	-0.004307	1.003039	4.420898	
2333	1.003023	0.003873	-20.065186	-0.003873	1.003023	4.294739	
2334	1.003033	0.004154	-20.243408	-0.004154	1.003033	4.404602	
2335	1.002696	0.004018	-19.907959	-0.004018	1.002696	4.576111	
2336	1.002458	0.004317	-20.087341	-0.004317	1.002458	4.815369	
2337	1.002599	0.004100	-19.996155	-0.004100	1.002599	4.604248	
2338	1.002609	0.004284	-20.159180	-0.004284	1.002609	4.815491	
2339	1.002638	0.004001	-19.893372	-0.004001	1.002638	4.553955	
2340	1.003074	0.004093	-20.187622	-0.004093	1.003074	4.312134	
2341	1.002001	0.004024	-19.279114	-0.004024	1.002001	4.725647	
2342	1.003205	0.004151	-20.318054	-0.004151	1.003205	4.231018	
2343	1.002855	0.003998	-20.140503	-0.003998	1.002855	4.396118	
2344	1.003193	0.004216	-20.613098	-0.004216	1.003193	4.344299	
2345	1.002818	0.004179	-20.540771	-0.004179	1.002818	4.573669	
2346	1.002945	0.004064	-20.444580	-0.004064	1.002945	4.390076	
2347	1.003300	0.004064	-20.648193	-0.004064	1.003300	4.265320	
2348	1.003540	0.003904	-20.681458	-0.003904	1.003540	3.910950	
2349	1.003627	0.003838	-20.593994	-0.003838	1.003627	3.784485	
2350	1.003510	0.003586	-20.430176	-0.003586	1.003510	3.835327	
2351	1.003210	0.004130	-20.807312	-0.004130	1.003210	4.247437	
2352	1.002980	0.003799	-20.206116	-0.003799	1.002980	4.210449	
2353	1.003119	0.004076	-20.627869	-0.004076	1.003119	4.361206	
2354	1.003767	0.003562	-20.662903	-0.003562	1.003767	3.690552	
2355	1.003382	0.003878	-20.549683	-0.003878	1.003382	4.022705	
2356	1.004130	0.003304	-20.548096	-0.003304	1.004130	3.259827	
2357	1.003633	0.003361	-20.280579	-0.003361	1.003633	3.619019	
2358	1.003370	0.004110	-20.810181	-0.004110	1.003370	4.290161	
2359	1.003819	0.003236	-20.269043	-0.003236	1.003819	3.222717	
2360	1.003103	0.003292	-19.583374	-0.003292	1.003103	3.631927	
2361	1.003725	0.003392	-20.119507	-0.003392	1.003725	3.374512	
2362	1.000091	0.003369	-16.793701	-0.003369	1.000091	4.024963	
2363	1.003835	0.003039	-20.045898	-0.003039	1.003835	3.249359	
2364	1.000273	0.003235	-17.015381	-0.003235	1.000273	3.642212	
2365	0.999953	0.003335	-16.399048	-0.003335	0.999953	4.110718	
2366	1.000518	0.003543	-17.204468	-0.003543	1.000518	4.182434	
2367	1.000524	0.003279	-17.435547	-0.003279	1.000524	3.890442	
2368	1.000609	0.003278	-17.234985	-0.003278	1.000609	3.826141	
2369	1.000568	0.003325	-17.567383	-0.003325	1.000568	3.899445	
2370	1.000924	0.003208	-17.720093	-0.003208	1.000924	3.622528	
2371	1.000007	0.003369	-16.603027	-0.003369	1.000007	4.378693	
2372	1.000140	0.003339	-16.786865	-0.003339	1.000140	3.986206	
2373	1.001496	0.003218	-18.344299	-0.003218	1.001496	3.606995	
2374	1.000926	0.003061	-17.733643	-0.003061	1.000926	3.658600	
2375	1.001247	0.003271	-18.290283	-0.003271	1.001247	3.726410	
2376	1.001013	0.003142	-17.839478	-0.003142	1.001013	3.642181	
2377	1.001342	0.003325	-18.563477	-0.003325	1.001342	3.870270	
2378	1.000916	0.003286	-17.858521	-0.003286	1.000916	3.810333	
2379	1.000952	0.003173	-17.883057	-0.003173	1.000952	3.630524	
2380	1.001403	0.003159	-18.402832	-0.003159	1.001403	3.545624	
2381	1.001459	0.003336	-18.457825	-0.003336	1.001459	3.801117	
2382	1.001722	0.003317	-18.909424	-0.003317	1.001722	3.540344	
2383	1.001249	0.003433	-18.438354	-0.003433	1.001249	3.890686	
2384	1.001494	0.003317	-18.467163	-0.003317	1.001494	3.624023	
2385	1.001882	0.003458	-19.193237	-0.003458	1.001882	3.838379	
2386	1.002056	0.003352	-19.351196	-0.003352	1.002056	3.446503	
2387	1.001355	0.003358	-18.346069	-0.003358	1.001355	3.848236	
2388	1.002219	0.003422	-19.489136	-0.003422	1.002219	3.758545	
2389	1.001393	0.003333	-18.573608	-0.003333	1.001393	3.732819	
2390	1.001658	0.003347	-18.784058	-0.003347	1.001658	3.848358	
2391	1.002151	0.003508	-19.488647	-0.003508	1.002151	3.765717	
2392	1.001727	0.003413	-18.937805	-0.003413	1.001727	4.065430	
2393	1.002263	0.003324	-19.560669	-0.003324	1.002263	3.638397	
2394	1.001160	0.003463	-18.553589	-0.003463	1.001160	4.391113	
2395	1.001354	0.003342	-18.593506	-0.003342	1.001354	3.917816	
2396	1.001426	0.003317	-19.089294	-0.003317	1.001426	3.918701	
2397	1.001623	0.003401	-19.260376	-0.003401	1.001623	4.139771	
2398	1.002580	0.003362	-19.941650	-0.003362	1.002580	3.681519	
2399	1.002347	0.003218	-19.700195	-0.003218	1.002347	3.784698	
2400	1.002185	0.003378	-19.661011	-0.003378	1.002185	3.850464	
2401	1.002633	0.003297	-20.011719	-0.003297	1.002633	3.740814	
2402	1.002501	0.003315	-20.014404	-0.003315	1.002501	3.743011	
2403	1.002064	0.003313	-19.689819	-0.003313	1.002064	3.758270	
2404	1.001833	0.003460	-19.691772	-0.003460	1.001833	3.926392	
2405	1.002266	0.003310	-19.781372	-0.003310	1.002266	3.766785	
2406	1.002375	0.003385	-20.223816	-0.003385	1.002375	3.747589	
2407	1.002627	0.003287	-20.069946	-0.003287	1.002627	3.646973	
2408	1.002028	0.003668	-20.125244	-0.003668	1.002028	4.100739	
2409	1.003162	0.003406	-20.687439	-0.003406	1.003162	3.510529	
2410	1.002282	0.003459	-20.136414	-0.003459	1.002282	3.924622	
2411	1.002898	0.003336	-20.389160	-0.003336	1.002898	3.475525	
2412	1.002574	0.003427	-20.542725	-0.003427	1.002574	3.690735	
2413	1.002947	0.003425	-20.615234	-0.003425	1.002947	3.623383	
2414	1.003166	0.003259	-20.777222	-0.003259	1.003166	3.442322	
2415	1.003034	0.003405	-20.847107	-0.003405	1.003034	3.626343	
2416	1.002863	0.003844	-21.084473	-0.003844	1.002863	4.005524	
2417	1.002604	0.003636	-20.826965	-0.003636	1.002604	3.757233	
2418	1.000320	0.003345	-17.764404	-0.003345	1.000320	4.237518	
2419	1.001057	0.003341	-18.890625	-0.003341	1.001057	3.866913	
2420	1.002107	0.003499	-20.035645	-0.003499	1.002107	3.893463	
2421	1.001074	0.003226	-18.647827	-0.003226	1.001074	3.714233	
2422	1.001603	0.003700	-19.891602	-0.003700	1.001603	4.189484	
2423	1.000874	0.003318	-18.469727	-0.003318	1.000874	4.021606	
2424	1.000478	0.003084	-17.987061	-0.003084	1.000478	3.690216	
2425	1.000643	0.003122	-18.015259	-0.003122	1.000643	3.554657	
2426	1.000503	0.003134	-17.946289	-0.003134	1.000503	3.825378	
2427	1.000961	0.003505	-19.076416	-0.003505	1.000961	4.162323	
2428	1.000519	0.003064	-17.943359	-0.003064	1.000519	3.590729	
2429	1.000621	0.002992	-18.129272	-0.002992	1.000621	3.563141	
2430	1.000362	0.003021	-17.758301	-0.003021	1.000362	3.647247	
2431	1.000565	0.003103	-18.025513	-0.003103	1.000565	3.649139	
2432	1.000866	0.003139	-18.547485	-0.003139	1.000866	3.563568	
2433	1.000334	0.003172	-17.861816	-0.003172	1.000334	3.979370	
2434	1.000697	0.003090	-18.137695	-0.003090	1.000697	3.415436	
2435	1.000847	0.003163	-18.685059	-0.003163	1.000847	3.237579	
2436	1.000775	0.003050	-18.323242	-0.003050	1.000775	3.350739	
2437	1.000765	0.003330	-18.452026	-0.003330	1.000765	3.795990	
2438	1.000539	0.002801	-17.898804	-0.002801	1.000539	2.955627	
2439	1.000957	0.003185	-18.513184	-0.003185	1.000957	3.255280	
2440	1.001036	0.003046	-18.732544	-0.003046	1.001036	3.293365	
2441	0.999874	0.002629	-16.514526	-0.002629	0.999874	3.007446	
2442	1.001448	0.003242	-19.405762	-0.003242	1.001448	3.380585	
2443	1.000970	0.003280	-18.963623	-0.003280	1.000970	3.537720	
2444	1.001159	0.003313	-18.855713	-0.003313	1.001159	3.777618	
2445	1.001609	0.003351	-19.644287	-0.003351	1.001609	3.587036	
2446	1.000431	0.002721	-17.440186	-0.002721	1.000431	2.943237	
2447	1.001642	0.003516	-19.692139	-0.003516	1.001642	3.724182	
2448	1.001343	0.003346	-19.596558	-0.003346	1.001343	3.366272	
2449	1.000508	0.002465	-17.244507	-0.002465	1.000508	2.840820	
2450	1.001878	0.003525	-20.005005	-0.003525	1.001878	3.542480	
2451	1.001074	0.003336	-19.370361	-0.003336	1.001074	3.862305	
2452	1.001268	0.003382	-19.234131	-0.003382	1.001268	3.834534	
2453	1.000551	0.002313	-17.215088	-0.002313	1.000551	2.483521	
2454	1.000709	0.003212	-18.024536	-0.003212	1.000709	3.890503	
2455	1.001046	0.002828	-18.272461	-0.002828	1.001046	2.960449	
2456	1.001346	0.003372	-19.087036	-0.003372	1.001346	3.683899	
2457	1.001902	0.003608	-20.135254	-0.003608	1.001902	3.699524	
2458	1.000030	0.002869	-16.679810	-0.002869	1.000030	3.371582	
2459	1.001723	0.003735	-20.327393	-0.003735	1.001723	3.862488	
2460	1.000747	0.002990	-17.710571	-0.002990	1.000747	3.367493	
2461	1.000215	0.003094	-17.258301	-0.003094	1.000215	3.685547	
2462	1.000691	0.003221	-17.547852	-0.003221	1.000691	3.517822	
2463	1.001495	0.002580	-18.504761	-0.002580	1.001495	2.405273	
2464	1.000964	0.003716	-19.043213	-0.003716	1.000964	4.601501	
2465	1.001408	0.002832	-18.482666	-0.002832	1.001408	3.112305	
2466	1.000587	0.002109	-16.877075	-0.002109	1.000587	2.383484	
2467	1.000891	0.002894	-17.872925	-0.002894	1.000891	3.563049	
2468	1.000923	0.003019	-17.815552	-0.003019	1.000923	3.413330	
2469	1.000898	0.002694	-17.564453	-0.002694	1.000898	3.352844	
2470	1.000817	0.002711	-17.172974	-0.002711	1.000817	3.384155	
2471	1.001391	0.002219	-17.641479	-0.002219	1.001391	2.539917	
2472	1.000926	0.002659	-17.283081	-0.002659	1.000926	3.190247	
2473	1.001694	0.002552	-18.029053	-0.002552	1.001694	2.628174	
2474	1.001263	0.003024	-17.984253	-0.003024	1.001263	3.410095	
2475	1.001476	0.002386	-17.588989	-0.002386	1.001476	2.656189	
2476	1.001559	0.003593	-18.911377	-0.003593	1.001559	3.972595	
2477	1.001207	0.002753	-17.458374	-0.002753	1.001207	3.216187	
2478	1.001911	0.003619	-19.148560	-0.003619	1.001911	4.111511	
2479	1.001458	0.002835	-17.871704	-0.002835	1.001458	3.444275	
2480	1.001665	0.002317	-17.325928	-0.002317	1.001665	2.749939	
2481	1.001586	0.002849	-17.492310	-0.002849	1.001586	3.519165	
2482	1.001203	0.001354	-15.353394	-0.001354	1.001203	1.696503	
2483	1.001834	0.001732	-15.515503	-0.001732	1.001834	2.167847	
2484	1.002070	0.002111	-15.616821	-0.002111	1.002070	2.612671	
2485	1.001847	0.001434	-14.116943	-0.001434	1.001847	2.066711	
2486	1.001939	0.001125	-13.194092	-0.001125	1.001939	2.305481	
2487	1.001982	0.000889	-12.428345	-0.000889	1.001982	1.982666	
2488	1.002273	0.001262	-13.177856	-0.001262	1.002273	2.227173	
2489	1.001897	0.000605	-11.436401	-0.000605	1.001897	1.450378	
2490	1.001907	0.000152	-10.661987	-0.000152	1.001907	0.889679	
2491	1.002203	0.000003	-10.590698	-0.000003	1.002203	0.786865	
2492	1.001597	0.000022	-9.630737	-0.000022	1.001597	0.742340	
2493	1.001818	0.000059	-9.401123	-0.000059	1.001818	0.950256	
2494	1.001668	-0.000217	-8.607300	0.000217	1.001668	0.789185	
2495	1.001767	-0.000332	-8.288940	0.000332	1.001767	0.427246	
2496	1.001164	-0.000491	-6.852905	0.000491	1.001164	0.342529	
2497	1.001896	-0.000082	-7.898315	0.000082	1.001896	0.792114	
2498	1.001397	-0.000294	-6.773682	0.000294	1.001397	0.652161	
2499	1.001704	-0.000955	-6.166443	0.000955	1.001704	-0.272766	
2500	1.001663	-0.000646	-6.364014	0.000646	1.001663	0.110168	
2501	1.001158	-0.000586	-5.835327	0.000586	1.001158	0.359863	
2502	1.001346	-0.000356	-6.049683	0.000356	1.001346	0.380615	
2503	1.000706	-0.000874	-4.943726	0.000874	1.000706	0.447632	
2504	1.000634	-0.000480	-4.830444	0.000480	1.000634	0.608215	
2505	1.001183	-0.000628	-5.225342	0.000628	1.001183	0.160736	
2506	1.000854	-0.000298	-4.906006	0.000298	1.000854	0.710999	
2507	1.000824	-0.000562	-4.573608	0.000562	1.000824	0.231537	
2508	1.000718	-0.000478	-4.490723	0.000478	1.000718	0.303009	
2509	1.000324	-0.000371	-3.924438	0.000371	1.000324	0.810730	
2510	1.000713	-0.000321	-4.157349	0.000321	1.000713	0.376099	
2511	1.000491	-0.000444	-3.816528	0.000444	1.000491	0.232086	
2512	1.000328	-0.000472	-3.818237	0.000472	1.000328	0.457336	
2513	1.000339	-0.000401	-3.526489	0.000401	1.000339	0.223206	
2514	1.000129	-0.000284	-3.372437	0.000284	1.000129	0.516968	
2515	1.000079	-0.000487	-3.092285	0.000487	1.000079	0.146667	
2516	1.000197	-0.000343	-3.505737	0.000343	1.000197	0.132172	
2517	1.000142	-0.000346	-3.145020	0.000346	1.000142	0.145386	
2518	1.000029	-0.000385	-3.046021	0.000385	1.000029	0.223480	
2519	0.999995	-0.000316	-3.055786	0.000316	0.999995	0.021057	
2520	0.999898	-0.000347	-2.944336	0.000347	0.999898	0.149567	
2521	0.999905	-0.000344	-2.847290	0.000344	0.999905	-0.049866	
2522	0.999932	-0.000294	-2.809937	0.000294	0.999932	-0.132355	
2523	0.999737	-0.000307	-2.606323	0.000307	0.999737	0.052795	
2524	0.999633	-0.000262	-2.338013	0.000262	0.999633	-0.008484	
2525	0.999782	-0.000304	-2.540161	0.000304	0.999782	-0.315216	
2526	0.999544	-0.000218	-2.258179	0.000218	0.999544	-0.147614	
2527	0.999637	-0.000374	-2.157227	0.000374	0.999637	-0.258575	
2528	0.999472	-0.000221	-2.053589	0.000221	0.999472	-0.322540	
2529	0.999533	-0.000186	-2.008423	0.000186	0.999533	-0.320312	
2530	0.999553	-0.000276	-2.063110	0.000276	0.999553	-0.637268	
2531	0.999345	-0.000211	-1.834839	0.000211	0.999345	-0.416107	
2532	0.999425	-0.000221	-1.851685	0.000221	0.999425	-0.483307	
2533	0.999385	-0.000223	-1.688354	0.000223	0.999385	-0.557983	
2534	0.999245	-0.000213	-1.634155	0.000213	0.999245	-0.698364	
2535	0.999345	-0.000126	-1.764771	0.000126	0.999345	-0.572479	
2536	0.999331	-0.000174	-1.465942	0.000174	0.999331	-0.613708	
2537	0.999201	-0.000204	-1.434326	0.000204	0.999201	-0.734222	
2538	0.999113	-0.000092	-1.374512	0.000092	0.999113	-0.519165	
2539	0.999192	-0.000164	-1.230225	0.000164	0.999192	-0.800415	
2540	0.999078	-0.000130	-1.067627	0.000130	0.999078	-0.644440	
2541	0.999076	-0.000066	-1.153687	0.000066	0.999076	-0.707550	
2542	0.999026	-0.000155	-0.890503	0.000155	0.999026	-0.993683	
2543	0.998926	-0.000028	-0.898438	0.000028	0.998926	-0.590515	
2544	0.998985	-0.000142	-0.736816	0.000142	0.998985	-0.912537	
2545	0.998797	-0.000032	-0.684082	0.000032	0.998797	-0.823730	
2546	0.998757	-0.000063	-0.486694	0.000063	0.998757	-0.765472	
2547	0.998768	-0.000002	-0.410889	0.000002	0.998768	-0.862366	
2548	0.998683	0.000067	-0.374268	-0.000067	0.998683	-0.889679	
2549	0.998846	-0.000009	-0.447021	0.000009	0.998846	-0.916412	
2550	0.998709	0.000047	-0.259399	-0.000047	0.998709	-1.046631	
2551	0.998562	0.000029	-0.115601	-0.000029	0.998562	-0.929230	
2552	0.998534	0.000152	-0.142944	-0.000152	0.998534	-0.826080	
2553	0.998595	0.000029	-0.071777	-0.000029	0.998595	-1.120789	
2554	0.998537	0.000076	-0.007568	-0.000076	0.998537	-1.150177	
2555	0.998530	0.000157	0.062866	-0.000157	0.998530	-1.009521	
2556	0.998397	0.000142	0.125000	-0.000142	0.998397	-1.106049	
2557	0.998471	0.000028	0.269653	-0.000028	0.998471	-1.183289	
2558	0.998479	0.000128	0.171997	-0.000128	0.998479	-1.201782	
2559	0.998504	0.000182	0.244629	-0.000182	0.998504	-1.248260	
2560	0.998327	0.000219	0.294067	-0.000219	0.998327	-1.157532	
2561	0.998349	0.000067	0.557373	-0.000067	0.998349	-1.370544	
2562	0.998253	0.000266	0.522705	-0.000266	0.998253	-1.082672	
2563	0.998453	0.000173	0.394775	-0.000173	0.998453	-1.391205	
2564	0.998263	0.000169	0.606934	-0.000169	0.998263	-1.449982	
2565	0.998247	0.000211	0.616211	-0.000211	0.998247	-1.328888	
2566	0.998266	0.000229	0.693970	-0.000229	0.998266	-1.384521	
2567	0.998361	0.000187	0.658203	-0.000187	0.998361	-1.520996	
2568	0.998223	0.000001	0.949341	-0.000001	0.998223	-1.625092	
2569	0.998160	0.000300	0.845947	-0.000300	0.998160	-1.570709	
2570	0.998226	0.000102	0.970459	-0.000102	0.998226	-1.616730	
2571	0.998147	0.000163	1.084839	-0.000163	0.998147	-1.707672	
2572	0.998037	0.000306	1.223145	-0.000306	0.998037	-1.559937	
2573	0.998035	0.000238	1.285278	-0.000238	0.998035	-1.619995	
2574	0.998180	0.000161	1.251221	-0.000161	0.998180	-1.756104	
2575	0.997973	0.000167	1.477905	-0.000167	0.997973	-1.710510	
2576	0.997976	0.000311	1.395386	-0.000311	0.997976	-1.681885	
2577	0.998078	0.000007	1.695374	-0.000007	0.998078	-2.046692	
2578	0.998068	0.000174	1.654236	-0.000174	0.998068	-1.959229	
2579	0.997951	0.000027	2.009644	-0.000027	0.997951	-2.069855	
2580	0.997882	0.000150	2.112122	-0.000150	0.997882	-1.809479	
2581	0.998020	0.000105	2.080566	-0.000105	0.998020	-2.060150	
2582	0.997846	-0.000016	2.476868	0.000016	0.997846	-2.100800	
2583	0.997943	0.000252	2.055176	-0.000252	0.997943	-1.975433	
2584	0.997864	-0.000034	2.555054	0.000034	0.997864	-2.479431	
2585	0.997836	0.000211	2.460144	-0.000211	0.997836	-2.003632	
2586	0.998018	-0.000112	2.627686	0.000112	0.998018	-2.607452	
2587	0.997652	0.000236	2.714478	-0.000236	0.997652	-2.144012	
2588	0.997953	-0.000028	2.748901	0.000028	0.997953	-2.775391	
2589	0.997803	0.000056	2.820007	-0.000056	0.997803	-2.653534	
2590	0.997897	-0.000027	2.975220	0.000027	0.997897	-2.825439	
2591	0.997841	-0.000131	2.956665	0.000131	0.997841	-2.991852	
2592	0.997817	-0.000169	3.194702	0.000169	0.997817	-2.879547	
2593	0.997876	-0.000071	3.131836	0.000071	0.997876	-2.947876	
2594	0.997799	-0.000020	3.108032	0.000020	0.997799	-2.942352	
2595	0.997807	-0.000032	3.254517	0.000032	0.997807	-2.994202	
2596	0.997891	-0.000041	3.236328	0.000041	0.997891	-3.084595	
2597	0.997649	0.000046	3.391113	-0.000046	0.997649	-2.896942	
2598	0.997651	0.000063	3.433044	-0.000063	0.997651	-2.984009	
2599	0.997785	-0.000104	3.391724	0.000104	0.997785	-3.180969	
2600	0.997858	-0.000176	3.498047	0.000176	0.997858	-3.182617	
2601	0.997776	-0.000243	3.584045	0.000243	0.997776	-3.351807	
2602	0.997644	0.000029	3.590027	-0.000029	0.997644	-3.060028	
2603	0.997534	-0.000071	3.856384	0.000071	0.997534	-3.323944	
2604	0.997712	-0.000432	3.841553	0.000432	0.997712	-3.582489	
2605	0.997762	-0.000190	3.816162	0.000190	0.997762	-3.427216	
2606	0.997879	-0.000211	3.847778	0.000211	0.997879	-3.610840	
2607	0.996934	-0.000344	4.810547	0.000344	0.996934	-3.304077	
2608	0.997485	-0.000093	4.376892	0.000093	0.997485	-3.221375	
2609	0.997424	-0.000054	4.715210	0.000054	0.997424	-3.347351	
2610	0.997764	-0.000448	4.777588	0.000448	0.997764	-3.681213	
2611	0.997736	-0.000566	5.066162	0.000566	0.997736	-3.722931	
2612	0.997472	-0.000811	5.585083	0.000811	0.997472	-4.053009	
2613	0.997556	-0.000500	5.565796	0.000500	0.997556	-3.866791	
2614	0.997332	-0.000620	6.013550	0.000620	0.997332	-3.921753	
2615	0.997457	-0.000921	6.335449	0.000921	0.997457	-4.184021	
2616	0.996870	-0.001333	7.219421	0.001333	0.996870	-4.525024	
2617	0.997211	-0.000861	6.753723	0.000861	0.997211	-4.208557	
2618	0.997113	-0.001349	7.322815	0.001349	0.997113	-4.562866	
2619	0.997524	-0.001634	7.319824	0.001634	0.997524	-5.357727	
2620	0.997774	-0.001071	6.665405	0.001071	0.997774	-4.634155	
2621	0.997180	-0.001458	7.526917	0.001458	0.997180	-4.795929	
2622	0.997158	-0.001339	7.411011	0.001339	0.997158	-4.775787	
2623	0.997198	-0.001603	7.531128	0.001603	0.997198	-4.884247	
2624	0.997485	-0.001386	7.319946	0.001386	0.997485	-4.911407	
2625	0.996966	-0.001407	7.831177	0.001407	0.996966	-4.674500	
2626	0.997042	-0.001559	7.863464	0.001559	0.997042	-4.944336	
2627	0.996445	-0.001574	8.253540	0.001574	0.996445	-4.531555	
2628	0.996991	-0.001602	7.899597	0.001602	0.996991	-5.148499	
2629	0.997051	-0.001530	7.836609	0.001530	0.997051	-5.090576	
2630	0.997072	-0.001508	7.823059	0.001508	0.997072	-5.182129	
2631	0.997396	-0.001561	7.455078	0.001561	0.997396	-5.428894	
2632	0.996922	-0.001584	7.970947	0.001584	0.996922	-5.152954	
2633	0.996812	-0.001892	8.154968	0.001892	0.996812	-5.309448	
2634	0.997492	-0.001361	7.433350	0.001361	0.997492	-5.224121	
2635	0.997133	-0.001491	7.609070	0.001491	0.997133	-4.932922	
2636	0.997473	-0.001533	7.351929	0.001533	0.997473	-5.266663	
2637	0.997317	-0.001129	7.315918	0.001129	0.997317	-4.766113	
2638	0.998165	-0.001508	6.548706	0.001508	0.998165	-5.833862	
2639	0.997178	-0.001183	7.500854	0.001183	0.997178	-4.747528	
2640	0.996952	-0.001543	7.700256	0.001543	0.996952	-5.112793	
2641	0.997177	-0.001441	7.479736	0.001441	0.997177	-5.070953	
2642	0.996840	-0.001760	7.910339	0.001760	0.996840	-5.128906	
2643	0.996788	-0.001725	7.887634	0.001725	0.996788	-5.004028	
2644	0.997117	-0.001849	7.710327	0.001849	0.997117	-5.443787	
2645	0.996689	-0.001883	8.085510	0.001883	0.996689	-5.102783	
2646	0.997434	-0.001346	7.352295	0.001346	0.997434	-4.957550	
2647	0.997092	-0.001742	8.066833	0.001742	0.997092	-5.214417	
2648	0.996476	-0.002140	9.209656	0.002140	0.996476	-5.432068	
2649	0.997325	-0.002303	8.997437	0.002303	0.997325	-6.251465	
2650	0.996666	-0.002302	10.176025	0.002302	0.996666	-5.558899	
2651	0.996871	-0.002457	10.667297	0.002457	0.996871	-5.836548	
2652	0.997200	-0.003449	12.053223	0.003449	0.997200	-7.190552	
2653	0.996441	-0.003317	13.532227	0.003317	0.996441	-6.649170	
2654	0.997063	-0.004067	14.455933	0.004067	0.997063	-7.518188	
2655	0.996511	-0.004407	16.110413	0.004407	0.996511	-7.745850	
2656	0.996885	-0.004765	16.706787	0.004765	0.996885	-8.114197	
2657	0.996607	-0.004873	17.714722	0.004873	0.996607	-8.029175	
2658	0.996610	-0.004812	18.435181	0.004812	0.996610	-7.688354	
2659	0.997206	-0.005303	18.861938	0.005303	0.997206	-8.716736	
2660	0.997051	-0.006669	20.618042	0.006669	0.997051	-10.321716	
2661	0.996098	-0.005912	21.265076	0.005912	0.996098	-8.487976	
2662	0.997393	-0.006971	21.090210	0.006971	0.997393	-11.082764	
2663	0.997427	-0.006826	21.105347	0.006826	0.997427	-10.576294	
2664	0.996971	-0.006216	21.124146	0.006216	0.996971	-9.444702	
2665	0.996226	-0.006324	22.338257	0.006324	0.996226	-9.260132	
2666	0.997902	-0.007015	20.919189	0.007015	0.997902	-11.003723	
2667	0.996798	-0.006978	22.286011	0.006978	0.996798	-10.226807	
2668	0.996204	-0.006449	22.459229	0.006449	0.996204	-8.999573	
2669	0.997486	-0.007273	21.792847	0.007273	0.997486	-10.772766	
2670	0.997601	-0.007361	21.627930	0.007361	0.997601	-10.865479	
2671	0.997190	-0.007931	22.604248	0.007931	0.997190	-11.102234	
2672	0.998817	-0.007341	20.218018	0.007341	0.998817	-11.343567	
2673	0.997695	-0.007501	21.578125	0.007501	0.997695	-10.886719	
2674	0.998074	-0.007333	21.254883	0.007333	0.998074	-10.990234	
2675	0.998477	-0.007134	20.463989	0.007134	0.998477	-11.017700	
2676	0.998954	-0.007491	20.297852	0.007491	0.998954	-11.795776	
2677	0.998331	-0.007714	21.375854	0.007714	0.998331	-11.868896	
2678	0.997165	-0.007114	22.057495	0.007114	0.997165	-10.229553	
2679	0.998109	-0.007766	21.570679	0.007766	0.998109	-11.777222	
2680	0.999967	-0.007002	18.564819	0.007002	0.999967	-11.366638	
2681	0.998374	-0.007889	21.259277	0.007889	0.998374	-12.198303	
2682	1.000847	-0.006621	17.339355	0.006621	1.000847	-11.198425	
2683	0.997611	-0.006665	21.052612	0.006665	0.997611	-9.828003	
2684	0.998254	-0.008146	22.099487	0.008146	0.998254	-12.446777	
2685	0.998163	-0.008098	21.872192	0.008098	0.998163	-12.033264	
2686	0.999827	-0.008134	19.825928	0.008134	0.999827	-13.370850	
2687	0.996979	-0.007701	23.136108	0.007701	0.996979	-10.931824	
2688	0.998627	-0.007375	20.953979	0.007375	0.998627	-11.380249	
2689	1.000001	-0.007759	19.192017	0.007759	1.000001	-13.032715	
2690	0.996951	-0.007614	23.528931	0.007614	0.996951	-10.759216	
2691	1.000228	-0.008003	19.284546	0.008003	1.000228	-13.580444	
2692	0.999516	-0.008391	20.487915	0.008391	0.999516	-13.755188	
2693	0.997582	-0.007712	22.673584	0.007712	0.997582	-11.365845	
2694	0.999635	-0.008346	20.386963	0.008346	0.999635	-13.838440	
2695	0.996866	-0.007839	23.484863	0.007839	0.996866	-11.015442	
2696	0.997024	-0.007697	23.505981	0.007697	0.997024	-10.946045	
2697	0.997801	-0.007685	22.990723	0.007685	0.997801	-11.430176	
2698	0.996356	-0.007682	24.116089	0.007682	0.996356	-10.420959	
2699	0.997308	-0.007736	23.373291	0.007736	0.997308	-11.138184	
2700	0.995663	-0.007363	23.707581	0.007363	0.995663	-9.383728	
2701	0.997554	-0.007817	22.918335	0.007817	0.997554	-11.611450	
2702	0.996783	-0.007562	23.125793	0.007562	0.996783	-10.621765	
2703	0.997211	-0.007511	23.559204	0.007511	0.997211	-10.850464	
2704	0.996948	-0.007373	22.824280	0.007373	0.996948	-10.418152	
2705	0.997374	-0.007276	22.289307	0.007276	0.997374	-10.665710	
2706	0.997733	-0.007214	22.128540	0.007214	0.997733	-10.728027	
2707	0.997601	-0.007082	21.845581	0.007082	0.997601	-10.794739	
2708	0.998097	-0.007019	20.449463	0.007019	0.998097	-10.943909	
2709	0.996595	-0.006455	20.872009	0.006455	0.996595	-9.311340	
2710	0.996049	-0.006751	21.281006	0.006751	0.996049	-9.187683	
2711	0.994724	-0.005799	20.551361	0.005799	0.994724	-7.184937	
2712	0.997119	-0.006424	19.683838	0.006424	0.997119	-9.713562	
2713	0.998142	-0.006274	18.738647	0.006274	0.998142	-10.458496	
2714	0.996813	-0.006073	19.281494	0.006073	0.996813	-9.176819	
2715	0.998145	-0.006187	18.281128	0.006187	0.998145	-10.160278	
2716	0.996083	-0.005499	18.903320	0.005499	0.996083	-7.874634	
2717	0.993956	-0.005387	19.782196	0.005387	0.993956	-6.362244	
2718	0.997181	-0.005855	18.629211	0.005855	0.997181	-9.099304	
2719	0.996872	-0.005724	18.736267	0.005724	0.996872	-8.837158	
2720	0.994303	-0.005229	19.507812	0.005229	0.994303	-6.389221	
2721	0.996274	-0.005730	19.046265	0.005730	0.996274	-8.427368	
2722	0.996820	-0.005720	18.859741	0.005720	0.996820	-8.693237	
2723	0.995275	-0.005277	19.093872	0.005277	0.995275	-7.233093	
2724	0.994329	-0.005197	19.506195	0.005197	0.994329	-6.374512	
2725	0.994839	-0.005291	19.153259	0.005291	0.994839	-6.746399	
2726	0.995858	-0.004804	17.436035	0.004804	0.995858	-7.005676	
2727	0.994817	-0.004446	16.918701	0.004446	0.994817	-5.986816	
2728	0.995097	-0.003746	14.845764	0.003746	0.995097	-5.518311	
2729	0.996464	-0.003325	12.849487	0.003325	0.996464	-6.210815	
2730	0.997493	-0.002803	10.682068	0.002803	0.997493	-6.135864	
2731	0.997137	-0.002422	9.539795	0.002422	0.997137	-5.815430	
2732	0.997041	-0.002161	8.958130	0.002161	0.997041	-5.275696	
2733	0.997287	-0.002124	8.408752	0.002124	0.997287	-5.909729	
2734	0.997324	-0.001835	7.698975	0.001835	0.997324	-5.129700	
2735	0.997178	-0.001630	7.026794	0.001630	0.997178	-5.004456	
2736	0.997254	-0.001389	6.515625	0.001389	0.997254	-4.786621	
2737	0.997142	-0.001022	5.807495	0.001022	0.997142	-4.333984	
2738	0.997060	-0.000830	5.204651	0.000830	0.997060	-3.758179	
2739	0.997314	-0.000586	4.559692	0.000586	0.997314	-3.529602	
2740	0.997325	-0.000428	3.788635	0.000428	0.997325	-3.176270	
2741	0.997315	-0.000257	3.290833	0.000257	0.997315	-3.058228	
2742	0.997529	0.000013	2.497314	-0.000013	0.997529	-2.694824	
2743	0.997550	-0.000002	2.317200	0.000002	0.997550	-2.547241	
2744	0.997650	0.000034	2.239807	-0.000034	0.997650	-2.717163	
2745	0.997751	0.000015	2.165527	-0.000015	0.997751	-2.520691	
2746	0.997718	0.000116	1.990417	-0.000116	0.997718	-2.584656	
2747	0.997794	0.000006	2.225403	-0.000006	0.997794	-2.299744	
2748	0.997924	-0.000031	2.131409	0.000031	0.997924	-2.263977	
2749	0.997949	0.000099	1.873352	-0.000099	0.997949	-1.958923	
2750	0.997840	-0.000076	2.041870	0.000076	0.997840	-2.262024	
2751	0.998100	0.000114	1.721069	-0.000114	0.998100	-2.051392	
