0	1.000000	0.000000	0.000000	0.000000	1.000000	0.000000	
1	1.000045	0.000083	0.004639	-0.000083	1.000045	-0.163208	
2	0.999956	0.000213	0.248901	-0.000213	0.999956	-0.214203	
3	1.000056	0.000202	0.204102	-0.000202	1.000056	-0.363068	
4	1.000032	0.000149	0.199463	-0.000149	1.000032	-0.277710	
5	1.000001	0.000159	0.302734	-0.000159	1.000001	-0.323151	
6	1.000097	0.000183	0.144409	-0.000183	1.000097	-0.290375	
7	0.999994	0.000170	0.170166	-0.000170	0.999994	-0.202850	
8	1.000009	0.000269	0.156982	-0.000269	1.000009	-0.206726	
9	1.000060	0.000182	0.120239	-0.000182	1.000060	-0.200958	
10	1.000017	0.000243	0.182251	-0.000243	1.000017	-0.136383	
11	1.000025	0.000096	0.223267	-0.000096	1.000025	-0.226135	
12	1.000037	0.000181	0.245361	-0.000181	1.000037	-0.202789	
13	1.000041	0.000165	0.158081	-0.000165	1.000041	-0.199463	
14	0.999996	0.000254	0.232422	-0.000254	0.999996	-0.175629	
15	1.000067	0.000181	0.072510	-0.000181	1.000067	-0.227173	
16	0.999965	0.000220	0.242676	-0.000220	0.999965	-0.213196	
17	1.000062	0.000154	0.107056	-0.000154	1.000062	-0.270142	
18	0.999994	0.000108	0.258545	-0.000108	0.999994	-0.247040	
19	1.000050	0.000229	0.075562	-0.000229	1.000050	-0.101074	
20	1.000009	0.000191	0.293823	-0.000191	1.000009	-0.290894	
21	1.000015	0.000242	0.072876	-0.000242	1.000015	-0.133636	
22	0.999990	0.000193	0.236450	-0.000193	0.999990	-0.225952	
23	1.000031	0.000190	0.017090	-0.000190	1.000031	-0.123688	
24	1.000014	0.000197	0.248169	-0.000197	1.000014	-0.253296	
25	1.000034	0.000240	0.085449	-0.000240	1.000034	-0.100586	
26	1.000011	0.000151	0.336426	-0.000151	1.000011	-0.379456	
27	1.000045	0.000240	0.036377	-0.000240	1.000045	-0.129761	
28	1.000005	0.000168	0.279053	-0.000168	1.000005	-0.320587	
29	1.000040	0.000080	0.065430	-0.000080	1.000040	-0.281281	
30	0.999995	0.000063	0.168701	-0.000063	0.999995	-0.244629	
31	0.999997	0.000051	0.032349	-0.000051	0.999997	-0.150635	
32	1.000005	0.000025	0.115112	-0.000025	1.000005	-0.337891	
33	0.999992	0.000090	0.023438	-0.000090	0.999992	-0.230286	
34	0.999993	0.000026	0.149536	-0.000026	0.999993	-0.398468	
35	1.000006	0.000025	0.065186	-0.000025	1.000006	-0.356232	
36	1.000002	-0.000026	0.201904	0.000026	1.000002	-0.441437	
37	0.999979	-0.000037	0.167114	0.000037	0.999979	-0.336029	
38	1.000069	-0.000007	0.207886	0.000007	1.000069	-0.393707	
39	0.999996	-0.000156	0.354492	0.000156	0.999996	-0.438568	
40	1.000024	-0.000091	0.336060	0.000091	1.000024	-0.435608	
41	1.000031	-0.000209	0.419067	0.000209	1.000031	-0.539459	
42	1.000021	-0.000207	0.504395	0.000207	1.000021	-0.525635	
43	1.000048	-0.000272	0.474854	0.000272	1.000048	-0.580688	
44	1.000001	-0.000370	0.706055	0.000370	1.000001	-0.704315	
45	1.000068	-0.000272	0.558228	0.000272	1.000068	-0.554108	
46	1.000057	-0.000427	0.816895	0.000427	1.000057	-0.745148	
47	1.000052	-0.000430	0.796143	0.000430	1.000052	-0.723267	
48	1.000172	-0.000410	0.997681	0.000410	1.000172	-0.728180	
49	1.000108	-0.000527	1.026245	0.000527	1.000108	-0.759460	
50	1.000142	-0.000665	1.099854	0.000665	1.000142	-0.931091	
51	1.000083	-0.000737	1.342651	0.000737	1.000083	-0.984894	
52	1.000150	-0.000872	1.420654	0.000872	1.000150	-1.157410	
53	1.000139	-0.001037	1.720215	0.001037	1.000139	-1.387054	
54	1.000138	-0.001173	1.894409	0.001173	1.000138	-1.540436	
55	1.000194	-0.001170	1.909058	0.001170	1.000194	-1.514954	
56	1.000114	-0.001248	2.098511	0.001248	1.000114	-1.647308	
57	1.000201	-0.001047	1.786011	0.001047	1.000201	-1.338135	
58	1.000086	-0.001155	1.976074	0.001155	1.000086	-1.478302	
59	1.000176	-0.000943	1.621216	0.000943	1.000176	-1.252289	
60	1.000206	-0.001025	1.646362	0.001025	1.000206	-1.326782	
61	1.000104	-0.000831	1.534546	0.000831	1.000104	-1.060394	
62	1.000157	-0.000899	1.443970	0.000899	1.000157	-1.210480	
63	1.000098	-0.000796	1.444946	0.000796	1.000098	-1.171387	
64	1.000155	-0.000780	1.274414	0.000780	1.000155	-1.181915	
65	1.000136	-0.000763	1.313721	0.000763	1.000136	-1.185944	
66	1.000185	-0.000724	1.135620	0.000724	1.000185	-1.131775	
67	1.000098	-0.000662	1.228149	0.000662	1.000098	-0.946747	
68	1.000202	-0.000633	1.028320	0.000633	1.000202	-0.901886	
69	1.000118	-0.000594	1.078491	0.000594	1.000118	-0.793640	
70	1.000137	-0.000603	1.011475	0.000603	1.000137	-0.793610	
71	1.000123	-0.000526	0.984497	0.000526	1.000123	-0.753937	
72	1.000160	-0.000560	0.927002	0.000560	1.000160	-0.777344	
73	1.000139	-0.000521	0.929565	0.000521	1.000139	-0.691376	
74	1.000145	-0.000547	0.929932	0.000547	1.000145	-0.687286	
75	1.000154	-0.000490	0.874268	0.000490	1.000154	-0.659515	
76	1.000166	-0.000544	0.864258	0.000544	1.000166	-0.827423	
77	1.000115	-0.000473	0.858276	0.000473	1.000115	-0.631378	
78	1.000199	-0.000533	0.785400	0.000533	1.000199	-0.677521	
79	1.000141	-0.000471	0.801636	0.000471	1.000141	-0.569489	
80	1.000214	-0.000493	0.810547	0.000493	1.000214	-0.562347	
81	1.000194	-0.000480	0.807373	0.000480	1.000194	-0.506073	
82	1.000179	-0.000566	0.865967	0.000566	1.000179	-0.620300	
83	1.000178	-0.000517	0.819580	0.000517	1.000178	-0.634094	
84	1.000212	-0.000573	0.876221	0.000573	1.000212	-0.659637	
85	1.000224	-0.000556	0.813599	0.000556	1.000224	-0.689331	
86	1.000227	-0.000570	0.848145	0.000570	1.000227	-0.641632	
87	1.000244	-0.000542	0.782349	0.000542	1.000244	-0.586517	
88	1.000188	-0.000567	0.917725	0.000567	1.000188	-0.593445	
89	1.000285	-0.000614	0.783081	0.000614	1.000285	-0.593079	
90	1.000223	-0.000584	0.904419	0.000584	1.000223	-0.529694	
91	1.000254	-0.000522	0.805786	0.000522	1.000254	-0.432037	
92	1.000263	-0.000609	0.831421	0.000609	1.000263	-0.540985	
93	1.000256	-0.000559	0.791870	0.000559	1.000256	-0.449799	
94	1.000278	-0.000563	0.735229	0.000563	1.000278	-0.424316	
95	1.000231	-0.000511	0.733765	0.000511	1.000231	-0.385620	
96	1.000319	-0.000423	0.563110	0.000423	1.000319	-0.248322	
97	1.000278	-0.000436	0.503906	0.000436	1.000278	-0.195923	
98	1.000295	-0.000348	0.141479	0.000348	1.000295	-0.060944	
99	1.000278	-0.000307	0.337036	0.000307	1.000278	0.001648	
100	1.000275	-0.000268	0.378784	0.000268	1.000275	0.092712	
101	1.000265	-0.000227	0.240967	0.000227	1.000265	0.046021	
102	1.000196	-0.000186	0.286621	0.000186	1.000196	-0.018127	
103	1.000165	-0.000115	0.164551	0.000115	1.000165	-0.270508	
104	1.000227	-0.000273	0.335083	0.000273	1.000227	-1.611115	
105	1.000147	-0.000065	0.117676	0.000065	1.000147	-2.601135	
106	1.000251	-0.000098	0.040527	0.000098	1.000251	-3.588013	
107	1.000141	-0.000073	0.157349	0.000073	1.000141	-4.762817	
108	1.000643	0.000135	-0.389343	-0.000135	1.000643	-5.489594	
109	1.000720	-0.000035	-0.451843	0.000035	1.000720	-6.458069	
110	1.000706	0.000247	-0.546265	-0.000247	1.000706	-6.723755	
111	1.000625	0.000041	-0.414917	-0.000041	1.000625	-7.378815	
112	1.000907	0.000114	-0.723816	-0.000114	1.000907	-7.339081	
113	1.001173	0.000182	-0.995483	-0.000182	1.001173	-7.203003	
114	1.001146	0.000219	-0.888245	-0.000219	1.001146	-7.019348	
115	1.000840	0.000203	-0.726990	-0.000203	1.000840	-6.698578	
116	1.000629	-0.000034	-0.518433	0.000034	1.000629	-6.633698	
117	1.000400	-0.000004	-0.357056	0.000004	1.000400	-6.217987	
118	1.000438	-0.000018	-0.341370	0.000018	1.000438	-6.188629	
119	1.000151	-0.000018	-0.221313	0.000018	1.000151	-5.927979	
120	1.000313	-0.000062	-0.285339	0.000062	1.000313	-5.858612	
121	1.000697	-0.000043	-0.582886	0.000043	1.000697	-5.427460	
122	1.001059	0.000106	-0.801819	-0.000106	1.001059	-5.713837	
123	1.000313	-0.000103	-0.268433	0.000103	1.000313	-5.753693	
124	1.000103	-0.000368	0.124390	0.000368	1.000103	-6.024872	
125	1.000177	-0.000158	-0.133911	0.000158	1.000177	-5.734253	
126	1.000900	0.000139	-0.653015	-0.000139	1.000900	-5.476318	
127	1.000283	-0.000151	-0.229126	0.000151	1.000283	-5.300598	
128	1.000166	-0.000193	-0.063721	0.000193	1.000166	-4.992157	
129	1.000349	-0.000172	-0.316406	0.000172	1.000349	-4.645874	
130	1.000169	-0.000225	-0.095947	0.000225	1.000169	-4.013153	
131	1.000238	-0.000090	-0.235840	0.000090	1.000238	-3.752563	
132	1.000176	-0.000157	-0.165161	0.000157	1.000176	-3.538300	
133	1.000172	-0.000041	-0.265137	0.000041	1.000172	-4.127960	
134	1.000250	-0.000193	-0.212891	0.000193	1.000250	-4.366974	
135	1.000210	-0.000052	-0.278442	0.000052	1.000210	-4.729340	
136	1.000388	-0.000151	-0.346313	0.000151	1.000388	-5.497620	
137	1.000080	-0.000260	-0.051636	0.000260	1.000080	-6.391876	
138	1.000994	0.000092	-0.822021	-0.000092	1.000994	-6.809143	
139	1.000275	-0.000093	-0.459595	0.000093	1.000275	-7.437958	
140	0.999697	-0.000069	-0.059326	0.000069	0.999697	-7.422485	
141	0.999860	0.000049	-0.442139	-0.000049	0.999860	-8.068970	
142	0.999949	-0.000083	-0.379761	0.000083	0.999949	-8.327942	
143	1.001834	0.000211	-1.703308	-0.000211	1.001834	-8.786423	
144	1.000096	-0.000305	-0.422974	0.000305	1.000096	-9.166870	
145	0.999863	-0.000155	-0.347290	0.000155	0.999863	-8.841675	
146	1.000116	-0.000126	-0.723999	0.000126	1.000116	-9.047241	
147	0.999736	-0.000417	0.130737	0.000417	0.999736	-9.324097	
148	1.000161	-0.000256	-0.690186	0.000256	1.000161	-8.776489	
149	1.000056	-0.000249	-0.597900	0.000249	1.000056	-8.827209	
150	0.999953	-0.000156	-0.398071	0.000156	0.999953	-8.237610	
151	0.999977	-0.000223	-0.247925	0.000223	0.999977	-8.063660	
152	1.000141	-0.000360	-0.347900	0.000360	1.000141	-7.863831	
153	0.999852	-0.000196	-0.000122	0.000196	0.999852	-6.610168	
154	1.000349	-0.000438	-0.468750	0.000438	1.000349	-6.734985	
155	1.000344	-0.000355	-0.429077	0.000355	1.000344	-5.756409	
156	1.000283	-0.000327	-0.290039	0.000327	1.000283	-4.555786	
157	1.000348	-0.000341	-0.320801	0.000341	1.000348	-3.997681	
158	1.000425	-0.000381	-0.360840	0.000381	1.000425	-3.483582	
159	1.000211	-0.000123	-0.188721	0.000123	1.000211	-2.776611	
160	1.000232	-0.000123	-0.215210	0.000123	1.000232	-1.867004	
161	1.000292	-0.000153	-0.225586	0.000153	1.000292	-1.712891	
162	1.000295	-0.000119	-0.229126	0.000119	1.000295	-1.320801	
163	1.000241	-0.000055	-0.202026	0.000055	1.000241	-0.997253	
164	1.000423	-0.000261	-0.252075	0.000261	1.000423	-0.888550	
165	1.000132	0.000025	-0.084595	-0.000025	1.000132	-0.032837	
166	1.000348	-0.000062	-0.216431	0.000062	1.000348	-0.084290	
167	1.000308	-0.000043	-0.209595	0.000043	1.000308	0.057739	
168	1.000358	-0.000048	-0.201660	0.000048	1.000358	0.236877	
169	1.000274	0.000034	-0.128296	-0.000034	1.000274	0.321472	
170	1.000279	-0.000019	-0.102783	0.000019	1.000279	0.333130	
171	1.000223	-0.000009	-0.068848	0.000009	1.000223	0.365906	
172	1.000276	0.000011	-0.115479	-0.000011	1.000276	0.432922	
173	1.000258	-0.000026	-0.104614	0.000026	1.000258	0.349487	
174	1.000246	0.000032	-0.069214	-0.000032	1.000246	0.569641	
175	1.000182	-0.000014	-0.035522	0.000014	1.000182	0.875305	
176	1.000184	0.000043	-0.069580	-0.000043	1.000184	0.787476	
177	1.000248	0.000024	-0.144653	-0.000024	1.000248	0.916382	
178	1.000297	-0.000005	-0.094604	0.000005	1.000297	1.060364	
179	1.000475	-0.000073	-0.180298	0.000073	1.000475	1.417297	
180	1.000263	0.000015	-0.053589	-0.000015	1.000263	1.996033	
181	1.000325	0.000078	-0.045532	-0.000078	1.000325	2.730835	
182	1.000210	0.000132	-0.035767	-0.000132	1.000210	3.126587	
183	1.000381	0.000162	-0.098755	-0.000162	1.000381	3.336182	
184	1.000138	0.000088	0.207397	-0.000088	1.000138	3.956909	
185	1.000374	0.000161	-0.044678	-0.000161	1.000374	4.053772	
186	1.000256	0.000134	0.037842	-0.000134	1.000256	4.201843	
187	1.000374	0.000149	-0.051636	-0.000149	1.000374	4.403320	
188	1.000196	0.000110	0.112549	-0.000110	1.000196	4.727783	
189	1.000396	0.000165	-0.109009	-0.000165	1.000396	5.119873	
190	1.000290	0.000106	0.142212	-0.000106	1.000290	5.636597	
191	1.000437	0.000468	-0.400391	-0.000468	1.000437	6.282471	
192	1.000141	0.000245	0.087402	-0.000245	1.000141	6.299835	
193	1.000295	0.000532	-0.258545	-0.000532	1.000295	6.435059	
194	1.000195	0.000132	0.230347	-0.000132	1.000195	5.797363	
195	0.999684	0.000350	0.405640	-0.000350	0.999684	5.571686	
196	1.000271	0.000181	0.029541	-0.000181	1.000271	6.275604	
197	1.000310	0.000178	0.118896	-0.000178	1.000310	6.273590	
198	1.000304	0.000034	0.357544	-0.000034	1.000304	6.159485	
199	1.000405	0.000205	-0.000122	-0.000205	1.000405	6.230713	
200	1.000253	0.000141	0.149292	-0.000141	1.000253	6.277954	
201	1.000344	0.000263	-0.060669	-0.000263	1.000344	6.362854	
202	1.000243	0.000126	0.134521	-0.000126	1.000243	6.301147	
203	1.000493	0.000147	0.019531	-0.000147	1.000493	6.202026	
204	0.999378	0.000080	0.702820	-0.000080	0.999378	6.340881	
205	1.001219	0.000107	-1.209167	-0.000107	1.001219	5.214584	
206	1.003367	0.000076	-2.901123	-0.000076	1.003367	3.990906	
207	1.002974	0.000208	-2.671997	-0.000208	1.002974	4.614532	
208	1.003275	0.000159	-2.840210	-0.000159	1.003275	4.587738	
209	1.002613	0.000130	-2.372559	-0.000130	1.002613	4.858826	
210	1.003036	0.000177	-2.674866	-0.000177	1.003036	4.781891	
211	1.002564	0.000186	-2.299194	-0.000186	1.002564	5.029480	
212	1.002367	0.000085	-2.311890	-0.000085	1.002367	4.942474	
213	1.004122	0.000154	-3.929382	-0.000154	1.004122	4.183624	
214	1.004218	-0.000004	-3.968262	0.000004	1.004218	3.910248	
215	1.004265	0.000110	-4.086365	-0.000110	1.004265	4.031921	
216	1.004579	0.000045	-4.199951	-0.000045	1.004579	3.893280	
217	1.004263	0.000112	-4.108337	-0.000112	1.004263	4.063110	
218	1.004514	0.000174	-4.147461	-0.000174	1.004514	4.066986	
219	1.004235	0.000045	-4.007874	-0.000045	1.004235	4.021179	
220	1.004113	0.000065	-3.993713	-0.000065	1.004113	4.092407	
221	1.004310	-0.000000	-4.039734	0.000000	1.004310	4.050018	
222	1.004209	0.000043	-4.056213	-0.000043	1.004209	4.131439	
223	1.004453	0.000022	-4.196289	-0.000022	1.004453	3.958557	
224	1.004176	0.000036	-3.984802	-0.000036	1.004176	4.067413	
225	1.004419	0.000057	-4.248840	-0.000057	1.004419	3.987610	
226	1.004247	0.000006	-3.938904	-0.000006	1.004247	3.929352	
227	1.004294	0.000025	-4.102844	-0.000025	1.004294	3.890594	
228	1.004521	0.000080	-4.189270	-0.000080	1.004521	3.602448	
229	1.004369	0.000053	-4.227783	-0.000053	1.004369	3.280731	
230	1.004436	0.000024	-4.232971	-0.000024	1.004436	2.594879	
231	1.004731	0.000109	-4.423401	-0.000109	1.004731	1.847748	
232	1.004591	0.000068	-4.318420	-0.000068	1.004591	1.487091	
233	1.004651	0.000050	-4.393372	-0.000050	1.004651	0.941956	
234	1.004872	0.000056	-4.593628	-0.000056	1.004872	0.415802	
235	1.004867	0.000071	-4.583191	-0.000071	1.004867	-0.079041	
236	1.004720	0.000028	-4.374084	-0.000028	1.004720	-0.514801	
237	1.004879	0.000085	-4.659424	-0.000085	1.004879	-1.029327	
238	1.004818	0.000048	-4.419861	-0.000048	1.004818	-1.587616	
239	1.005004	0.000054	-4.733032	-0.000054	1.005004	-2.106384	
240	1.004938	0.000045	-4.586060	-0.000045	1.004938	-2.383667	
241	1.000172	0.000105	-0.159424	-0.000105	1.000172	0.191925	
242	1.000201	0.000006	-0.109558	-0.000006	1.000201	0.015839	
243	1.000168	0.000093	-0.120056	-0.000093	1.000168	0.175629	
244	1.000241	0.000027	-0.088623	-0.000027	1.000241	0.158447	
245	1.000137	0.000058	-0.062683	-0.000058	1.000137	0.295074	
246	1.000192	0.000013	0.002197	-0.000013	1.000192	0.173767	
247	1.000121	0.000060	-0.035461	-0.000060	1.000121	0.209747	
248	1.000183	0.000034	0.022949	-0.000034	1.000183	0.215149	
249	1.000119	0.000107	-0.022156	-0.000107	1.000119	0.358063	
250	1.000192	0.000011	-0.044312	-0.000011	1.000192	0.112396	
251	1.000097	0.000020	-0.046326	-0.000020	1.000097	0.061066	
252	1.000217	0.000048	-0.073547	-0.000048	1.000217	0.084381	
253	1.000115	0.000027	-0.041199	-0.000027	1.000115	0.020599	
254	1.000197	0.000114	-0.064636	-0.000114	1.000197	0.206635	
255	1.000116	0.000085	-0.071655	-0.000085	1.000116	0.316772	
256	1.000186	0.000032	-0.040588	-0.000032	1.000186	0.386993	
257	1.002789	0.000032	-2.590088	-0.000032	1.002789	-0.883179	
258	1.003012	0.000078	-2.810120	-0.000078	1.003012	-1.308594	
259	1.002945	0.000078	-2.844238	-0.000078	1.002945	-1.241211	
260	1.003083	0.000091	-2.857910	-0.000091	1.003083	-1.217529	
261	1.002908	0.000029	-2.772827	-0.000029	1.002908	-1.030029	
262	1.003054	0.000068	-2.788086	-0.000068	1.003054	-0.623688	
263	1.003008	0.000044	-2.754333	-0.000044	1.003008	-0.194336	
264	1.002815	0.000042	-2.607971	-0.000042	1.002815	0.320374	
265	1.002908	0.000065	-2.735901	-0.000065	1.002908	0.585052	
266	1.002906	0.000079	-2.754150	-0.000079	1.002906	0.820496	
267	1.002726	0.000056	-2.467224	-0.000056	1.002726	1.097076	
268	1.002926	0.000087	-2.806824	-0.000087	1.002926	1.448761	
269	1.002822	0.000091	-2.571472	-0.000091	1.002822	1.717651	
270	1.002580	0.000009	-2.415222	-0.000009	1.002580	2.106354	
271	1.002818	0.000082	-2.631165	-0.000082	1.002818	2.143311	
272	1.002774	0.000019	-2.543823	-0.000019	1.002774	2.176544	
273	1.002686	0.000036	-2.529907	-0.000036	1.002686	2.324280	
274	1.002767	0.000015	-2.502136	-0.000015	1.002767	2.207092	
275	1.002758	0.000073	-2.623718	-0.000073	1.002758	2.408417	
276	1.002807	0.000026	-2.536438	-0.000026	1.002807	2.360229	
277	1.002727	0.000071	-2.603821	-0.000071	1.002727	2.642578	
278	1.002964	0.000093	-2.808899	-0.000093	1.002964	3.059967	
279	1.002602	0.000046	-2.463501	-0.000046	1.002602	3.910522	
280	1.002620	0.000104	-2.552979	-0.000104	1.002620	4.660217	
281	1.002658	0.000064	-2.461853	-0.000064	1.002658	5.318115	
282	1.002487	0.000031	-2.467285	-0.000031	1.002487	6.077911	
283	1.002361	-0.000073	-2.153625	0.000073	1.002361	6.475861	
284	1.002625	0.000054	-2.435913	-0.000054	1.002625	6.660156	
285	1.002399	-0.000004	-2.328491	0.000004	1.002399	6.936615	
286	1.002593	0.000084	-2.392883	-0.000084	1.002593	6.991608	
287	1.002423	0.000002	-2.351685	-0.000002	1.002423	7.092987	
288	1.002476	0.000086	-2.382507	-0.000086	1.002476	7.194733	
289	1.002541	0.000012	-2.496399	-0.000012	1.002541	7.221252	
290	1.002617	0.000081	-2.456848	-0.000081	1.002617	7.319366	
291	1.002553	0.000047	-2.403687	-0.000047	1.002553	7.406799	
292	1.002580	0.000018	-2.517395	-0.000018	1.002580	7.525116	
293	1.002527	0.000078	-2.334412	-0.000078	1.002527	7.695709	
294	1.002606	-0.000007	-2.554626	0.000007	1.002606	7.666595	
295	1.002591	0.000070	-2.401489	-0.000070	1.002591	7.650238	
296	1.002708	0.000067	-2.685242	-0.000067	1.002708	7.483124	
297	1.002604	0.000076	-2.469482	-0.000076	1.002604	7.402618	
298	1.002643	0.000025	-2.588623	-0.000025	1.002643	7.429688	
299	1.002779	0.000087	-2.666321	-0.000087	1.002779	7.336639	
300	1.002754	0.000003	-2.571106	-0.000003	1.002754	7.539886	
301	1.002622	0.000063	-2.488037	-0.000063	1.002622	7.399933	
302	1.002833	0.000028	-2.668213	-0.000028	1.002833	7.604828	
303	1.002657	-0.000009	-2.522400	0.000009	1.002657	7.575134	
304	1.002831	0.000138	-2.813354	-0.000138	1.002831	7.334473	
305	1.002939	0.000014	-2.775635	-0.000014	1.002939	7.338928	
306	1.002791	0.000105	-2.744080	-0.000105	1.002791	7.550659	
307	1.002849	0.000005	-2.681458	-0.000005	1.002849	7.457825	
308	1.002856	0.000087	-2.763977	-0.000087	1.002856	7.313354	
309	1.002874	0.000025	-2.714844	-0.000025	1.002874	6.855011	
310	1.002888	0.000067	-2.712158	-0.000067	1.002888	6.281250	
311	1.002929	0.000061	-2.815918	-0.000061	1.002929	5.478729	
312	1.002913	0.000057	-2.739990	-0.000057	1.002913	4.890778	
313	1.002969	-0.000006	-2.898376	0.000006	1.002969	4.169312	
314	1.002868	0.000083	-2.706543	-0.000083	1.002868	3.396027	
315	1.003000	0.000025	-2.857178	-0.000025	1.003000	2.534302	
316	1.002891	0.000091	-2.728821	-0.000091	1.002891	1.962646	
317	1.003047	0.000035	-2.970825	-0.000035	1.003047	1.213135	
318	1.002862	0.000065	-2.657471	-0.000065	1.002862	0.971863	
319	1.003008	0.000001	-2.896423	-0.000001	1.003008	0.224243	
320	1.003205	0.000126	-2.975525	-0.000126	1.003205	-0.146362	
321	1.002834	-0.000038	-2.597717	0.000038	1.002834	-0.385223	
322	1.002999	0.000064	-2.692627	-0.000064	1.002999	-0.940094	
323	1.003021	0.000028	-2.869690	-0.000028	1.003021	-1.400024	
324	1.002998	0.000047	-2.687744	-0.000047	1.002998	-1.525482	
325	1.003055	0.000027	-2.888733	-0.000027	1.003055	-1.460571	
326	1.000110	0.000014	-0.089172	-0.000014	1.000110	-0.002319	
327	1.000140	0.000045	-0.090149	-0.000045	1.000140	0.052307	
328	1.000134	0.000020	-0.078613	-0.000020	1.000134	0.043945	
329	1.000188	0.000037	-0.074707	-0.000037	1.000188	0.041931	
330	1.000140	0.000072	-0.052856	-0.000072	1.000140	0.204346	
331	1.000071	0.000041	-0.029480	-0.000041	1.000071	0.076477	
332	1.000142	0.000046	-0.023254	-0.000046	1.000142	0.242950	
333	1.000084	0.000016	-0.006287	-0.000016	1.000084	0.122131	
334	1.000124	0.000032	0.045288	-0.000032	1.000124	0.172058	
335	1.000057	0.000018	-0.012634	-0.000018	1.000057	0.067749	
336	1.000130	0.000035	-0.008057	-0.000035	1.000130	0.101379	
337	1.000065	0.000051	-0.019958	-0.000051	1.000065	0.096497	
338	1.000154	0.000022	0.012207	-0.000022	1.000154	0.110168	
339	1.000048	0.000039	0.013367	-0.000039	1.000048	0.115662	
340	1.000114	0.000055	-0.026245	-0.000055	1.000114	0.162048	
341	1.000093	0.000042	0.008057	-0.000042	1.000093	0.056641	
342	1.000064	0.000022	0.029053	-0.000022	1.000064	0.001648	
343	1.000138	0.000069	0.048035	-0.000069	1.000138	-0.309265	
344	1.000010	0.000010	0.057434	-0.000010	1.000010	-1.166504	
345	1.000067	-0.000019	0.130432	0.000019	1.000067	-1.615906	
346	1.000067	0.000018	0.064392	-0.000018	1.000067	-2.288757	
347	1.000041	-0.000002	0.122925	0.000002	1.000041	-2.945007	
348	1.000050	-0.000005	0.174561	0.000005	1.000050	-3.291595	
349	1.000076	0.000015	0.051514	-0.000015	1.000076	-3.480316	
350	1.000037	0.000020	0.106262	-0.000020	1.000037	-4.204468	
351	1.000068	0.000031	0.099609	-0.000031	1.000068	-4.202545	
352	1.000101	0.000043	0.023132	-0.000043	1.000101	-4.316071	
353	1.000092	0.000050	0.140076	-0.000050	1.000092	-4.405518	
354	1.000051	0.000068	0.077515	-0.000068	1.000051	-4.411896	
355	1.000107	0.000007	0.223328	-0.000007	1.000107	-4.582062	
356	1.000045	0.000037	0.149658	-0.000037	1.000045	-4.526825	
357	1.000159	0.000033	0.071472	-0.000033	1.000159	-4.663574	
358	1.000054	0.000019	0.136719	-0.000019	1.000054	-4.793365	
359	1.000118	0.000056	0.035522	-0.000056	1.000118	-4.428467	
360	1.000089	0.000052	0.108215	-0.000052	1.000089	-4.552368	
361	1.000118	0.000011	-0.000854	-0.000011	1.000118	-4.804108	
362	1.000104	0.000042	0.105835	-0.000042	1.000104	-4.341522	
363	1.000106	0.000028	-0.018433	-0.000028	1.000106	-4.457275	
364	1.000114	0.000057	0.095093	-0.000057	1.000114	-4.443237	
365	1.000124	0.000040	-0.026794	-0.000040	1.000124	-4.559814	
366	1.000132	0.000055	0.091919	-0.000055	1.000132	-4.621552	
367	1.000112	0.000039	0.005188	-0.000039	1.000112	-4.763184	
368	1.000117	0.000052	0.094238	-0.000052	1.000117	-4.405212	
369	1.000171	0.000066	0.030090	-0.000066	1.000171	-4.601929	
370	1.000093	0.000045	0.166077	-0.000045	1.000093	-4.821503	
371	1.000177	0.000071	0.024719	-0.000071	1.000177	-4.759094	
372	1.000111	0.000038	0.054688	-0.000038	1.000111	-4.740845	
373	1.000159	0.000065	-0.060669	-0.000065	1.000159	-4.742706	
374	1.000144	0.000061	0.059082	-0.000061	1.000144	-4.782349	
375	1.000173	0.000042	0.011780	-0.000042	1.000173	-4.835388	
376	1.000178	0.000060	0.038208	-0.000060	1.000178	-4.823212	
377	1.000188	0.000029	-0.008484	-0.000029	1.000188	-4.928406	
378	1.000153	0.000104	0.019226	-0.000104	1.000153	-4.778839	
379	1.000182	0.000060	-0.067444	-0.000060	1.000182	-4.744537	
380	1.000138	0.000063	0.040710	-0.000063	1.000138	-4.630798	
381	1.000175	0.000102	-0.032776	-0.000102	1.000175	-4.669830	
382	1.000190	0.000047	-0.006592	-0.000047	1.000190	-4.784821	
383	1.000218	0.000094	-0.025208	-0.000094	1.000218	-4.819214	
384	1.000200	0.000041	-0.037109	-0.000041	1.000200	-4.768890	
385	1.000190	0.000056	0.054688	-0.000056	1.000190	-4.757233	
386	1.000207	0.000060	-0.096130	-0.000060	1.000207	-4.728210	
387	1.000258	0.000066	-0.032043	-0.000066	1.000258	-4.741058	
388	1.000191	0.000048	-0.070801	-0.000048	1.000191	-4.688538	
389	1.000262	0.000071	-0.115845	-0.000071	1.000262	-4.635193	
390	1.000242	0.000143	-0.089478	-0.000143	1.000242	-4.334991	
391	1.000254	0.000112	-0.100220	-0.000112	1.000254	-4.439056	
392	1.000276	0.000147	-0.025818	-0.000147	1.000276	-4.422760	
393	1.000202	0.000147	-0.065735	-0.000147	1.000202	-4.335358	
394	1.000286	0.000162	-0.043518	-0.000162	1.000286	-4.410126	
395	1.000243	0.000147	-0.091492	-0.000147	1.000243	-4.491058	
396	1.000292	0.000223	-0.035583	-0.000223	1.000292	-4.565826	
397	1.000278	0.000192	0.051208	-0.000192	1.000278	-4.616119	
398	1.000244	0.000130	-0.045532	-0.000130	1.000244	-4.792877	
399	1.000260	0.000171	0.003052	-0.000171	1.000260	-4.630829	
400	1.000253	0.000204	-0.065918	-0.000204	1.000253	-4.220886	
401	1.000326	0.000232	-0.039978	-0.000232	1.000326	-4.301453	
402	1.000216	0.000172	0.014038	-0.000172	1.000216	-4.227600	
403	1.000299	0.000203	0.017456	-0.000203	1.000299	-4.111755	
404	1.000245	0.000138	0.065918	-0.000138	1.000245	-4.204102	
405	1.000291	0.000211	-0.075378	-0.000211	1.000291	-4.269958	
406	1.000271	0.000190	-0.021790	-0.000190	1.000271	-4.450195	
407	1.000319	0.000206	-0.035095	-0.000206	1.000319	-4.494537	
408	1.000318	0.000153	-0.050171	-0.000153	1.000318	-4.627045	
409	1.000257	0.000139	-0.001465	-0.000139	1.000257	-4.485443	
410	1.000274	0.000144	-0.131775	-0.000144	1.000274	-4.407562	
411	1.000303	0.000137	-0.144531	-0.000137	1.000303	-4.289276	
412	1.000251	0.000167	-0.223022	-0.000167	1.000251	-3.999847	
413	1.000302	0.000095	-0.136841	-0.000095	1.000302	-3.776642	
414	1.000291	0.000203	-0.148987	-0.000203	1.000291	-3.347382	
415	1.000301	0.000191	-0.026733	-0.000191	1.000301	-3.027588	
416	1.002834	0.000234	-2.519653	-0.000234	1.002834	-4.004150	
417	1.003226	0.000223	-2.923523	-0.000223	1.003226	-3.871582	
418	1.002942	0.000153	-2.766418	-0.000153	1.002942	-3.344879	
419	1.003103	0.000109	-2.812134	-0.000109	1.003103	-3.036743	
420	1.003010	0.000107	-2.845886	-0.000107	1.003010	-2.715637	
421	1.003099	0.000116	-2.609619	-0.000116	1.003099	-2.625519	
422	1.003145	0.000214	-2.888000	-0.000214	1.003145	-2.348755	
423	1.004848	0.000106	-4.511841	-0.000106	1.004848	-3.151978	
424	1.004905	0.000097	-4.743469	-0.000097	1.004905	-2.843384	
425	1.004817	0.000085	-4.523926	-0.000085	1.004817	-2.581696	
426	1.004832	0.000056	-4.585693	-0.000056	1.004832	-2.530273	
427	1.004916	0.000110	-4.518860	-0.000110	1.004916	-2.511200	
428	1.004746	0.000154	-4.474548	-0.000154	1.004746	-2.411438	
429	1.009604	0.000142	-8.978027	-0.000142	1.009604	-5.054565	
430	1.009434	0.000107	-8.986084	-0.000107	1.009434	-4.950195	
431	1.009498	0.000008	-8.818787	-0.000008	1.009498	-5.012054	
432	1.009399	0.000126	-9.042114	-0.000126	1.009399	-4.864594	
433	1.009540	0.000103	-8.776062	-0.000103	1.009540	-5.090698	
434	1.009488	0.000072	-9.085327	-0.000072	1.009488	-5.247559	
435	1.009460	0.000037	-8.859436	-0.000037	1.009460	-5.258698	
436	1.009465	0.000063	-9.042847	-0.000063	1.009465	-5.075317	
437	1.009328	0.000026	-8.752258	-0.000026	1.009328	-5.011810	
438	1.009567	0.000063	-9.067200	-0.000063	1.009567	-4.740326	
439	1.009337	0.000023	-8.849915	-0.000023	1.009337	-4.668701	
440	1.009470	0.000003	-9.043152	-0.000003	1.009470	-4.965118	
441	1.009485	0.000056	-9.005371	-0.000056	1.009485	-4.879791	
442	1.004805	0.000039	-4.381897	-0.000039	1.004805	-2.578247	
443	1.004871	0.000057	-4.646729	-0.000057	1.004871	-2.525482	
444	1.004902	0.000040	-4.560486	-0.000040	1.004902	-2.566040	
445	1.004775	-0.000010	-4.506531	0.000010	1.004775	-2.482635	
446	1.004900	0.000065	-4.665161	-0.000065	1.004900	-2.466675	
447	1.000113	0.000013	-0.023010	-0.000013	1.000113	0.054169	
448	1.000050	0.000065	-0.003845	-0.000065	1.000050	0.177551	
449	1.000103	0.000011	0.052734	-0.000011	1.000103	0.239502	
450	1.000049	0.000068	0.042908	-0.000068	1.000049	0.340088	
451	1.000031	0.000029	0.032593	-0.000029	1.000031	0.162811	
452	1.000036	0.000031	0.192871	-0.000031	1.000036	0.268280	
453	1.000027	0.000024	0.056091	-0.000024	1.000027	0.092194	
454	1.000086	0.000066	0.193665	-0.000066	1.000086	0.190277	
455	1.000044	0.000020	0.144836	-0.000020	1.000044	0.066193	
456	1.000049	0.000020	0.223450	-0.000020	1.000049	0.122467	
457	1.000049	0.000038	0.153870	-0.000038	1.000049	0.185364	
458	1.000035	0.000001	0.237671	-0.000001	1.000035	0.170197	
459	0.997515	0.000012	2.771912	-0.000012	0.997515	1.695282	
460	0.997215	0.000022	2.858459	-0.000022	0.997215	1.775391	
461	0.997155	0.000002	2.945557	-0.000002	0.997155	1.598297	
462	0.997116	0.000021	2.847107	-0.000021	0.997116	1.708435	
463	0.997185	0.000048	2.947510	-0.000048	0.997185	1.715546	
464	0.997107	0.000036	2.827820	-0.000036	0.997107	1.611511	
465	0.997179	0.000048	2.925903	-0.000048	0.997179	1.579712	
466	0.997105	0.000020	2.885559	-0.000020	0.997105	1.717438	
467	0.997189	0.000045	2.820740	-0.000045	0.997189	1.717346	
468	0.997149	0.000047	2.892334	-0.000047	0.997149	1.601257	
469	0.997154	0.000013	2.910461	-0.000013	0.997154	1.274475	
470	0.997212	0.000053	2.890259	-0.000053	0.997212	1.006836	
471	0.997131	0.000010	2.803223	-0.000010	0.997131	0.778992	
472	0.997154	0.000007	2.966125	-0.000007	0.997154	0.442200	
473	0.997159	0.000011	2.879028	-0.000011	0.997159	0.125488	
474	0.997277	0.000058	2.822632	-0.000058	0.997277	-0.361511	
475	0.997188	0.000040	2.836548	-0.000040	0.997188	-0.772766	
476	0.997229	-0.000018	2.865173	0.000018	0.997229	-1.282257	
477	0.997370	0.000050	2.634399	-0.000050	0.997370	-1.600067	
478	0.997389	0.000063	2.628113	-0.000063	0.997389	-2.333740	
479	0.997328	0.000025	2.791077	-0.000025	0.997328	-2.619263	
480	0.997312	0.000087	2.693237	-0.000087	0.997312	-2.901794	
481	0.997374	0.000068	2.619324	-0.000068	0.997374	-3.288971	
482	0.997345	0.000032	2.668457	-0.000032	0.997345	-3.718170	
483	0.997389	0.000015	2.846252	-0.000015	0.997389	-3.957855	
484	0.997425	0.000067	2.645081	-0.000067	0.997425	-4.196442	
485	0.997526	0.000043	2.614502	-0.000043	0.997526	-4.476807	
486	0.997501	0.000098	2.498962	-0.000098	0.997501	-4.785980	
487	0.997474	0.000052	2.733032	-0.000052	0.997474	-5.181152	
488	0.997661	0.000119	2.308838	-0.000119	0.997661	-5.561676	
489	0.997485	0.000065	2.587402	-0.000065	0.997485	-5.703369	
490	0.997570	0.000041	2.504578	-0.000041	0.997570	-6.013519	
491	0.997706	0.000073	2.499878	-0.000073	0.997706	-6.432617	
492	0.997569	0.000051	2.548157	-0.000051	0.997569	-6.398193	
493	0.997692	0.000004	2.439514	-0.000004	0.997692	-6.756378	
494	0.997724	0.000084	2.268311	-0.000084	0.997724	-7.040558	
495	0.997606	0.000123	2.524963	-0.000123	0.997606	-6.849091	
496	0.997710	0.000047	2.387817	-0.000047	0.997710	-6.917297	
497	0.997752	0.000034	2.413513	-0.000034	0.997752	-6.923828	
498	0.997713	0.000056	2.410339	-0.000056	0.997713	-6.973785	
499	0.997774	0.000097	2.357056	-0.000097	0.997774	-6.998901	
500	0.997747	0.000034	2.503418	-0.000034	0.997747	-7.170837	
501	0.999983	0.000004	0.010193	-0.000004	0.999983	-0.000641	
502	0.997815	0.000042	2.210327	-0.000042	0.997815	-7.185242	
503	0.997807	0.000061	2.350464	-0.000061	0.997807	-7.354294	
504	0.997801	0.000062	2.261230	-0.000062	0.997801	-7.296799	
505	0.997916	0.000144	2.208984	-0.000144	0.997916	-7.528732	
506	0.997861	0.000108	2.124268	-0.000108	0.997861	-7.519836	
507	0.997783	0.000128	2.214111	-0.000128	0.997783	-7.340576	
508	0.997805	0.000171	2.243103	-0.000171	0.997805	-7.155792	
509	0.997804	0.000196	2.123535	-0.000196	0.997804	-6.929535	
510	0.997756	0.000248	2.264709	-0.000248	0.997756	-6.483932	
511	0.997827	0.000138	2.176636	-0.000138	0.997827	-5.963638	
512	0.997665	0.000053	2.425842	-0.000053	0.997665	-5.469086	
513	0.997667	0.000241	2.416016	-0.000241	0.997667	-4.596069	
514	0.997637	0.000190	2.366394	-0.000190	0.997637	-3.420074	
515	0.997528	0.000157	2.423096	-0.000157	0.997528	-2.793594	
516	0.997604	0.000188	2.293945	-0.000188	0.997604	-2.028732	
517	0.997357	0.000069	2.612671	-0.000069	0.997357	-1.231644	
518	0.997251	0.000140	2.584045	-0.000140	0.997251	-0.625549	
519	0.997315	0.000108	2.640747	-0.000108	0.997315	-0.319260	
520	0.997283	0.000088	2.708618	-0.000088	0.997283	0.034195	
521	0.997312	0.000137	2.752136	-0.000137	0.997312	1.120483	
522	0.997058	0.000048	2.978760	-0.000048	0.997058	2.079941	
523	0.997084	0.000065	2.992554	-0.000065	0.997084	2.888794	
524	0.997080	0.000096	3.031860	-0.000096	0.997080	3.731644	
525	0.996915	0.000035	3.189514	-0.000035	0.996915	4.594147	
526	0.996893	0.000024	3.244446	-0.000024	0.996893	5.168259	
527	0.996805	0.000026	3.200989	-0.000026	0.996805	5.611130	
528	0.996816	-0.000058	3.080505	0.000058	0.996816	5.997498	
529	0.996772	0.000005	3.254517	-0.000005	0.996772	6.462158	
530	0.996741	-0.000039	3.201782	0.000039	0.996741	6.634735	
531	0.996802	-0.000034	3.332642	0.000034	0.996802	6.974258	
532	0.996717	0.000057	3.124451	-0.000057	0.996717	7.101898	
533	0.996688	0.000059	3.276978	-0.000059	0.996688	7.336655	
534	0.996658	0.000088	3.036255	-0.000088	0.996658	7.688736	
535	0.996674	0.000068	3.247375	-0.000068	0.996674	7.823044	
536	0.996622	0.000020	3.234253	-0.000020	0.996622	8.148849	
537	0.996665	0.000020	3.435730	-0.000020	0.996665	8.277420	
538	0.996512	0.000057	3.414246	-0.000057	0.996512	8.377502	
539	0.996739	0.000091	3.284485	-0.000091	0.996739	8.252777	
540	0.996527	0.000029	3.481506	-0.000029	0.996527	8.382492	
541	0.996553	0.000113	3.391235	-0.000113	0.996553	8.402649	
542	0.996559	-0.000010	3.287842	0.000010	0.996559	8.533203	
543	0.996645	-0.000012	3.133301	0.000012	0.996645	8.633606	
544	0.996491	-0.000045	3.412903	0.000045	0.996491	8.819611	
545	0.996657	0.000008	3.246460	-0.000008	0.996657	8.785095	
546	0.996502	0.000067	3.399353	-0.000067	0.996502	8.876495	
547	0.996621	0.000064	3.178162	-0.000064	0.996621	8.680603	
548	0.996543	0.000022	3.288147	-0.000022	0.996543	8.524414	
549	0.996642	0.000021	3.189758	-0.000021	0.996642	8.435150	
550	0.996665	0.000077	3.175415	-0.000077	0.996665	8.682220	
551	0.996570	-0.000088	3.239868	0.000088	0.996570	8.586456	
552	0.996708	0.000005	3.308289	-0.000005	0.996708	8.702118	
553	0.996499	-0.000004	3.490723	0.000004	0.996499	8.584015	
554	0.996708	0.000031	3.204712	-0.000031	0.996708	8.355835	
555	0.996657	0.000033	3.100769	-0.000033	0.996657	8.366974	
556	0.996627	0.000079	3.325439	-0.000079	0.996627	8.299042	
557	0.996718	-0.000028	3.251282	0.000028	0.996718	7.911621	
558	0.996737	-0.000081	3.288696	0.000081	0.996737	7.561096	
559	0.996730	-0.000136	3.244080	0.000136	0.996730	7.065338	
560	0.996817	-0.000084	3.075500	0.000084	0.996817	6.444214	
561	0.996846	-0.000076	3.061218	0.000076	0.996846	5.515411	
562	0.996774	-0.000043	3.116943	0.000043	0.996774	5.027527	
563	0.997037	-0.000018	2.915100	0.000018	0.997037	4.438538	
564	0.996906	0.000007	3.060181	-0.000007	0.996906	4.064453	
565	0.997082	0.000007	2.889709	-0.000007	0.997082	3.688538	
566	0.997001	0.000000	3.046326	-0.000000	0.997001	3.218903	
567	0.997058	0.000037	2.879944	-0.000037	0.997058	2.700500	
568	0.997137	0.000035	2.876343	-0.000035	0.997137	2.356201	
569	0.997002	0.000007	2.915771	-0.000007	0.997002	1.972534	
570	0.997230	0.000054	2.796265	-0.000054	0.997230	1.955994	
571	0.997074	0.000039	2.884338	-0.000039	0.997074	1.926239	
572	0.997216	0.000002	2.790344	-0.000002	0.997216	1.674408	
573	0.997129	0.000036	2.940796	-0.000036	0.997129	1.563232	
574	0.997161	0.000006	2.886353	-0.000006	0.997161	1.210419	
575	0.997199	0.000042	2.840942	-0.000042	0.997199	0.926239	
576	0.997178	0.000045	2.795959	-0.000045	0.997178	0.514038	
577	0.997149	-0.000022	2.936646	0.000022	0.997149	-0.051147	
578	0.997394	-0.000005	2.589539	0.000005	0.997394	-0.637177	
579	0.997276	-0.000111	2.692932	0.000111	0.997276	-1.334351	
580	0.997276	-0.000056	2.695862	0.000056	0.997276	-1.841278	
581	0.997645	0.000058	2.346558	-0.000058	0.997645	-2.247589	
582	0.997399	-0.000073	2.706665	0.000073	0.997399	-2.824554	
583	0.997540	0.000056	2.476135	-0.000056	0.997540	-3.468597	
584	0.997570	0.000083	2.555786	-0.000083	0.997570	-4.043243	
585	0.997599	0.000088	2.463196	-0.000088	0.997599	-4.613861	
586	0.997766	0.000080	2.269531	-0.000080	0.997766	-5.172668	
587	0.997913	0.000071	2.044617	-0.000071	0.997913	-5.678284	
588	0.997727	0.000025	2.347839	-0.000025	0.997727	-5.900726	
589	0.997974	0.000127	2.166748	-0.000127	0.997974	-6.338074	
590	0.997778	0.000113	2.286865	-0.000113	0.997778	-6.348816	
591	0.998010	0.000061	2.245239	-0.000061	0.998010	-6.675934	
592	0.997916	0.000098	2.192749	-0.000098	0.997916	-6.940338	
593	0.998055	0.000103	2.239380	-0.000103	0.998055	-6.857880	
594	0.998100	0.000181	2.029297	-0.000181	0.998100	-7.149078	
595	0.998116	0.000069	2.029968	-0.000069	0.998116	-7.042603	
596	0.997955	0.000117	1.957825	-0.000117	0.997955	-6.649261	
597	0.997970	-0.000018	2.104980	0.000018	0.997970	-6.313080	
598	0.997934	0.000061	2.154297	-0.000061	0.997934	-5.743713	
599	0.997832	0.000235	2.266541	-0.000235	0.997832	-4.812286	
600	0.997875	0.000173	2.212280	-0.000173	0.997875	-3.897003	
601	0.997678	0.000048	2.204407	-0.000048	0.997678	-2.969940	
602	0.997691	0.000167	2.188599	-0.000167	0.997691	-2.301636	
603	0.997488	0.000024	2.390808	-0.000024	0.997488	-1.759827	
604	0.997443	0.000062	2.503723	-0.000062	0.997443	-1.244965	
605	0.997365	0.000118	2.591187	-0.000118	0.997365	-0.295654	
606	0.997277	0.000127	2.771912	-0.000127	0.997277	0.569672	
607	0.997308	0.000103	2.690247	-0.000103	0.997308	1.133118	
608	0.997040	0.000108	2.899963	-0.000108	0.997040	2.001221	
609	0.997310	-0.000010	2.618103	0.000010	0.997310	2.262665	
610	0.996964	0.000016	2.993652	-0.000016	0.996964	3.156891	
611	0.997139	0.000014	2.771118	-0.000014	0.997139	3.261871	
612	0.997083	0.000104	2.864014	-0.000104	0.997083	3.699921	
613	0.997180	-0.000003	2.705139	0.000003	0.997180	3.765076	
614	0.996849	0.000020	2.916870	-0.000020	0.996849	4.210083	
615	0.997038	-0.000050	2.695007	0.000050	0.997038	4.399780	
616	0.996925	-0.000011	2.930908	0.000011	0.996925	4.806854	
617	0.996918	0.000167	2.838989	-0.000167	0.996918	5.159088	
618	0.996969	0.000213	2.984009	-0.000213	0.996969	5.269318	
619	0.996870	0.000180	2.981140	-0.000180	0.996870	5.448608	
620	0.997010	0.000192	2.881287	-0.000192	0.997010	5.603027	
621	0.996621	-0.000068	3.246948	0.000068	0.996621	5.715393	
622	0.996953	0.000103	3.046387	-0.000103	0.996953	6.015656	
623	0.996723	-0.000018	3.074219	0.000018	0.996723	6.138275	
624	0.996915	0.000086	3.075928	-0.000086	0.996915	6.363770	
625	0.996669	0.000027	3.108826	-0.000027	0.996669	6.300140	
626	0.996511	-0.000064	3.305054	0.000064	0.996511	6.387695	
627	0.996869	0.000051	3.073730	-0.000051	0.996869	6.262360	
628	0.996835	0.000033	3.114075	-0.000033	0.996835	6.316467	
629	0.996796	-0.000008	3.070923	0.000008	0.996796	6.257660	
630	0.996730	0.000061	3.117065	-0.000061	0.996730	6.290619	
631	0.996941	0.000040	2.980652	-0.000040	0.996941	6.279144	
632	0.996649	0.000021	3.231506	-0.000021	0.996649	6.376953	
633	0.996812	0.000051	3.018311	-0.000051	0.996812	6.381714	
634	0.996802	0.000038	3.161194	-0.000038	0.996802	6.447632	
635	0.996713	0.000030	3.084106	-0.000030	0.996713	6.423248	
636	0.996801	-0.000048	3.198975	0.000048	0.996801	6.369873	
637	0.996662	0.000047	3.254211	-0.000047	0.996662	6.479553	
638	0.996707	-0.000040	3.140259	0.000040	0.996707	6.369446	
639	0.996839	0.000033	3.063232	-0.000033	0.996839	6.390533	
640	0.996769	0.000028	3.001099	-0.000028	0.996769	6.356293	
641	0.996952	-0.000020	3.038269	0.000020	0.996952	6.251801	
642	0.996711	-0.000043	3.127930	0.000043	0.996711	6.306488	
643	0.996852	0.000015	3.038696	-0.000015	0.996852	6.322144	
644	0.996837	-0.000009	3.086548	0.000009	0.996837	6.318970	
645	0.996708	-0.000051	3.133240	0.000051	0.996708	6.450287	
646	0.996807	-0.000020	3.103333	0.000020	0.996807	6.388550	
647	0.996816	-0.000050	3.022156	0.000050	0.996816	6.302856	
648	0.996704	0.000020	3.205750	-0.000020	0.996704	6.384186	
649	0.997435	0.000021	2.468140	-0.000021	0.997435	5.826630	
650	0.999623	0.000001	0.350769	-0.000001	0.999623	4.766998	
651	0.999600	-0.000076	0.426392	0.000076	0.999600	4.437927	
652	0.999676	0.000018	0.295593	-0.000018	0.999676	4.612030	
653	0.999720	-0.000027	0.369263	0.000027	0.999720	4.630554	
654	0.999576	-0.000036	0.443909	0.000036	0.999576	4.733429	
655	0.999788	-0.000030	0.268127	0.000030	0.999788	4.847778	
656	0.999669	-0.000084	0.373047	0.000084	0.999669	4.781677	
657	0.999772	-0.000056	0.241882	0.000056	0.999772	4.694916	
658	0.999708	-0.000037	0.326050	0.000037	0.999708	4.598450	
659	0.999673	-0.000024	0.363586	0.000024	0.999673	4.249054	
660	0.999687	-0.000057	0.360962	0.000057	0.999687	4.187988	
661	0.999763	-0.000006	0.261292	0.000006	0.999763	4.003296	
662	0.999807	-0.000066	0.322083	0.000066	0.999807	3.767334	
663	0.999732	-0.000120	0.429260	0.000120	0.999732	3.197113	
664	0.999937	0.000007	0.121033	-0.000007	0.999937	2.841705	
665	0.999806	-0.000012	0.373291	0.000012	0.999806	2.430389	
666	0.999932	0.000003	0.113525	-0.000003	0.999932	1.839813	
667	0.999866	-0.000036	0.330200	0.000036	0.999866	1.705109	
668	0.999955	-0.000040	0.218384	0.000040	0.999955	1.421631	
669	0.999969	-0.000087	0.286743	0.000087	0.999969	0.962708	
670	1.000015	-0.000007	0.099731	0.000007	1.000015	0.780457	
671	1.000039	-0.000058	0.248169	0.000058	1.000039	0.513336	
672	1.000021	0.000004	0.035400	-0.000004	1.000021	0.011444	
673	1.000088	-0.000022	0.093262	0.000022	1.000088	0.020172	
674	1.000071	-0.000046	0.073853	0.000046	1.000071	0.004120	
675	1.000054	-0.000047	0.198425	0.000047	1.000054	0.063721	
676	1.000064	-0.000026	0.070190	0.000026	1.000064	0.014923	
677	1.000051	-0.000068	0.280823	0.000068	1.000051	0.051117	
678	1.000071	-0.000078	0.197876	0.000078	1.000071	0.041168	
679	1.000109	-0.000174	0.388916	0.000174	1.000109	0.039642	
680	1.000055	-0.000221	0.474731	0.000221	1.000055	-0.082886	
681	1.000072	-0.000320	0.702026	0.000320	1.000072	-0.166901	
682	1.000067	-0.000314	0.670288	0.000314	1.000067	-0.209045	
683	1.000084	-0.000429	0.839966	0.000429	1.000084	-0.337524	
684	1.000082	-0.000532	1.028259	0.000532	1.000082	-0.447632	
685	1.000046	-0.000406	1.212036	0.000406	1.000046	-0.384369	
686	1.000097	-0.000676	1.226929	0.000676	1.000097	-0.669464	
687	1.000054	-0.000761	1.405273	0.000761	1.000054	-0.704895	
688	1.000134	-0.000898	1.465088	0.000898	1.000134	-0.813568	
689	1.000073	-0.000996	1.666870	0.000996	1.000073	-0.873535	
690	1.000091	-0.001021	1.686279	0.001021	1.000091	-0.839996	
691	1.000120	-0.001159	1.887878	0.001159	1.000120	-0.941315	
692	1.000071	-0.001151	1.953735	0.001151	1.000071	-0.939819	
693	1.000112	-0.001301	2.180298	0.001301	1.000112	-1.167053	
694	1.000116	-0.001310	2.226501	0.001310	1.000116	-1.185059	
695	1.000146	-0.001365	2.244751	0.001365	1.000146	-1.242828	
696	1.000115	-0.001445	2.467957	0.001445	1.000115	-1.301971	
697	1.000179	-0.001453	2.308167	0.001453	1.000179	-1.372498	
698	1.000162	-0.001569	2.533569	0.001569	1.000162	-1.464264	
699	1.000146	-0.001513	2.459656	0.001513	1.000146	-1.433807	
700	1.000131	-0.001584	2.559937	0.001584	1.000131	-1.443665	
701	1.000130	-0.001572	2.591858	0.001572	1.000130	-1.399994	
702	1.000156	-0.001568	2.475464	0.001568	1.000156	-1.347046	
703	1.000151	-0.001595	2.538452	0.001595	1.000151	-1.391113	
704	1.000123	-0.001458	2.446045	0.001458	1.000123	-1.260406	
705	1.000180	-0.001558	2.525635	0.001558	1.000180	-1.387939	
706	1.000138	-0.001517	2.551270	0.001517	1.000138	-1.387573	
707	1.000164	-0.001557	2.416992	0.001557	1.000164	-1.478729	
708	1.000177	-0.001566	2.489441	0.001566	1.000177	-1.528046	
709	1.000171	-0.001528	2.407837	0.001528	1.000171	-1.448975	
710	1.000193	-0.001593	2.499023	0.001593	1.000193	-1.443756	
711	1.000168	-0.001547	2.467346	0.001547	1.000168	-1.336914	
712	1.000218	-0.001568	2.417542	0.001568	1.000218	-1.370880	
713	1.000165	-0.001531	2.391296	0.001531	1.000165	-1.339447	
714	1.000169	-0.001462	2.360107	0.001462	1.000169	-1.328033	
715	1.000170	-0.001382	2.304016	0.001382	1.000170	-1.176025	
716	1.000152	-0.001394	2.362732	0.001394	1.000152	-1.263184	
717	1.000164	-0.001380	2.302917	0.001380	1.000164	-1.270172	
718	1.000261	-0.001405	2.302063	0.001405	1.000261	-1.287323	
719	1.000112	-0.001394	2.407104	0.001394	1.000112	-1.225281	
720	1.000218	-0.001348	2.208862	0.001348	1.000218	-1.235016	
721	1.000208	-0.001302	2.119873	0.001302	1.000208	-1.189178	
722	1.000162	-0.001314	2.116760	0.001314	1.000162	-1.260834	
723	1.000201	-0.001338	2.045959	0.001338	1.000201	-1.161865	
724	1.000157	-0.001429	2.173279	0.001429	1.000157	-1.193390	
725	1.000126	-0.001304	2.001343	0.001304	1.000126	-1.041931	
726	1.000154	-0.001337	2.082886	0.001337	1.000154	-0.995483	
727	1.000101	-0.001237	2.074341	0.001237	1.000101	-0.919342	
728	1.000134	-0.001219	2.079834	0.001219	1.000134	-0.980591	
729	1.000158	-0.001237	2.076172	0.001237	1.000158	-1.101654	
730	1.000172	-0.001263	2.102295	0.001263	1.000172	-1.167236	
731	1.000229	-0.001250	2.002136	0.001250	1.000229	-1.252136	
732	1.000206	-0.001175	1.966614	0.001175	1.000206	-1.151428	
733	1.000198	-0.001243	2.020142	0.001243	1.000198	-1.129883	
734	1.000227	-0.001245	2.027100	0.001245	1.000227	-1.026428	
735	1.000158	-0.001196	2.070068	0.001196	1.000158	-0.931091	
736	1.000178	-0.001221	1.976685	0.001221	1.000178	-0.907928	
737	1.000160	-0.001233	2.106262	0.001233	1.000160	-0.959808	
738	1.000157	-0.001151	2.034241	0.001151	1.000157	-0.871185	
739	1.000194	-0.001218	1.988953	0.001218	1.000194	-0.990265	
740	1.000150	-0.001161	2.017090	0.001161	1.000150	-0.965973	
741	1.000170	-0.001229	1.996521	0.001229	1.000170	-0.998962	
742	1.000201	-0.001216	1.960999	0.001216	1.000201	-1.066864	
743	1.000143	-0.001171	1.985901	0.001171	1.000143	-1.023010	
744	1.000205	-0.001214	1.962341	0.001214	1.000205	-1.075928	
745	1.000237	-0.001204	1.922363	0.001204	1.000237	-1.125061	
746	1.000246	-0.001206	1.944275	0.001206	1.000246	-1.117676	
747	1.000267	-0.001242	1.931885	0.001242	1.000267	-1.193939	
748	1.000278	-0.001157	1.827515	0.001157	1.000278	-1.069580	
749	1.000324	-0.001204	1.829163	0.001204	1.000324	-1.170746	
750	1.000317	-0.001127	1.729492	0.001127	1.000317	-1.146637	
751	1.000408	-0.001140	1.667725	0.001140	1.000408	-1.304871	
752	1.000401	-0.001161	1.623047	0.001161	1.000401	-1.386475	
753	1.000487	-0.001142	1.618042	0.001142	1.000487	-1.430023	
754	1.000458	-0.001105	1.482910	0.001105	1.000458	-1.334747	
755	1.000554	-0.001130	1.511841	0.001130	1.000554	-1.391876	
756	1.000494	-0.001132	1.431458	0.001132	1.000494	-1.268188	
757	1.000538	-0.001076	1.569458	0.001076	1.000538	-1.197083	
758	1.000419	-0.001123	1.476868	0.001123	1.000419	-1.418304	
759	1.000544	-0.001042	1.299133	0.001042	1.000544	-1.351562	
760	1.000573	-0.001165	1.511230	0.001165	1.000573	-1.776825	
761	1.000564	-0.001034	1.279968	0.001034	1.000564	-1.575714	
762	1.000549	-0.001008	1.365967	0.001008	1.000549	-1.547455	
763	1.000568	-0.001020	1.239624	0.001020	1.000568	-1.445160	
764	1.000566	-0.000952	1.276855	0.000952	1.000566	-1.311493	
765	1.000535	-0.001043	1.288818	0.001043	1.000535	-1.378998	
766	1.000556	-0.000983	1.307251	0.000983	1.000556	-1.338318	
767	1.000507	-0.001030	1.263428	0.001030	1.000507	-1.431946	
768	1.000563	-0.000950	1.255188	0.000950	1.000563	-1.356262	
769	1.000494	-0.000942	1.246704	0.000942	1.000494	-1.290405	
770	1.000559	-0.000932	1.240967	0.000932	1.000559	-1.198090	
771	1.000537	-0.000953	1.213013	0.000953	1.000537	-1.150360	
772	1.000578	-0.000987	1.229248	0.000987	1.000578	-1.336578	
773	1.000559	-0.000957	1.119019	0.000957	1.000559	-1.372589	
774	1.000660	-0.000972	1.175171	0.000972	1.000660	-1.393036	
775	1.000587	-0.000898	1.090088	0.000898	1.000587	-1.089050	
776	1.000543	-0.000949	1.245361	0.000949	1.000543	-1.183380	
777	1.000594	-0.000978	1.114380	0.000978	1.000594	-1.236023	
778	1.000529	-0.000925	1.202759	0.000925	1.000529	-1.249268	
779	1.000573	-0.000970	1.269653	0.000970	1.000573	-1.301758	
780	1.000485	-0.000929	1.152710	0.000929	1.000485	-1.290924	
781	1.000572	-0.000905	1.231323	0.000905	1.000572	-1.225098	
782	1.000503	-0.000910	1.206787	0.000910	1.000503	-1.197968	
783	1.000485	-0.000940	1.216309	0.000940	1.000485	-1.225098	
784	1.000498	-0.000915	1.221191	0.000915	1.000498	-1.196045	
785	1.000523	-0.000964	1.148926	0.000964	1.000523	-1.312744	
786	1.000476	-0.000867	1.125488	0.000867	1.000476	-1.121155	
787	1.000506	-0.000898	1.114502	0.000898	1.000506	-1.069092	
788	1.000527	-0.000859	1.117920	0.000859	1.000527	-1.085205	
789	1.000465	-0.000901	1.164917	0.000901	1.000465	-1.084534	
790	1.000507	-0.000846	1.065796	0.000846	1.000507	-1.080322	
791	1.000493	-0.000871	1.067993	0.000871	1.000493	-1.120667	
792	1.000526	-0.000822	1.048706	0.000822	1.000526	-1.060852	
793	1.000517	-0.000914	1.073242	0.000914	1.000517	-1.108551	
794	1.000469	-0.000767	1.028076	0.000767	1.000469	-0.986908	
795	1.000546	-0.000840	1.000183	0.000840	1.000546	-1.086700	
796	1.000488	-0.000740	0.942627	0.000740	1.000488	-0.927307	
797	1.000525	-0.000841	0.956543	0.000841	1.000525	-1.094788	
798	1.000678	-0.000881	0.696289	0.000881	1.000678	-1.204010	
799	1.000353	-0.000690	1.147339	0.000690	1.000353	-0.848846	
800	1.000501	-0.000780	0.971313	0.000780	1.000501	-1.005066	
801	1.000487	-0.000730	0.921021	0.000730	1.000487	-0.911896	
802	1.000527	-0.000749	0.910156	0.000749	1.000527	-0.914276	
803	1.000471	-0.000745	0.911133	0.000745	1.000471	-0.937988	
804	1.000523	-0.000740	0.931946	0.000740	1.000523	-0.880707	
805	1.000688	-0.000829	0.515869	0.000829	1.000688	-1.092346	
806	1.000350	-0.000624	1.045410	0.000624	1.000350	-0.729523	
807	1.000534	-0.000666	0.722046	0.000666	1.000534	-0.806824	
808	1.000676	-0.000754	0.371460	0.000754	1.000676	-0.936981	
809	1.000535	-0.000650	0.758423	0.000650	1.000535	-0.876953	
810	1.000339	-0.000498	0.893921	0.000498	1.000339	-0.625275	
811	1.000687	-0.000713	0.225525	0.000713	1.000687	-0.965240	
812	1.000541	-0.000656	0.636780	0.000656	1.000541	-0.840729	
813	1.000532	-0.000580	0.566650	0.000580	1.000532	-0.796509	
814	1.000500	-0.000644	0.650024	0.000644	1.000500	-0.810608	
815	1.000493	-0.000543	0.572388	0.000543	1.000493	-0.748199	
816	1.000535	-0.000627	0.576294	0.000627	1.000535	-0.806641	
817	1.000516	-0.000571	0.649048	0.000571	1.000516	-0.745575	
818	1.000516	-0.000568	0.614563	0.000568	1.000516	-0.754639	
819	1.000373	-0.000529	0.838806	0.000529	1.000373	-0.640778	
820	1.000652	-0.000716	0.303589	0.000716	1.000652	-0.955933	
821	1.000383	-0.000498	0.885925	0.000498	1.000383	-0.625183	
822	1.000647	-0.000742	0.377319	0.000742	1.000647	-0.920898	
823	1.000354	-0.000449	0.966370	0.000449	1.000354	-0.605103	
824	1.000530	-0.000666	0.650818	0.000666	1.000530	-0.945068	
825	1.000748	-0.000584	0.209534	0.000584	1.000748	-0.916840	
826	1.000371	-0.000591	0.968628	0.000591	1.000371	-0.799408	
827	1.000517	-0.000574	0.650391	0.000574	1.000517	-0.805328	
828	1.000700	-0.000737	0.339294	0.000737	1.000700	-0.967224	
829	1.000360	-0.000506	0.954041	0.000506	1.000360	-0.721008	
830	1.000775	-0.000729	0.345276	0.000729	1.000775	-1.042480	
831	1.000347	-0.000510	0.894836	0.000510	1.000347	-0.655273	
832	1.000690	-0.000724	0.505493	0.000724	1.000690	-0.928894	
833	1.000322	-0.000443	0.909607	0.000443	1.000322	-0.540802	
834	1.000739	-0.000698	0.302917	0.000698	1.000739	-0.886780	
835	1.000348	-0.000487	0.949158	0.000487	1.000348	-0.607208	
836	1.000695	-0.000750	0.345093	0.000750	1.000695	-0.931183	
837	1.000301	-0.000485	0.963989	0.000485	1.000301	-0.611206	
838	1.000673	-0.000695	0.265442	0.000695	1.000673	-0.880402	
839	1.000545	-0.000630	0.610229	0.000630	1.000545	-0.782349	
840	1.000387	-0.000535	0.740479	0.000535	1.000387	-0.653259	
841	1.000680	-0.000717	0.266602	0.000717	1.000680	-0.929504	
842	1.000300	-0.000459	0.924683	0.000459	1.000300	-0.519287	
843	1.000641	-0.000575	0.100220	0.000575	1.000641	-0.735779	
844	1.000626	-0.000565	0.503296	0.000565	1.000626	-0.748962	
845	1.000507	-0.000459	0.368713	0.000459	1.000507	-0.561768	
846	1.000466	-0.000489	0.481995	0.000489	1.000466	-0.590607	
847	1.000524	-0.000384	0.347961	0.000384	1.000524	-0.517120	
848	1.000450	-0.000475	0.359497	0.000475	1.000450	-0.588867	
849	1.000501	-0.000398	0.332703	0.000398	1.000501	-0.533417	
850	1.000447	-0.000474	0.390808	0.000474	1.000447	-0.575684	
851	1.000494	-0.000428	0.346680	0.000428	1.000494	-0.524597	
852	1.000473	-0.000441	0.367676	0.000441	1.000473	-0.499664	
853	1.000545	-0.000444	0.318787	0.000444	1.000545	-0.583344	
854	1.000509	-0.000454	0.469360	0.000454	1.000509	-0.543182	
855	1.000500	-0.000502	0.379456	0.000502	1.000500	-0.581238	
856	1.000530	-0.000593	0.604187	0.000593	1.000530	-0.589966	
857	1.000501	-0.000551	0.501160	0.000551	1.000501	-0.613434	
858	1.000443	-0.000562	0.625977	0.000562	1.000443	-0.482452	
859	1.000474	-0.000553	0.500549	0.000553	1.000474	-0.534943	
860	1.000406	-0.000608	0.721619	0.000608	1.000406	-0.485535	
861	1.000438	-0.000489	0.498840	0.000489	1.000438	-0.356995	
862	1.000246	-0.000439	0.936890	0.000439	1.000246	-0.229065	
863	1.000523	-0.000541	0.196716	0.000541	1.000523	-0.438843	
864	1.000342	-0.000524	0.607544	0.000524	1.000342	-0.241913	
865	1.000359	-0.000467	0.516296	0.000467	1.000359	-0.255066	
866	1.000257	-0.000441	0.629211	0.000441	1.000257	-0.081879	
867	1.000352	-0.000466	0.520203	0.000466	1.000352	-0.191742	
868	1.000215	-0.000342	0.840454	0.000342	1.000215	0.008667	
869	1.000358	-0.000417	0.153809	0.000417	1.000358	-0.076569	
870	1.000314	-0.000349	0.399902	0.000349	1.000314	0.106781	
871	1.000288	-0.000353	0.383728	0.000353	1.000288	0.032166	
872	1.000247	-0.000303	0.446045	0.000303	1.000247	0.177887	
873	1.000274	-0.000327	0.412781	0.000327	1.000274	0.128540	
874	1.000238	-0.000287	0.429565	0.000287	1.000238	0.249207	
875	1.000215	-0.000250	0.402588	0.000250	1.000215	0.248230	
876	1.000175	-0.000283	0.468750	0.000283	1.000175	0.371582	
877	1.000162	-0.000256	0.525513	0.000256	1.000162	0.380249	
878	0.999997	-0.000175	0.579712	0.000175	0.999997	0.772736	
879	1.000125	-0.000259	0.551941	0.000259	1.000125	0.456085	
880	1.000015	-0.000239	0.691284	0.000239	1.000015	0.568665	
881	1.000039	-0.000264	0.617920	0.000264	1.000039	0.515442	
882	1.000017	-0.000263	0.625854	0.000263	1.000017	0.627380	
883	0.999935	-0.000287	0.673828	0.000287	0.999935	0.566620	
884	0.999935	-0.000245	0.711365	0.000245	0.999935	0.710236	
885	0.999943	-0.000305	0.641968	0.000305	0.999943	0.597961	
886	0.999870	-0.000236	0.762085	0.000236	0.999870	0.812439	
887	0.999885	-0.000297	0.626099	0.000297	0.999885	0.738556	
888	0.999779	-0.000197	0.783325	0.000197	0.999779	0.936188	
889	0.999827	-0.000248	0.672546	0.000248	0.999827	0.873901	
890	0.999749	-0.000213	0.820374	0.000213	0.999749	0.989929	
891	0.999759	-0.000272	0.796570	0.000272	0.999759	0.942017	
892	0.999655	-0.000186	0.880127	0.000186	0.999655	1.123505	
893	0.999734	-0.000295	0.776855	0.000295	0.999734	0.979736	
894	0.999651	-0.000198	0.807373	0.000198	0.999651	1.113037	
895	0.999662	-0.000221	0.770142	0.000221	0.999662	1.097961	
896	0.999619	-0.000179	0.812561	0.000179	0.999619	1.199127	
897	0.999657	-0.000151	0.696045	0.000151	0.999657	1.186798	
898	0.999569	-0.000202	0.822266	0.000202	0.999569	1.220947	
899	0.999655	-0.000159	0.676453	0.000159	0.999655	1.167938	
900	0.999592	-0.000107	0.744507	0.000107	0.999592	1.265350	
901	0.999658	-0.000120	0.601501	0.000120	0.999658	1.207672	
902	0.999590	-0.000178	0.644470	0.000178	0.999590	1.145447	
903	0.999622	-0.000095	0.643311	0.000095	0.999622	1.270660	
904	0.999611	-0.000109	0.576965	0.000109	0.999611	1.178284	
905	0.999585	-0.000074	0.701233	0.000074	0.999585	1.212585	
906	0.999630	-0.000068	0.523315	0.000068	0.999630	1.215393	
907	0.999682	-0.000030	0.443481	0.000030	0.999682	1.236237	
908	0.999603	-0.000066	0.562134	0.000066	0.999603	1.198700	
909	0.999670	-0.000026	0.497803	0.000026	0.999670	1.190460	
910	0.999610	-0.000017	0.518433	0.000017	0.999610	1.230103	
911	0.999712	-0.000008	0.429810	0.000008	0.999712	1.186859	
912	0.999690	-0.000033	0.400452	0.000033	0.999690	1.133789	
913	0.999775	-0.000015	0.311401	0.000015	0.999775	1.127716	
914	0.999681	-0.000008	0.423218	0.000008	0.999681	1.123718	
915	0.999786	-0.000057	0.339722	0.000057	0.999786	1.033875	
916	0.999647	-0.000004	0.491272	0.000004	0.999647	1.098785	
917	0.999774	-0.000025	0.360840	0.000025	0.999774	1.032837	
918	0.999716	-0.000037	0.442505	0.000037	0.999716	1.025024	
919	0.999875	-0.000025	0.139526	0.000025	0.999875	0.924133	
920	0.999796	0.000003	0.264771	-0.000003	0.999796	0.982056	
921	0.999809	-0.000008	0.276428	0.000008	0.999809	0.902985	
922	0.999747	-0.000021	0.361084	0.000021	0.999747	0.960266	
923	0.999831	0.000001	0.189453	-0.000001	0.999831	0.879913	
924	0.999820	-0.000033	0.205444	0.000033	0.999820	0.846832	
925	0.999879	0.000004	0.140503	-0.000004	0.999879	0.785736	
926	0.999857	-0.000022	0.164856	0.000022	0.999857	0.710205	
927	0.999879	-0.000022	0.158142	0.000022	0.999879	0.593781	
928	0.999848	0.000038	0.223450	-0.000038	0.999848	0.732513	
929	0.999797	0.000001	0.254517	-0.000001	0.999797	0.616791	
930	0.999824	0.000050	0.183594	-0.000050	0.999824	0.276794	
931	0.999746	0.000016	0.282043	-0.000016	0.999746	0.483551	
932	0.999689	0.000061	0.248840	-0.000061	0.999689	0.613342	
933	0.999745	0.000090	0.172119	-0.000090	0.999745	0.608459	
934	0.999726	0.000151	0.092773	-0.000151	0.999726	0.614410	
935	0.999710	0.000185	0.028320	-0.000185	0.999710	0.637329	
936	0.999748	0.000341	-0.143677	-0.000341	0.999748	0.753082	
937	0.999720	0.000469	-0.652893	-0.000469	0.999720	0.894836	
938	0.999915	0.000756	-1.167419	-0.000756	0.999915	1.039825	
939	0.999875	0.000875	-1.583496	-0.000875	0.999875	0.964844	
940	0.999897	0.001437	-2.184814	-0.001437	0.999897	1.508545	
941	0.999931	0.001771	-3.067932	-0.001771	0.999931	1.773682	
942	0.999974	0.001863	-3.377808	-0.001863	0.999974	1.820343	
943	1.000121	0.002361	-4.297974	-0.002361	1.000121	2.266571	
944	1.000036	0.003052	-5.132019	-0.003052	1.000036	2.952087	
945	0.999331	0.003461	-5.131592	-0.003461	0.999331	3.624786	
946	0.999266	0.003842	-5.828613	-0.003842	0.999266	4.011017	
947	0.999058	0.004556	-6.735229	-0.004556	0.999058	4.769012	
948	0.998645	0.005050	-7.102417	-0.005050	0.998645	5.407654	
949	0.998987	0.005655	-8.487549	-0.005655	0.998987	5.841888	
950	0.998474	0.006273	-8.977173	-0.006273	0.998474	6.734924	
951	0.998908	0.006760	-10.249512	-0.006760	0.998908	7.039673	
952	0.998795	0.007381	-11.247314	-0.007381	0.998795	7.666565	
953	1.001881	0.008096	-14.647888	-0.008096	1.001881	6.720306	
954	0.999477	0.008537	-13.576233	-0.008537	0.999477	8.539246	
955	0.998678	0.008548	-13.085815	-0.008548	0.998678	8.828369	
956	0.998623	0.009066	-13.813965	-0.009066	0.998623	9.359039	
957	0.998724	0.009166	-14.215088	-0.009166	0.998724	9.295013	
958	0.998535	0.009184	-14.222656	-0.009184	0.998535	9.455872	
959	0.999030	0.009358	-14.672424	-0.009358	0.999030	9.503357	
960	0.998796	0.009361	-14.367920	-0.009361	0.998796	9.630829	
961	0.999227	0.009225	-14.616028	-0.009225	0.999227	9.233002	
962	0.999188	0.009016	-14.118408	-0.009016	0.999188	9.122223	
963	0.999324	0.009201	-14.450500	-0.009201	0.999324	9.240051	
964	0.998555	0.008412	-12.788452	-0.008412	0.998555	8.591431	
965	0.999240	0.008533	-13.271362	-0.008533	0.999240	8.612671	
966	0.999494	0.008161	-12.895020	-0.008161	0.999494	8.051392	
967	0.999866	0.007518	-12.511292	-0.007518	0.999866	7.270813	
968	0.999418	0.007059	-11.197266	-0.007059	0.999418	7.113434	
969	0.999251	0.006539	-9.985107	-0.006539	0.999251	6.609985	
970	0.999481	0.005770	-9.124268	-0.005770	0.999481	5.760010	
971	0.999718	0.005103	-8.269043	-0.005103	0.999718	4.968353	
972	0.999699	0.004575	-7.293701	-0.004575	0.999699	4.434540	
973	0.999845	0.003942	-6.644348	-0.003942	0.999845	3.788605	
974	0.999995	0.003640	-6.004517	-0.003640	0.999995	3.523987	
975	0.999928	0.003220	-5.513062	-0.003220	0.999928	3.073242	
976	0.999929	0.003141	-5.211914	-0.003141	0.999929	2.979034	
977	0.999916	0.003017	-4.959778	-0.003017	0.999916	2.889771	
978	1.000086	0.003230	-5.442688	-0.003230	1.000086	2.957458	
979	1.000118	0.003146	-5.545288	-0.003146	1.000118	2.951324	
980	1.000054	0.003510	-6.054260	-0.003510	1.000054	3.254364	
981	0.999876	0.003747	-6.282959	-0.003747	0.999876	3.698730	
982	1.000214	0.004055	-7.143127	-0.004055	1.000214	3.792419	
983	1.000206	0.004267	-7.511902	-0.004267	1.000206	4.006683	
984	0.999871	0.004656	-7.709839	-0.004656	0.999871	4.543335	
985	1.000119	0.004803	-8.268494	-0.004803	1.000119	4.589325	
986	1.000390	0.005037	-8.870605	-0.005037	1.000390	4.671906	
987	1.000212	0.005236	-8.974304	-0.005236	1.000212	4.908813	
988	1.000141	0.005244	-9.111572	-0.005244	1.000141	5.001617	
989	1.000188	0.005497	-9.234314	-0.005497	1.000188	5.263641	
990	1.000476	0.005399	-9.675232	-0.005399	1.000476	5.010620	
991	1.000326	0.005440	-9.533020	-0.005440	1.000326	5.149200	
992	1.000259	0.005466	-9.560791	-0.005466	1.000259	5.204803	
993	1.000438	0.005474	-9.650940	-0.005474	1.000438	5.102203	
994	1.000269	0.005596	-9.717224	-0.005596	1.000269	5.353241	
995	1.000500	0.005531	-9.829346	-0.005531	1.000500	5.123535	
996	1.000270	0.005609	-9.824707	-0.005609	1.000270	5.385223	
997	1.000427	0.005645	-9.935730	-0.005645	1.000427	5.296143	
998	1.000506	0.005638	-10.097412	-0.005638	1.000506	5.262726	
999	1.000142	0.005663	-9.649536	-0.005663	1.000142	5.424622	
1000	1.000458	0.005599	-10.068848	-0.005599	1.000458	5.273407	
1001	1.000757	0.005620	-10.341675	-0.005620	1.000757	5.136780	
1002	1.000600	0.005593	-10.008118	-0.005593	1.000600	5.249390	
1003	1.000376	0.005582	-9.833130	-0.005582	1.000376	5.283447	
1004	1.000539	0.005474	-9.766113	-0.005474	1.000539	5.076752	
1005	1.000323	0.005490	-9.582275	-0.005490	1.000323	5.217468	
1006	1.000378	0.005351	-9.279175	-0.005351	1.000378	5.018524	
1007	1.000933	0.005242	-9.705627	-0.005242	1.000933	4.676086	
1008	1.000675	0.005176	-9.332947	-0.005176	1.000675	4.715820	
1009	1.000908	0.005120	-9.619507	-0.005120	1.000908	4.735687	
1010	1.000738	0.005173	-9.369446	-0.005173	1.000738	4.689697	
1011	1.001006	0.005061	-9.569641	-0.005061	1.001006	4.641663	
1012	1.000422	0.005077	-8.850586	-0.005077	1.000422	4.929169	
1013	1.000558	0.005067	-9.257324	-0.005067	1.000558	4.807404	
1014	1.001133	0.005040	-9.557983	-0.005040	1.001133	4.611176	
1015	1.000906	0.005031	-9.483398	-0.005031	1.000906	4.660492	
1016	1.001180	0.005096	-9.633057	-0.005096	1.001180	4.491699	
1017	1.000809	0.005121	-9.567871	-0.005121	1.000809	4.742157	
1018	1.000874	0.005141	-9.582397	-0.005141	1.000874	4.778229	
1019	1.001048	0.005265	-9.911133	-0.005265	1.001048	4.815521	
1020	1.000809	0.005181	-9.606995	-0.005181	1.000809	4.900543	
1021	1.001418	0.005198	-10.053955	-0.005198	1.001418	4.734589	
1022	1.000669	0.005168	-9.250061	-0.005168	1.000669	4.920593	
1023	1.001403	0.005076	-9.563904	-0.005076	1.001403	4.574554	
1024	1.001119	0.004845	-8.943787	-0.004845	1.001119	4.439148	
1025	0.999220	0.004616	-7.226562	-0.004616	0.999220	4.899841	
1026	0.999161	0.004146	-6.279053	-0.004146	0.999161	4.418732	
1027	0.999030	0.003858	-5.597290	-0.003858	0.999030	4.209167	
1028	0.999483	0.003782	-5.879517	-0.003782	0.999483	3.987793	
1029	0.999175	0.003778	-5.596313	-0.003778	0.999175	3.998322	
1030	0.999400	0.003687	-5.734253	-0.003687	0.999400	3.771759	
1031	0.999305	0.003510	-5.252563	-0.003510	0.999305	3.607880	
1032	0.999466	0.003304	-5.071777	-0.003304	0.999466	3.406799	
1033	0.999439	0.002922	-4.309448	-0.002922	0.999439	3.074432	
1034	0.999804	0.002461	-4.147827	-0.002461	0.999804	2.636139	
1035	0.999786	0.002111	-3.486816	-0.002111	0.999786	2.314453	
1036	0.999818	0.001806	-2.879395	-0.001806	0.999818	1.989502	
1037	0.999827	0.001699	-2.579590	-0.001699	0.999827	1.920349	
1038	0.999863	0.001343	-2.059814	-0.001343	0.999863	1.511963	
1039	0.999866	0.001305	-1.943726	-0.001305	0.999866	1.500854	
1040	0.999945	0.001113	-1.734375	-0.001113	0.999945	1.248596	
1041	0.999865	0.001049	-1.425415	-0.001049	0.999865	1.171997	
1042	0.999935	0.000885	-1.328125	-0.000885	0.999935	1.000000	
1043	0.999934	0.000858	-1.118530	-0.000858	0.999934	0.930664	
1044	0.999954	0.000670	-0.701782	-0.000670	0.999954	0.734863	
1045	0.999999	0.000611	-0.722290	-0.000611	0.999999	0.653931	
1046	0.999993	0.000142	-0.147217	-0.000142	0.999993	0.171814	
1047	1.000035	0.000115	0.059448	-0.000115	1.000035	0.163391	
1048	1.000144	-0.000373	1.019897	0.000373	1.000144	-0.275452	
1049	1.000201	-0.001032	1.847900	0.001032	1.000201	-0.955505	
1050	1.000210	-0.001531	2.652832	0.001531	1.000210	-1.421936	
1051	1.000243	-0.001666	2.979980	0.001666	1.000243	-1.660278	
1052	1.000304	-0.002058	3.567749	0.002058	1.000304	-1.956055	
1053	1.000426	-0.002297	3.700806	0.002297	1.000426	-2.214600	
1054	1.000478	-0.002491	4.051636	0.002491	1.000478	-2.391998	
1055	1.000314	-0.002684	4.599487	0.002684	1.000314	-2.569885	
1056	1.000453	-0.002680	4.486694	0.002680	1.000453	-2.549469	
1057	1.000581	-0.002837	4.467651	0.002837	1.000581	-2.740112	
1058	1.000465	-0.002772	4.785645	0.002772	1.000465	-2.615173	
1059	1.000651	-0.002726	4.497681	0.002726	1.000651	-2.632294	
1060	1.000547	-0.002752	4.553345	0.002752	1.000547	-2.828033	
1061	1.000512	-0.002931	4.917969	0.002931	1.000512	-2.945007	
1062	1.000731	-0.002655	4.240112	0.002655	1.000731	-2.640198	
1063	1.000424	-0.002868	4.862305	0.002868	1.000424	-2.809509	
1064	1.000816	-0.002860	4.304565	0.002860	1.000816	-2.939545	
1065	1.000771	-0.002826	4.375854	0.002826	1.000771	-2.853516	
1066	1.000770	-0.002785	4.278076	0.002785	1.000770	-2.795532	
1067	1.000563	-0.002897	4.684448	0.002897	1.000563	-2.852356	
1068	1.000883	-0.002778	4.073608	0.002778	1.000883	-2.896576	
1069	1.000448	-0.002828	4.721069	0.002828	1.000448	-2.760162	
1070	1.000608	-0.002834	4.577515	0.002834	1.000608	-2.825775	
1071	0.999595	-0.002668	5.258850	0.002668	0.999595	-2.275482	
1072	1.000779	-0.002815	4.288452	0.002815	1.000779	-2.751251	
1073	1.000465	-0.002812	4.651123	0.002812	1.000465	-2.674377	
1074	1.000563	-0.002943	4.646118	0.002943	1.000563	-2.867523	
1075	1.000473	-0.002808	4.588745	0.002808	1.000473	-2.720367	
1076	1.000336	-0.002878	4.894592	0.002878	1.000336	-2.801819	
1077	0.999960	-0.002733	4.979614	0.002733	0.999960	-2.488281	
1078	1.000241	-0.002795	4.772278	0.002795	1.000241	-2.727814	
1079	1.000212	-0.002738	4.646118	0.002738	1.000212	-2.585114	
1080	1.000253	-0.002698	4.289856	0.002698	1.000253	-2.575287	
1081	1.000184	-0.002500	4.319885	0.002500	1.000184	-2.355072	
1082	1.000196	-0.002305	3.872986	0.002305	1.000196	-2.164795	
1083	1.000064	-0.001887	3.546875	0.001887	1.000064	-1.736511	
1084	1.000077	-0.001658	2.967163	0.001658	1.000077	-1.529144	
1085	1.000047	-0.001386	2.571228	0.001386	1.000047	-1.267212	
1086	1.000044	-0.001323	2.197937	0.001323	1.000044	-1.187073	
1087	1.000032	-0.001052	1.817444	0.001052	1.000032	-0.814789	
1088	0.999957	-0.000998	1.791199	0.000998	0.999957	-0.692627	
1089	0.999964	-0.000834	1.614136	0.000834	0.999964	-0.529327	
1090	0.999863	-0.000700	1.543091	0.000700	0.999863	-0.347168	
1091	0.999908	-0.000646	1.375916	0.000646	0.999908	-0.346039	
1092	0.999848	-0.000558	1.297729	0.000558	0.999848	-0.246643	
1093	0.999873	-0.000441	1.079041	0.000441	0.999873	-0.188568	
1094	0.999857	-0.000433	0.631042	0.000433	0.999857	-0.144470	
1095	0.999877	-0.000357	0.605896	0.000357	0.999877	-0.053864	
1096	0.999816	-0.000287	0.568665	0.000287	0.999816	0.077972	
1097	0.999832	-0.000177	0.410461	0.000177	0.999832	0.144775	
1098	0.999873	-0.000109	0.333618	0.000109	0.999873	0.172577	
1099	0.999905	-0.000068	0.243469	0.000068	0.999905	0.123108	
1100	0.999953	-0.000138	0.397522	0.000138	0.999953	0.030151	
1101	0.999982	-0.000208	0.587585	0.000208	0.999982	-0.063141	
1102	1.000017	-0.000541	1.140808	0.000541	1.000017	-0.472473	
1103	1.000044	-0.000889	1.717224	0.000889	1.000044	-0.776398	
1104	0.999995	-0.001592	2.706360	0.001592	0.999995	-1.412445	
1105	1.000043	-0.002010	3.525818	0.002010	1.000043	-1.857574	
1106	0.999466	-0.002656	5.097046	0.002656	0.999466	-2.185944	
1107	0.999683	-0.003196	5.948242	0.003196	0.999683	-2.869568	
1108	0.999517	-0.003829	7.088684	0.003829	0.999517	-3.426971	
1109	0.999060	-0.004219	8.339355	0.004219	0.999060	-3.775513	
1110	0.999040	-0.004633	8.946533	0.004633	0.999040	-4.193481	
1111	0.999221	-0.004905	9.277405	0.004905	0.999221	-4.465851	
1112	0.999290	-0.005123	9.571350	0.005123	0.999290	-4.662903	
1113	0.999645	-0.005341	9.409302	0.005341	0.999645	-4.909943	
1114	0.999343	-0.005591	9.972900	0.005591	0.999343	-4.988403	
1115	0.999231	-0.005517	10.021423	0.005517	0.999231	-4.896149	
1116	0.999457	-0.005474	9.710876	0.005474	0.999457	-4.929169	
1117	0.999547	-0.005425	9.522644	0.005425	0.999547	-5.081573	
1118	0.999676	-0.005240	9.146912	0.005240	0.999676	-4.784393	
1119	0.999241	-0.004992	9.254517	0.004992	0.999241	-4.413147	
1120	0.999637	-0.004944	8.597595	0.004944	0.999637	-4.479645	
1121	0.999735	-0.004700	8.213013	0.004700	0.999735	-4.468719	
1122	0.999440	-0.004388	8.081482	0.004388	0.999440	-4.001282	
1123	0.999570	-0.004324	7.787598	0.004324	0.999570	-3.995270	
1124	0.999693	-0.004154	7.419189	0.004154	0.999693	-3.895050	
1125	0.999660	-0.004048	7.202759	0.004048	0.999660	-3.695557	
1126	0.999347	-0.004009	7.424866	0.004009	0.999347	-3.502411	
1127	0.999880	-0.003838	6.770813	0.003838	0.999880	-3.579712	
1128	0.999721	-0.003821	6.725952	0.003821	0.999721	-3.559326	
1129	0.999683	-0.003736	6.690002	0.003736	0.999683	-3.460724	
1130	0.999727	-0.003694	6.525269	0.003694	0.999727	-3.440796	
1131	0.999563	-0.003624	6.489929	0.003624	0.999563	-3.264526	
1132	0.999800	-0.003624	6.417542	0.003624	0.999800	-3.408264	
1133	0.999901	-0.003489	6.060303	0.003489	0.999901	-3.316162	
1134	0.999644	-0.003482	6.373474	0.003482	0.999644	-3.202850	
1135	0.999607	-0.003407	6.234436	0.003407	0.999607	-3.208893	
1136	0.999718	-0.003385	6.194275	0.003385	0.999718	-3.277618	
1137	0.999755	-0.003561	6.191528	0.003561	0.999755	-3.358307	
1138	0.999961	-0.003723	6.282959	0.003723	0.999961	-3.490601	
1139	0.999841	-0.003785	6.500610	0.003785	0.999841	-3.464752	
1140	0.999666	-0.003915	7.061768	0.003915	0.999666	-3.661713	
1141	0.999965	-0.004224	7.199341	0.004224	0.999965	-4.272644	
1142	0.999883	-0.004446	7.659119	0.004446	0.999883	-4.364197	
1143	1.000121	-0.004835	7.868042	0.004835	1.000121	-4.775330	
1144	0.999904	-0.005121	8.521301	0.005121	0.999904	-4.827545	
1145	0.999713	-0.005311	9.163940	0.005311	0.999713	-4.803131	
1146	1.000008	-0.005508	9.436035	0.005508	1.000008	-5.352173	
1147	1.000579	-0.005700	9.143799	0.005700	1.000579	-5.937500	
1148	1.000166	-0.005874	9.863159	0.005874	1.000166	-5.896484	
1149	1.000246	-0.005864	9.811157	0.005864	1.000246	-5.873871	
1150	1.000604	-0.006074	9.664307	0.006074	1.000604	-6.147980	
1151	1.000052	-0.005943	10.148010	0.005943	1.000052	-5.695648	
1152	1.000184	-0.005958	9.934265	0.005958	1.000184	-5.761993	
1153	1.000394	-0.006087	9.944702	0.006087	1.000394	-6.021362	
1154	0.999846	-0.005998	10.318909	0.005998	0.999846	-5.798737	
1155	0.999876	-0.006302	10.707458	0.006302	0.999876	-6.137939	
1156	1.001032	-0.006745	10.164673	0.006745	1.001032	-7.093475	
1157	1.001048	-0.007101	10.767944	0.007101	1.001048	-7.442322	
1158	0.999538	-0.007182	12.561890	0.007182	0.999538	-6.907715	
1159	1.001399	-0.007517	11.592041	0.007517	1.001399	-7.724854	
1160	1.000395	-0.008120	13.251892	0.008120	1.000395	-8.060791	
1161	1.000438	-0.008572	13.847351	0.008572	1.000438	-8.386139	
1162	1.001658	-0.008713	12.882324	0.008713	1.001658	-9.046661	
1163	1.000916	-0.009018	14.092041	0.009018	1.000916	-9.186676	
1164	1.001478	-0.009336	13.828125	0.009336	1.001478	-9.747437	
1165	0.998007	-0.009474	17.029358	0.009474	0.998007	-8.116089	
1166	1.000627	-0.009387	14.888916	0.009387	1.000627	-9.583801	
1167	1.001026	-0.009381	14.699646	0.009381	1.001026	-9.593231	
1168	1.000904	-0.009363	14.685730	0.009363	1.000904	-9.645264	
1169	1.001559	-0.009215	13.810547	0.009215	1.001559	-9.776855	
1170	1.001480	-0.009248	13.572144	0.009248	1.001480	-9.814026	
1171	1.001610	-0.008816	13.168335	0.008816	1.001610	-9.426086	
1172	1.001592	-0.008855	12.831177	0.008855	1.001592	-9.434204	
1173	1.001147	-0.008605	12.971680	0.008605	1.001147	-8.935089	
1174	1.001415	-0.008390	12.366821	0.008390	1.001415	-8.757294	
1175	1.001034	-0.008089	12.253967	0.008089	1.001034	-8.402527	
1176	1.002315	-0.007889	10.652588	0.007889	1.002315	-8.848846	
1177	1.002418	-0.007709	9.958130	0.007709	1.002418	-8.939941	
1178	1.002233	-0.007155	9.461182	0.007155	1.002233	-8.117096	
1179	1.002005	-0.006921	9.227783	0.006921	1.002005	-7.909790	
1180	1.001952	-0.006387	8.761353	0.006387	1.001952	-7.120056	
1181	1.001475	-0.006071	8.961792	0.006071	1.001475	-6.656677	
1182	1.002083	-0.006192	7.815674	0.006192	1.002083	-7.188263	
1183	1.001614	-0.006053	8.251831	0.006053	1.001614	-6.720978	
1184	1.001637	-0.006107	8.597656	0.006107	1.001637	-6.688171	
1185	1.001951	-0.006843	9.415283	0.006843	1.001951	-7.546844	
1186	0.998974	-0.007872	14.096497	0.007872	0.998974	-7.143585	
1187	1.002481	-0.009637	13.692993	0.009637	1.002481	-10.578583	
1188	0.999627	-0.011719	19.571716	0.011719	0.999627	-11.192139	
1189	0.999485	-0.013350	23.015869	0.013350	0.999485	-12.835266	
1190	0.998517	-0.017249	28.674622	0.017249	0.998517	-16.011536	
1191	1.002877	-0.019334	27.279419	0.019334	1.002877	-20.684570	
1192	1.000313	-0.020637	31.742188	0.020637	1.000313	-20.102600	
1193	1.002243	-0.020480	31.711182	0.020480	1.002243	-20.641815	
1194	0.999254	-0.022313	36.314209	0.022313	0.999254	-20.969360	
1195	1.004692	-0.023556	32.151123	0.023556	1.004692	-25.483765	
1196	1.000709	-0.023809	36.605530	0.023809	1.000709	-24.107422	
1197	1.002751	-0.023320	34.963867	0.023320	1.002751	-24.693939	
1198	1.008436	-0.024450	29.205444	0.024450	1.008436	-28.556885	
1199	1.008750	-0.024278	28.999390	0.024278	1.008750	-28.032684	
1200	1.003118	-0.023895	34.823730	0.023895	1.003118	-24.448364	
1201	1.002465	-0.023800	35.475464	0.023800	1.002465	-24.097656	
1202	1.002954	-0.023324	34.228271	0.023324	1.002954	-24.154175	
1203	1.004147	-0.023003	32.269775	0.023003	1.004147	-25.029419	
1204	1.002451	-0.022357	32.866699	0.022357	1.002451	-23.755066	
1205	1.006917	-0.019540	24.942749	0.019540	1.006917	-22.860413	
1206	1.003659	-0.019480	27.116455	0.019480	1.003659	-21.372253	
1207	1.001567	-0.019412	28.067261	0.019412	1.001567	-20.396423	
1208	1.002633	-0.016101	23.045898	0.016101	1.002633	-17.443420	
1209	1.003245	-0.014542	19.850708	0.014542	1.003245	-16.328552	
1210	1.001561	-0.012704	19.810181	0.012704	1.001561	-13.397827	
1211	1.001770	-0.011772	17.767944	0.011772	1.001770	-12.681732	
1212	1.001943	-0.010776	15.936035	0.010776	1.001943	-11.662476	
1213	1.001512	-0.010234	15.355957	0.010234	1.001512	-10.861145	
1214	1.002673	-0.010565	13.573853	0.010565	1.002673	-12.259216	
1215	1.001268	-0.009176	14.264648	0.009176	1.001268	-9.677643	
1216	1.001272	-0.009103	13.892456	0.009103	1.001272	-9.715942	
1217	1.001886	-0.009011	13.047607	0.009011	1.001886	-9.990601	
1218	1.001825	-0.009183	13.928223	0.009183	1.001825	-10.024017	
1219	1.003000	-0.010119	14.012573	0.010119	1.003000	-11.451202	
1220	1.002984	-0.011851	16.860962	0.011851	1.002984	-13.096649	
1221	1.003927	-0.013519	18.788452	0.013519	1.003927	-15.229004	
1222	1.005647	-0.015062	20.045166	0.015062	1.005647	-17.213257	
1223	1.006585	-0.017776	22.543091	0.017776	1.006585	-20.981873	
1224	1.007335	-0.019636	25.135498	0.019636	1.007335	-22.923096	
1225	0.992158	-0.019335	40.581757	0.019335	0.992158	-17.169678	
1226	1.009097	-0.023330	28.697632	0.023330	1.009097	-27.371643	
1227	1.009404	-0.022326	28.812622	0.022326	1.009404	-25.127319	
1228	1.009852	-0.022958	30.188477	0.022958	1.009852	-25.546631	
1229	1.010820	-0.025537	31.552002	0.025537	1.010820	-29.953979	
1230	1.011388	-0.024549	30.950073	0.024549	1.011388	-28.267059	
1231	0.995104	-0.024845	47.564575	0.024845	0.995104	-24.067047	
1232	1.011546	-0.025718	32.959595	0.025718	1.011546	-29.613953	
1233	1.012087	-0.025887	32.898804	0.025887	1.012087	-29.832458	
1234	0.992087	-0.025745	53.226166	0.025745	0.992087	-24.970520	
1235	1.004120	-0.027778	42.111572	0.027778	1.004120	-29.860748	
1236	0.989690	-0.025963	52.968964	0.025963	0.989690	-22.007629	
1237	0.999994	-0.026976	45.981201	0.026976	0.999994	-27.606049	
1238	0.989625	-0.027235	54.459412	0.027235	0.989625	-23.013367	
1239	0.987403	-0.025160	52.212769	0.025160	0.987403	-19.730713	
1240	0.991738	-0.028121	53.932983	0.028121	0.991738	-24.920868	
1241	0.993106	-0.027854	53.250854	0.027854	0.993106	-25.907227	
1242	0.993557	-0.029920	52.917603	0.029920	0.993557	-26.372345	
1243	0.993231	-0.028157	52.232910	0.028157	0.993231	-25.684509	
1244	0.993341	-0.031842	54.536133	0.031842	0.993341	-27.242126	
1245	0.985719	-0.025664	56.860168	0.025664	0.985719	-21.758606	
1246	0.981916	-0.026468	57.141510	0.026468	0.981916	-17.518311	
1247	0.985731	-0.023888	54.289612	0.023888	0.985731	-20.109955	
1248	0.989711	-0.025372	50.553772	0.025372	0.989711	-20.459167	
1249	0.997930	-0.022761	38.700989	0.022761	0.997930	-22.289948	
1250	0.992672	-0.017038	36.508484	0.017038	0.992672	-16.106873	
1251	0.992896	-0.016285	32.480408	0.016285	0.992896	-13.295227	
1252	0.994360	-0.014061	27.417450	0.014061	0.994360	-11.667358	
1253	0.995485	-0.011936	23.111725	0.011936	0.995485	-10.421936	
1254	0.997241	-0.009261	17.540344	0.009261	0.997241	-8.746704	
1255	0.998178	-0.007889	14.811218	0.007889	0.998178	-7.759033	
1256	0.998649	-0.006120	11.323669	0.006120	0.998649	-6.005737	
1257	0.998688	-0.004780	9.205811	0.004780	0.998688	-4.701477	
1258	0.998979	-0.004006	7.564941	0.004006	0.998979	-4.106873	
1259	0.999083	-0.003232	6.309814	0.003232	0.999083	-3.434082	
1260	0.999414	-0.002978	5.692749	0.002978	0.999414	-3.494629	
1261	0.999266	-0.002877	5.698120	0.002877	0.999266	-3.394592	
1262	0.999101	-0.003167	6.454224	0.003167	0.999101	-3.643860	
1263	0.998844	-0.003627	7.502380	0.003627	0.998844	-3.928833	
1264	0.998439	-0.004602	9.274719	0.004602	0.998439	-4.441223	
1265	0.998059	-0.005407	11.236816	0.005407	0.998059	-5.170410	
1266	0.997565	-0.006649	13.659424	0.006649	0.997565	-6.200256	
1267	0.997008	-0.007599	15.970490	0.007599	0.997008	-7.238220	
1268	0.996559	-0.009197	18.626343	0.009197	0.996559	-8.446350	
1269	0.996248	-0.010508	21.088196	0.010508	0.996248	-9.553284	
1270	0.996074	-0.012084	23.634033	0.012084	0.996074	-10.847534	
1271	0.995598	-0.013429	26.196594	0.013429	0.995598	-11.832581	
1272	0.994927	-0.013928	28.310211	0.013928	0.994927	-12.554688	
1273	0.995922	-0.015721	30.047058	0.015721	0.995922	-14.517090	
1274	0.995341	-0.017166	32.435120	0.017166	0.995341	-15.440125	
1275	0.995155	-0.018577	34.417480	0.018577	0.995155	-16.614075	
1276	0.995223	-0.019278	35.845215	0.019278	0.995223	-17.510254	
1277	0.994923	-0.019891	37.046265	0.019891	0.994923	-17.983704	
1278	0.995493	-0.021700	39.307861	0.021700	0.995493	-20.022217	
1279	0.996044	-0.021216	38.076172	0.021216	0.996044	-19.847107	
1280	0.996585	-0.021331	37.977722	0.021331	0.996585	-20.398804	
1281	0.996869	-0.021707	38.001709	0.021707	0.996869	-20.715881	
1282	0.995076	-0.021654	39.044617	0.021654	0.995076	-19.362305	
1283	0.996031	-0.021411	37.645264	0.021411	0.996031	-19.536682	
1284	0.994984	-0.019543	35.835632	0.019543	0.994984	-17.175659	
1285	0.996857	-0.017899	31.592590	0.017899	0.996857	-16.761230	
1286	0.997935	-0.016475	27.759766	0.016475	0.997935	-15.775085	
1287	0.998463	-0.013724	23.010620	0.013724	0.998463	-13.528625	
1288	0.998867	-0.011597	19.452026	0.011597	0.998867	-11.580627	
1289	0.999063	-0.010027	16.434509	0.010027	0.999063	-10.091003	
1290	0.999494	-0.008386	13.923035	0.008386	0.999494	-8.786499	
1291	0.999678	-0.007694	12.453796	0.007694	0.999678	-8.114685	
1292	0.999756	-0.006781	11.115479	0.006781	0.999756	-7.204895	
1293	1.000199	-0.006003	9.504089	0.006003	1.000199	-6.668579	
1294	1.000359	-0.005350	8.159302	0.005350	1.000359	-5.937561	
1295	1.000270	-0.004396	6.885498	0.004396	1.000270	-4.990540	
1296	1.000531	-0.003648	5.350159	0.003648	1.000531	-4.318359	
1297	1.000185	-0.002822	4.501709	0.002822	1.000185	-3.381836	
1298	1.000280	-0.002169	3.082092	0.002169	1.000280	-2.753906	
1299	1.000103	-0.001236	1.959290	0.001236	1.000103	-1.720764	
1300	1.000188	-0.000700	0.941162	0.000700	1.000188	-1.244568	
1301	1.000065	-0.000007	0.012207	0.000007	1.000065	-0.361694	
1302	1.000089	-0.000103	0.071899	0.000103	1.000089	-0.589722	
1303	0.999991	0.000039	0.020508	-0.000039	0.999991	-0.347839	
1304	1.000120	0.000015	-0.052979	-0.000015	1.000120	-0.546875	
1305	0.999991	0.000068	0.027161	-0.000068	0.999991	-0.261292	
1306	1.000043	0.000030	0.019104	-0.000030	1.000043	-0.398499	
1307	1.000001	0.000038	0.017456	-0.000038	1.000001	-0.390198	
1308	1.000047	0.000029	0.006104	-0.000029	1.000047	-0.494141	
1309	0.999978	0.000061	0.017151	-0.000061	0.999978	-0.364197	
1310	1.000075	0.000052	-0.054321	-0.000052	1.000075	-0.602783	
1311	0.999991	0.000003	0.018066	-0.000003	0.999991	-0.472351	
1312	1.000007	-0.000008	0.012634	0.000008	1.000007	-0.489319	
1313	1.000065	0.000104	-0.085938	-0.000104	1.000065	-0.446045	
1314	1.000006	0.000037	-0.000610	-0.000037	1.000006	-0.434265	
1315	1.000027	0.000040	0.007324	-0.000040	1.000027	-0.438416	
1316	0.999968	0.000009	0.032715	-0.000009	0.999968	-0.380127	
1317	1.000021	0.000021	-0.017517	-0.000021	1.000021	-0.367126	
1318	0.999995	0.000052	-0.015503	-0.000052	0.999995	-0.324951	
1319	1.000026	0.000090	-0.041443	-0.000090	1.000026	-0.250488	
1320	1.000001	0.000029	0.005798	-0.000029	1.000001	-0.379761	
1321	0.999988	0.000051	0.013794	-0.000051	0.999988	-0.347137	
1322	1.000005	0.000029	-0.011169	-0.000029	1.000005	-0.398865	
1323	1.000014	0.000093	0.019592	-0.000093	1.000014	-0.332581	
1324	1.000089	0.000076	-0.103088	-0.000076	1.000089	-0.170715	
1325	1.000011	0.000027	0.028015	-0.000027	1.000011	-0.131714	
1326	0.999971	0.000033	0.080322	-0.000033	0.999971	-0.022705	
1327	1.000046	0.000111	0.040955	-0.000111	1.000046	-0.034546	
1328	0.999954	0.000110	0.187622	-0.000110	0.999954	0.047943	
1329	1.000012	-0.000003	0.282104	0.000003	1.000012	-0.171692	
1330	0.999957	0.000215	0.213196	-0.000215	0.999957	0.190491	
1331	1.000009	0.000027	0.351990	-0.000027	1.000009	-0.067139	
1332	0.999974	0.000129	0.357361	-0.000129	0.999974	0.113892	
1333	0.999956	0.000123	0.412109	-0.000123	0.999956	0.044586	
1334	0.999965	0.000149	0.509399	-0.000149	0.999965	0.137695	
1335	0.999953	0.000176	0.511658	-0.000176	0.999953	0.044098	
1336	0.999951	0.000096	0.614685	-0.000096	0.999951	0.075745	
1337	0.999941	0.000250	0.546631	-0.000250	0.999941	0.199280	
1338	0.999935	0.000081	0.732422	-0.000081	0.999935	0.036438	
1339	0.999961	0.000135	0.874512	-0.000135	0.999961	0.133850	
1340	0.999938	0.000089	0.807312	-0.000089	0.999938	0.084656	
1341	0.999981	0.000133	0.812683	-0.000133	0.999981	0.052551	
1342	0.999972	0.000252	0.737854	-0.000252	0.999972	0.161469	
1343	0.999881	0.000025	0.996155	-0.000025	0.999881	-0.050415	
1344	0.999954	0.000230	0.819824	-0.000230	0.999954	0.175903	
1345	0.999959	0.000075	0.928345	-0.000075	0.999959	0.035156	
1346	0.999956	0.000208	0.899292	-0.000208	0.999956	0.197174	
1347	0.999939	0.000141	0.992981	-0.000141	0.999939	0.112518	
1348	0.999956	0.000160	0.999451	-0.000160	0.999956	0.148376	
1349	0.999951	0.000260	0.978943	-0.000260	0.999951	0.132843	
1350	0.999898	0.000117	1.155029	-0.000117	0.999898	0.087097	
1351	0.999900	0.000274	1.174316	-0.000274	0.999900	0.272766	
1352	0.999886	0.000141	1.202026	-0.000141	0.999886	0.059570	
1353	0.999949	0.000267	1.177124	-0.000267	0.999949	0.238159	
1354	0.999940	0.000272	1.157349	-0.000272	0.999940	0.175659	
1355	0.999840	0.000196	1.401123	-0.000196	0.999840	0.175293	
1356	0.999942	0.000337	1.241577	-0.000337	0.999942	0.234619	
1357	0.999916	0.000176	1.378906	-0.000176	0.999916	0.130524	
1358	0.999873	0.000345	1.339722	-0.000345	0.999873	0.317780	
1359	0.999983	0.000228	1.357239	-0.000228	0.999983	0.177063	
1360	0.999856	0.000372	1.415405	-0.000372	0.999856	0.356018	
1361	0.999831	0.000138	1.572510	-0.000138	0.999831	0.085022	
1362	0.999937	0.000389	1.428467	-0.000389	0.999937	0.194458	
1363	0.999840	0.000301	1.602600	-0.000301	0.999840	0.222168	
1364	0.999860	0.000387	1.569153	-0.000387	0.999860	0.274353	
1365	0.999884	0.000251	1.646484	-0.000251	0.999884	0.185211	
1366	0.999916	0.000458	1.492615	-0.000458	0.999916	0.265137	
1367	0.999858	0.000261	1.751221	-0.000261	0.999858	0.251160	
1368	0.999855	0.000459	1.702454	-0.000459	0.999855	0.317657	
1369	0.999904	0.000362	1.691223	-0.000362	0.999904	0.244568	
1370	0.999814	0.000478	1.787659	-0.000478	0.999814	0.350586	
1371	0.999902	0.000314	1.856140	-0.000314	0.999902	0.273529	
1372	0.999911	0.000349	1.771729	-0.000349	0.999911	0.251892	
1373	0.999726	0.000386	2.001770	-0.000386	0.999726	0.297302	
1374	0.999973	0.000368	1.837219	-0.000368	0.999973	0.266724	
1375	0.999938	0.000352	1.876770	-0.000352	0.999938	0.250732	
1376	0.999798	0.000447	1.989380	-0.000447	0.999798	0.389343	
1377	0.999907	0.000283	2.044373	-0.000283	0.999907	0.142456	
1378	0.999908	0.000526	1.927612	-0.000526	0.999908	0.385620	
1379	0.999769	0.000342	2.137695	-0.000342	0.999769	0.273987	
1380	0.999991	0.000567	1.938660	-0.000567	0.999991	0.342163	
1381	0.999817	0.000441	2.162964	-0.000441	0.999817	0.382141	
1382	0.999831	0.000427	2.209717	-0.000427	0.999831	0.343933	
1383	0.999922	0.000510	2.082336	-0.000510	0.999922	0.358032	
1384	0.999819	0.000388	2.329773	-0.000388	0.999819	0.335754	
1385	0.999960	0.000571	2.262939	-0.000571	0.999960	0.451965	
1386	0.999826	0.000317	2.147339	-0.000317	0.999826	0.225555	
1387	0.999881	0.000550	2.189636	-0.000550	0.999881	0.490082	
1388	0.999793	0.000500	2.308838	-0.000500	0.999793	0.312683	
1389	0.999988	0.000469	2.259949	-0.000469	0.999988	0.386475	
1390	0.999945	0.000443	2.453125	-0.000443	0.999945	0.259338	
1391	0.999740	0.000361	2.314087	-0.000361	0.999740	0.317383	
1392	1.000037	0.000536	2.394226	-0.000536	1.000037	0.359924	
1393	0.999845	0.000397	2.513123	-0.000397	0.999845	0.267578	
1394	0.999947	0.000499	2.423096	-0.000499	0.999947	0.346741	
1395	0.999873	0.000486	2.403198	-0.000486	0.999873	0.389526	
1396	0.999931	0.000410	2.473511	-0.000410	0.999931	0.243469	
1397	0.999780	0.000551	2.533691	-0.000551	0.999780	0.430786	
1398	0.999910	0.000349	2.597351	-0.000349	0.999910	0.077881	
1399	0.999859	0.000538	2.570068	-0.000538	0.999859	0.174988	
1400	0.999859	0.000408	2.614502	-0.000408	0.999859	0.041626	
1401	0.999908	0.000526	2.577515	-0.000526	0.999908	0.176697	
1402	0.999855	0.000517	2.616821	-0.000517	0.999855	0.145813	
1403	0.999900	0.000472	2.602173	-0.000472	0.999900	0.112457	
1404	0.999854	0.000553	2.661377	-0.000553	0.999854	0.155273	
1405	0.999864	0.000419	2.779419	-0.000419	0.999864	0.084045	
1406	0.999894	0.000538	2.708984	-0.000538	0.999894	0.160889	
1407	0.999890	0.000414	2.727905	-0.000414	0.999890	0.018097	
1408	0.999892	0.000534	2.723755	-0.000534	0.999892	0.176147	
1409	0.999858	0.000527	2.772705	-0.000527	0.999858	0.206055	
1410	0.999861	0.000460	2.862671	-0.000460	0.999861	0.126556	
1411	0.999782	0.000532	2.800537	-0.000532	0.999782	0.210327	
1412	0.999904	0.000464	2.828003	-0.000464	0.999904	0.090820	
1413	0.999929	0.000640	2.689575	-0.000640	0.999929	0.200928	
1414	0.999753	0.000514	3.083130	-0.000514	0.999753	0.109497	
1415	0.999971	0.000574	2.659302	-0.000574	0.999971	0.196655	
1416	0.999989	0.000577	2.921631	-0.000577	0.999989	0.100647	
1417	0.999874	0.000467	2.886230	-0.000467	0.999874	0.148499	
1418	0.999635	0.000686	3.174561	-0.000686	0.999635	0.453644	
1419	0.999954	0.000629	2.832397	-0.000629	0.999954	0.266296	
1420	0.999783	0.000490	3.189697	-0.000490	0.999783	0.267212	
1421	0.999892	0.000607	2.934448	-0.000607	0.999892	0.316620	
1422	1.000012	0.000510	2.976929	-0.000510	1.000012	0.233398	
1423	0.999832	0.000670	3.005371	-0.000670	0.999832	0.604431	
1424	0.999785	0.000472	3.193481	-0.000472	0.999785	0.313904	
1425	0.999986	0.000750	2.870239	-0.000750	0.999986	0.603638	
1426	0.999778	0.000445	3.269287	-0.000445	0.999778	0.285156	
1427	0.999836	0.000840	2.995972	-0.000840	0.999836	0.740540	
1428	0.999872	0.000410	3.199707	-0.000410	0.999872	0.252319	
1429	0.999935	0.000704	3.003662	-0.000704	0.999935	0.600708	
1430	0.999833	0.000464	3.248413	-0.000464	0.999833	0.373291	
1431	1.000051	0.000786	2.902100	-0.000786	1.000051	0.580078	
1432	0.999772	0.000472	3.336548	-0.000472	0.999772	0.378174	
1433	0.999845	0.000783	3.108276	-0.000783	0.999845	0.622498	
1434	0.999916	0.000563	3.182983	-0.000563	0.999916	0.387024	
1435	1.000059	0.000668	2.922974	-0.000668	1.000059	0.507263	
1436	0.999768	0.000574	3.408936	-0.000574	0.999768	0.533081	
1437	1.000008	0.000623	3.065430	-0.000623	1.000008	0.498352	
1438	0.999780	0.000729	3.230957	-0.000729	0.999780	0.641418	
1439	0.999975	0.000589	3.167725	-0.000589	0.999975	0.412018	
1440	0.999972	0.000647	3.220337	-0.000647	0.999972	0.463745	
1441	0.999769	0.000539	3.463623	-0.000539	0.999769	0.456055	
1442	0.999991	0.000780	3.196655	-0.000780	0.999991	0.619324	
1443	0.999675	0.000635	3.542603	-0.000635	0.999675	0.608887	
1444	1.000013	0.000798	3.135254	-0.000798	1.000013	0.630432	
1445	0.999591	0.000754	3.563843	-0.000754	0.999591	0.864380	
1446	0.999895	0.000630	3.371826	-0.000630	0.999895	0.484253	
1447	0.999865	0.000711	3.387939	-0.000711	0.999865	0.616669	
1448	0.999874	0.000678	3.166992	-0.000678	0.999874	0.593994	
1449	0.999963	0.000642	3.344238	-0.000642	0.999963	0.500488	
1450	0.999700	0.000749	3.349854	-0.000749	0.999700	0.823730	
1451	0.999988	0.000574	3.165405	-0.000574	0.999988	0.439209	
1452	0.999862	0.000579	3.185669	-0.000579	0.999862	0.665894	
1453	0.999899	0.000524	3.033325	-0.000524	0.999899	0.595398	
1454	0.999783	0.000592	3.035645	-0.000592	0.999783	0.705872	
1455	0.999928	0.000543	2.857666	-0.000543	0.999928	0.572876	
1456	0.999871	0.000578	2.763794	-0.000578	0.999871	0.725006	
1457	0.999976	0.000331	2.728638	-0.000331	0.999976	0.382721	
1458	0.999898	0.000522	2.715942	-0.000522	0.999898	0.634735	
1459	1.000031	0.000483	2.513184	-0.000483	1.000031	0.464111	
1460	1.000048	0.000494	2.521362	-0.000494	1.000048	0.385406	
1461	1.000070	0.000452	2.446167	-0.000452	1.000070	0.301514	
1462	0.999939	0.000489	2.450562	-0.000489	0.999939	0.423126	
1463	1.000180	0.000522	2.131958	-0.000522	1.000180	0.345123	
1464	0.999922	0.000456	2.492432	-0.000456	0.999922	0.373993	
1465	1.000102	0.000431	2.168335	-0.000431	1.000102	0.316528	
1466	0.999999	0.000412	2.152222	-0.000412	0.999999	0.241272	
1467	0.999952	0.000383	1.982788	-0.000383	0.999952	0.408478	
1468	1.000100	0.000373	1.983887	-0.000373	1.000100	0.144135	
1469	1.000011	0.000448	2.019043	-0.000448	1.000011	0.425201	
1470	1.000023	0.000228	1.775024	-0.000228	1.000023	0.110046	
1471	0.999927	0.000390	1.865845	-0.000390	0.999927	0.320984	
1472	1.000079	0.000306	1.664062	-0.000306	1.000079	0.166107	
1473	1.000027	0.000350	1.605225	-0.000350	1.000027	0.308594	
1474	0.999984	0.000380	1.516235	-0.000380	0.999984	0.166382	
1475	1.000054	0.000253	1.545410	-0.000253	1.000054	0.184387	
1476	1.000031	0.000270	1.352295	-0.000270	1.000031	0.031219	
1477	0.999984	0.000252	1.426636	-0.000252	0.999984	0.114380	
1478	1.000087	0.000195	1.274536	-0.000195	1.000087	-0.033722	
1479	0.999976	0.000161	1.409668	-0.000161	0.999976	0.106018	
1480	1.000016	0.000188	1.249268	-0.000188	1.000016	-0.018494	
1481	1.000008	0.000143	1.250854	-0.000143	1.000008	-0.025818	
1482	1.000008	0.000183	1.146606	-0.000183	1.000008	0.022034	
1483	1.000039	0.000106	1.037964	-0.000106	1.000039	-0.018707	
1484	0.999951	0.000146	1.089233	-0.000146	0.999951	-0.057800	
1485	1.000034	0.000124	0.951294	-0.000124	1.000034	0.038025	
1486	0.999989	0.000106	0.951660	-0.000106	0.999989	0.010376	
1487	1.000002	0.000102	0.942627	-0.000102	1.000002	0.035095	
1488	0.999918	0.000055	0.979980	-0.000055	0.999918	-0.070923	
1489	1.000018	0.000115	0.782959	-0.000115	1.000018	0.018555	
1490	0.999961	0.000075	0.848267	-0.000075	0.999961	-0.003052	
1491	0.999989	0.000045	0.764771	-0.000045	0.999989	-0.023865	
1492	0.999933	0.000133	0.774658	-0.000133	0.999933	0.107605	
1493	0.999955	0.000066	0.684692	-0.000066	0.999955	-0.036743	
1494	0.999929	0.000158	0.687256	-0.000158	0.999929	0.089417	
1495	0.999983	0.000027	0.270630	-0.000027	0.999983	-0.007690	
1496	0.999906	0.000009	0.968018	-0.000009	0.999906	-0.111694	
1497	0.999964	0.000101	0.182983	-0.000101	0.999964	0.089966	
1498	0.999941	0.000010	0.585083	-0.000010	0.999941	-0.142761	
1499	1.000042	0.000005	0.444092	-0.000005	1.000042	-0.096924	
1500	0.999951	-0.000038	0.563110	0.000038	0.999951	-0.145569	
1501	1.000007	0.000084	0.235718	-0.000084	1.000007	0.108337	
1502	0.999992	-0.000080	0.100098	0.000080	0.999992	-0.127563	
1503	0.999962	-0.000040	0.264404	0.000040	0.999962	-0.051636	
1504	0.999925	-0.000050	0.421753	0.000050	0.999925	-0.072693	
1505	1.000001	-0.000054	0.286255	0.000054	1.000001	-0.131104	
1506	0.999900	-0.000067	0.353760	0.000067	0.999900	-0.117981	
1507	1.000004	-0.000050	0.100464	0.000050	1.000004	-0.112732	
1508	0.999923	-0.000015	0.311401	0.000015	0.999923	-0.131836	
1509	1.000003	-0.000068	0.142700	0.000068	1.000003	-0.142273	
1510	0.999965	-0.000001	0.174561	0.000001	0.999965	-0.138367	
1511	1.000020	-0.000046	0.086426	0.000046	1.000020	-0.075562	
1512	1.000114	0.000043	-0.009644	-0.000043	1.000114	0.321533	
1513	1.000084	0.000034	-0.016846	-0.000034	1.000084	1.470398	
1514	1.000173	0.000206	-0.195190	-0.000206	1.000173	2.319641	
1515	0.999970	0.000114	0.015015	-0.000114	0.999970	3.065491	
1516	0.999977	0.000357	-0.132324	-0.000357	0.999977	4.304749	
1517	0.999784	0.000146	0.166870	-0.000146	0.999784	4.847900	
1518	0.999794	0.000400	-0.044067	-0.000400	0.999794	5.831299	
1519	0.999840	0.000398	-0.104858	-0.000398	0.999840	6.491760	
1520	0.999815	0.000233	0.054199	-0.000233	0.999815	6.932922	
1521	0.999595	0.000302	0.237305	-0.000302	0.999595	7.680786	
1522	0.999628	0.000705	-0.055298	-0.000705	0.999628	8.277710	
1523	0.999398	0.000363	0.439819	-0.000363	0.999398	8.171753	
1524	0.999662	0.000657	-0.111206	-0.000657	0.999662	8.885376	
1525	0.999391	0.000292	0.492432	-0.000292	0.999391	8.611664	
1526	0.999527	0.000723	0.108887	-0.000723	0.999527	9.370300	
1527	0.999015	0.000552	0.830933	-0.000552	0.999015	9.429657	
1528	0.999802	0.000705	-0.286255	-0.000705	0.999802	9.491272	
1529	0.999546	0.000649	0.060181	-0.000649	0.999546	9.993103	
1530	0.999647	0.000828	-0.218018	-0.000828	0.999647	9.974426	
1531	1.000149	0.000369	-0.417358	-0.000369	1.000149	9.162598	
1532	0.999495	0.000431	0.117676	-0.000431	0.999495	9.597778	
1533	0.999858	0.000814	-0.376343	-0.000814	0.999858	10.021362	
1534	0.999492	0.000766	0.068115	-0.000766	0.999492	10.157837	
1535	0.999473	0.000650	0.104004	-0.000650	0.999473	9.955078	
1536	1.000044	0.000597	-0.502319	-0.000597	1.000044	8.878296	
1537	0.999683	0.000327	0.141235	-0.000327	0.999683	7.910156	
1538	0.999458	0.000418	0.375732	-0.000418	0.999458	7.033875	
1539	0.999691	0.000304	0.143311	-0.000304	0.999691	6.027161	
1540	0.999649	0.000226	0.263062	-0.000226	0.999649	4.796814	
1541	0.999738	0.000205	0.175171	-0.000205	0.999738	4.355835	
1542	0.999748	0.000148	0.210449	-0.000148	0.999748	3.438049	
1543	0.999784	0.000082	0.226074	-0.000082	0.999784	2.614014	
1544	0.999654	0.000077	0.386597	-0.000077	0.999654	2.072388	
1545	0.999917	-0.000038	0.138062	0.000038	0.999917	1.214050	
1546	0.999831	-0.000031	0.254883	0.000031	0.999831	0.412048	
1547	0.999945	0.000034	0.067627	-0.000034	0.999945	0.061890	
1548	0.999831	-0.000063	0.263062	0.000063	0.999831	-0.195435	
1549	0.999758	-0.000110	0.402710	0.000110	0.999758	-1.052368	
1550	0.999664	-0.000282	0.651733	0.000282	0.999664	-2.290222	
1551	0.999796	-0.000294	0.538696	0.000294	0.999796	-3.800842	
1552	0.999710	-0.000577	0.767090	0.000577	0.999710	-5.846924	
1553	0.999928	-0.000685	0.586304	0.000685	0.999928	-7.586548	
1554	1.000009	-0.000867	0.592651	0.000867	1.000009	-9.231140	
1555	0.999952	-0.000439	0.343384	0.000439	0.999952	-9.622986	
1556	1.000050	-0.000960	0.571167	0.000960	1.000050	-11.251404	
1557	1.000326	-0.000974	0.293701	0.000974	1.000326	-12.159424	
1558	1.000259	-0.001216	0.513184	0.001216	1.000259	-13.120605	
1559	1.000672	-0.001339	0.179199	0.001339	1.000672	-13.925903	
1560	1.001597	-0.000559	-1.429810	0.000559	1.001597	-12.913177	
1561	1.001120	-0.001309	-0.493652	0.001309	1.001120	-14.544495	
1562	1.000144	-0.001074	0.564941	0.001074	1.000144	-13.695801	
1563	1.001216	-0.001336	-0.637939	0.001336	1.001216	-14.652863	
1564	0.999050	-0.000636	1.526611	0.000636	0.999050	-12.436951	
1565	0.999655	-0.001173	1.136719	0.001173	0.999655	-13.947144	
1566	0.999767	-0.001144	0.987793	0.001144	0.999767	-13.539795	
1567	0.999586	-0.000558	0.774536	0.000558	0.999586	-12.784241	
1568	1.000393	-0.001090	0.293701	0.001090	1.000393	-14.459229	
1569	1.000039	-0.000886	0.530640	0.000886	1.000039	-13.265259	
1570	1.000054	-0.000516	0.284546	0.000516	1.000054	-13.452454	
1571	0.999793	-0.000826	0.763306	0.000826	0.999793	-13.345093	
1572	0.999715	-0.000829	0.836914	0.000829	0.999715	-13.021362	
1573	1.000691	-0.000445	-0.525879	0.000445	1.000691	-13.037048	
1574	1.001377	-0.000358	-1.225342	0.000358	1.001377	-13.488770	
1575	1.000221	-0.000986	0.303955	0.000986	1.000221	-13.220215	
1576	1.001418	-0.000895	-1.098511	0.000895	1.001418	-13.832336	
1577	1.000931	-0.000365	-0.790894	0.000365	1.000931	-12.896637	
1578	1.000877	-0.000694	-0.566650	0.000694	1.000877	-12.951233	
1579	1.000486	-0.000436	-0.171021	0.000436	1.000486	-12.424133	
1580	1.001245	0.000003	-1.258667	-0.000003	1.001245	-12.048981	
1581	1.000047	-0.000727	0.390991	0.000727	1.000047	-12.114746	
1582	1.000607	-0.000220	-0.515503	0.000220	1.000607	-11.579926	
1583	1.001673	-0.000206	-1.625977	0.000206	1.001673	-12.316162	
1584	1.001524	-0.000348	-1.439087	0.000348	1.001524	-11.913605	
1585	1.000537	-0.000409	-0.247559	0.000409	1.000537	-11.326569	
1586	1.000365	-0.000282	-0.165527	0.000282	1.000365	-10.624939	
1587	1.000976	-0.000389	-0.849121	0.000389	1.000976	-10.633942	
1588	1.000672	-0.000431	-0.405396	0.000431	1.000672	-10.418488	
1589	1.001103	-0.000144	-1.059448	0.000144	1.001103	-9.932648	
1590	1.000608	-0.000412	-0.356201	0.000412	1.000608	-9.556122	
1591	1.000435	-0.000277	-0.196411	0.000277	1.000435	-9.626099	
1592	1.004484	-0.000153	-4.357788	0.000153	1.004484	-11.306793	
1593	1.003506	-0.000004	-3.260010	0.000004	1.003506	-10.490509	
1594	1.002519	-0.000462	-2.036133	0.000462	1.002519	-10.351990	
1595	1.003666	-0.000132	-3.368774	0.000132	1.003666	-10.266449	
1596	1.004771	-0.000342	-4.251343	0.000342	1.004771	-11.791382	
1597	1.005341	-0.000330	-4.903076	0.000330	1.005341	-11.949310	
1598	1.005505	-0.000166	-5.163940	0.000166	1.005505	-11.450958	
1599	1.009744	-0.000265	-9.087524	0.000265	1.009744	-13.564270	
1600	1.009727	-0.000163	-9.081665	0.000163	1.009727	-12.942444	
1601	1.009712	-0.000183	-9.120605	0.000183	1.009712	-12.407684	
1602	1.009924	-0.000045	-9.474243	0.000045	1.009924	-11.953278	
1603	1.009745	-0.000047	-9.271118	0.000047	1.009745	-11.334869	
1604	1.009863	-0.000071	-9.369995	0.000071	1.009863	-10.943787	
1605	1.009817	0.000080	-9.365723	-0.000080	1.009817	-10.192108	
1606	1.009755	-0.000082	-9.239258	0.000082	1.009755	-9.663239	
1607	1.009689	0.000103	-9.273804	-0.000103	1.009689	-8.894379	
1608	1.009667	-0.000103	-9.139893	0.000103	1.009667	-8.479187	
1609	1.009619	0.000014	-9.197510	-0.000014	1.009619	-7.825653	
1610	1.009472	0.000043	-9.080688	-0.000043	1.009472	-7.315613	
1611	1.009707	0.000002	-9.257080	-0.000002	1.009707	-7.059479	
1612	1.009426	0.000041	-9.024048	-0.000041	1.009426	-6.663513	
1613	1.009528	0.000050	-9.197510	-0.000050	1.009528	-6.517670	
1614	1.009469	0.000013	-8.967529	-0.000013	1.009469	-6.302826	
1615	1.009489	0.000083	-9.078613	-0.000083	1.009489	-6.191742	
1616	1.009540	-0.000057	-9.117554	0.000057	1.009540	-6.216583	
1617	1.009414	0.000076	-9.069214	-0.000076	1.009414	-5.864655	
1618	1.009449	-0.000074	-9.090210	0.000074	1.009449	-5.968079	
1619	1.009354	0.000126	-9.038940	-0.000126	1.009354	-5.621124	
1620	1.009702	-0.000093	-9.247803	0.000093	1.009702	-6.010223	
1621	1.004608	0.000146	-4.430786	-0.000146	1.004608	-2.988220	
1622	1.004971	-0.000111	-4.676392	0.000111	1.004971	-3.527618	
1623	1.004616	0.000109	-4.508301	-0.000109	1.004616	-2.884338	
1624	1.004945	-0.000072	-4.568970	0.000072	1.004945	-3.138641	
1625	1.004800	0.000087	-4.636597	-0.000087	1.004800	-2.778778	
1626	1.004769	-0.000001	-4.583252	0.000001	1.004769	-2.778381	
1627	1.004925	0.000041	-4.648315	-0.000041	1.004925	-2.634521	
1628	1.004862	0.000020	-4.636475	-0.000020	1.004862	-2.074066	
1629	1.004736	0.000162	-4.635864	-0.000162	1.004736	-1.454742	
1630	1.005004	0.000009	-4.836670	-0.000009	1.005004	-1.251251	
1631	1.004996	0.000123	-4.915527	-0.000123	1.004996	-0.304810	
1632	1.004988	0.000070	-4.890503	-0.000070	1.004988	0.614410	
1633	1.004900	0.000221	-4.892822	-0.000221	1.004900	1.840240	
1634	1.004879	0.000107	-4.814697	-0.000107	1.004879	2.768707	
1635	1.004813	0.000212	-4.899536	-0.000212	1.004813	3.963409	
1636	1.004837	0.000070	-4.795288	-0.000070	1.004837	4.794891	
1637	1.004630	0.000278	-4.731079	-0.000278	1.004630	5.914337	
1638	1.002647	0.000104	-2.702148	-0.000104	1.002647	7.827820	
1639	1.002137	0.000203	-2.279175	-0.000203	1.002137	8.674652	
1640	1.003203	0.000167	-3.397217	-0.000167	1.003203	9.064423	
1641	1.002229	0.000136	-2.392578	-0.000136	1.002229	9.888702	
1642	1.002714	0.000233	-2.965210	-0.000233	1.002714	9.445648	
1643	1.002260	0.000246	-2.376099	-0.000246	1.002260	9.910400	
1644	1.000164	0.000048	-0.329834	-0.000048	1.000164	11.021515	
1645	0.999720	0.000161	0.001099	-0.000161	0.999720	11.492218	
1646	0.999479	0.000144	0.194336	-0.000144	0.999479	11.627930	
1647	0.999852	0.000328	-0.289551	-0.000328	0.999852	11.966431	
1648	0.999797	0.000268	-0.150635	-0.000268	0.999797	11.336975	
1649	0.999339	0.000159	0.398315	-0.000159	0.999339	11.563629	
1650	0.999271	0.000339	0.470337	-0.000339	0.999271	12.071960	
1651	0.999628	0.000272	0.024414	-0.000272	0.999628	11.404602	
1652	0.999285	0.000254	0.479248	-0.000254	0.999285	11.915009	
1653	0.999519	0.000287	0.213867	-0.000287	0.999519	11.428558	
1654	0.999333	0.000035	0.586548	-0.000035	0.999333	11.383087	
1655	0.999549	0.000312	0.188110	-0.000312	0.999549	11.755066	
1656	0.999471	0.000224	0.304932	-0.000224	0.999471	11.199310	
1657	0.999404	0.000057	0.490845	-0.000057	0.999404	10.494568	
1658	0.999347	0.000276	0.474121	-0.000276	0.999347	9.654999	
1659	0.999588	0.000072	0.305908	-0.000072	0.999588	7.903168	
1660	0.999456	0.000090	0.429810	-0.000090	0.999456	6.850403	
1661	0.999661	0.000170	0.129028	-0.000170	0.999661	5.915100	
1662	0.999707	0.000080	0.236328	-0.000080	0.999707	4.811951	
1663	0.999592	0.000075	0.387817	-0.000075	0.999592	3.739319	
1664	0.999802	0.000061	0.214233	-0.000061	0.999802	3.350647	
1665	0.999803	0.000069	0.169067	-0.000069	0.999803	2.447296	
1666	1.000040	0.000026	-0.064941	-0.000026	1.000040	1.878143	
1667	0.999932	0.000108	0.021973	-0.000108	0.999932	2.468170	
1668	0.999968	0.000116	0.020142	-0.000116	0.999968	2.797577	
1669	0.999993	0.000010	-0.006958	-0.000010	0.999993	3.159637	
1670	0.999877	0.000153	0.003784	-0.000153	0.999877	3.780762	
1671	0.999963	0.000041	-0.021973	-0.000041	0.999963	4.395264	
1672	0.999895	0.000137	-0.033325	-0.000137	0.999895	4.747437	
1673	0.999928	0.000109	-0.019287	-0.000109	0.999928	5.236511	
1674	0.999872	0.000178	-0.010254	-0.000178	0.999872	5.766724	
1675	0.999881	0.000101	-0.031982	-0.000101	0.999881	6.070801	
1676	0.999844	0.000271	-0.095459	-0.000271	0.999844	6.818115	
1677	0.999815	0.000045	0.079468	-0.000045	0.999815	6.651062	
1678	0.999803	0.000316	-0.062622	-0.000316	0.999803	7.313171	
1679	0.999872	0.000126	-0.003784	-0.000126	0.999872	6.246338	
1680	0.999771	0.000160	0.124268	-0.000160	0.999771	6.162048	
1681	0.999684	0.000112	0.203369	-0.000112	0.999684	5.298767	
1682	0.999787	0.000290	0.007690	-0.000290	0.999787	4.522461	
1683	0.999934	0.000000	-0.009521	-0.000000	0.999934	3.563232	
1684	0.999722	0.000226	-0.051514	-0.000226	0.999722	3.496399	
1685	0.999867	0.000172	-0.189819	-0.000172	0.999867	2.882019	
1686	0.999673	0.000279	-0.229614	-0.000279	0.999673	2.542419	
1687	0.999929	0.000310	-0.687866	-0.000310	0.999929	1.687988	
1688	0.999903	0.000554	-1.194946	-0.000554	0.999903	1.672241	
1689	0.999802	0.000347	-0.974731	-0.000347	0.999802	1.192322	
1690	0.999959	0.000683	-1.506470	-0.000683	0.999959	0.656433	
1691	0.999965	0.000923	-1.718994	-0.000923	0.999965	0.747131	
1692	0.999830	0.001340	-2.058960	-0.001340	0.999830	1.230530	
1693	1.000010	0.001046	-2.031128	-0.001046	1.000010	0.765808	
1694	0.999809	0.001547	-2.504395	-0.001547	0.999809	1.404236	
1695	0.999876	0.001400	-2.382935	-0.001400	0.999876	1.245605	
1696	0.999836	0.001493	-2.507080	-0.001493	0.999836	1.251709	
1697	0.999853	0.001392	-2.503540	-0.001392	0.999853	1.000610	
1698	0.999885	0.001678	-2.746338	-0.001678	0.999885	1.381348	
1699	0.999849	0.001458	-2.693481	-0.001458	0.999849	1.333862	
1700	0.999842	0.001462	-2.802124	-0.001462	0.999842	1.216187	
1701	0.999847	0.001729	-3.041870	-0.001729	0.999847	1.405090	
1702	0.999876	0.001705	-2.990112	-0.001705	0.999876	1.419495	
1703	0.999867	0.001703	-3.080811	-0.001703	0.999867	1.335754	
1704	0.999846	0.001720	-2.976074	-0.001720	0.999846	1.534790	
1705	0.999923	0.001665	-3.044800	-0.001665	0.999923	1.202637	
1706	0.999885	0.001604	-2.835327	-0.001604	0.999885	1.255066	
1707	0.999862	0.001803	-2.886475	-0.001803	0.999862	1.291138	
1708	0.999874	0.001430	-2.534180	-0.001430	0.999874	0.851013	
1709	0.999951	0.001583	-2.730103	-0.001583	0.999951	1.086548	
1710	0.999891	0.001365	-2.444580	-0.001365	0.999891	0.917114	
1711	0.999931	0.001397	-2.495483	-0.001397	0.999931	1.058533	
1712	0.999898	0.001439	-2.540161	-0.001439	0.999898	1.054199	
1713	0.999892	0.001356	-2.388306	-0.001356	0.999892	1.020020	
1714	0.999886	0.001431	-2.495483	-0.001431	0.999886	1.106140	
1715	0.999937	0.001435	-2.574585	-0.001435	0.999937	1.087830	
1716	0.999875	0.001609	-2.758789	-0.001609	0.999875	1.458130	
1717	0.999938	0.001551	-2.893433	-0.001551	0.999938	1.244446	
1718	0.999881	0.001493	-2.834351	-0.001493	0.999881	1.239319	
1719	0.999879	0.001745	-3.163208	-0.001745	0.999879	1.406616	
1720	0.999985	0.001684	-3.272705	-0.001684	0.999985	1.320068	
1721	0.999894	0.001913	-3.391113	-0.001913	0.999894	1.531494	
1722	0.999893	0.001829	-3.426270	-0.001829	0.999893	1.510315	
1723	0.999931	0.001917	-3.508667	-0.001917	0.999931	1.545593	
1724	0.999880	0.002023	-3.657349	-0.002023	0.999880	1.655090	
1725	0.999917	0.002016	-3.656860	-0.002016	0.999917	1.712769	
1726	0.999915	0.002042	-3.819458	-0.002042	0.999915	1.628540	
1727	0.999952	0.002060	-3.950806	-0.002060	0.999952	1.587952	
1728	0.999942	0.002299	-4.213013	-0.002299	0.999942	1.953613	
1729	0.999956	0.002216	-4.314941	-0.002216	0.999956	1.899414	
1730	0.999911	0.002368	-4.395752	-0.002368	0.999911	2.048828	
1731	0.999873	0.002448	-4.593872	-0.002448	0.999873	2.187683	
1732	1.000063	0.002394	-4.834595	-0.002394	1.000063	1.954590	
1733	0.999945	0.002502	-4.904541	-0.002502	0.999945	2.116882	
1734	0.999951	0.002616	-4.943359	-0.002616	0.999951	2.195679	
1735	0.999945	0.002689	-5.038696	-0.002689	0.999945	2.322998	
1736	0.999975	0.002739	-5.161743	-0.002739	0.999975	2.226257	
1737	0.999977	0.002756	-5.121826	-0.002756	0.999977	2.338013	
1738	1.000063	0.002600	-5.185547	-0.002600	1.000063	2.267944	
1739	0.999802	0.002903	-5.051270	-0.002903	0.999802	2.760193	
1740	1.000043	0.002724	-5.273804	-0.002724	1.000043	2.297546	
1741	0.999973	0.002749	-5.157593	-0.002749	0.999973	2.421448	
1742	0.999965	0.002689	-5.091919	-0.002689	0.999965	2.350708	
1743	1.000004	0.002753	-5.118408	-0.002753	1.000004	2.390869	
1744	1.000007	0.002622	-5.076660	-0.002622	1.000007	2.299561	
1745	0.999899	0.002734	-4.902222	-0.002734	0.999899	2.395996	
1746	1.000044	0.002774	-5.048096	-0.002774	1.000044	2.369873	
1747	0.999929	0.002428	-4.761841	-0.002428	0.999929	2.228394	
1748	0.999974	0.002783	-4.912354	-0.002783	0.999974	2.460815	
1749	0.999965	0.002404	-4.798096	-0.002404	0.999965	2.211060	
1750	0.999972	0.002611	-4.750732	-0.002611	0.999972	2.466614	
1751	0.999879	0.002596	-4.638794	-0.002596	0.999879	2.482971	
1752	1.000038	0.002334	-4.455322	-0.002334	1.000038	2.052612	
1753	1.002746	0.002387	-7.096069	-0.002387	1.002746	0.630188	
1754	1.003049	0.002278	-7.156982	-0.002278	1.003049	0.360046	
1755	1.002856	0.002145	-6.664978	-0.002145	1.002856	0.438293	
1756	1.004671	0.001766	-7.910522	-0.001766	1.004671	-0.886902	
1757	1.004753	0.001825	-7.810730	-0.001825	1.004753	-0.867554	
1758	1.004813	0.001517	-7.457886	-0.001517	1.004813	-1.223450	
1759	1.009468	0.001322	-11.581299	-0.001322	1.009468	-3.975586	
1760	1.009361	0.001103	-11.083618	-0.001103	1.009361	-4.125305	
1761	1.009358	0.001056	-10.778809	-0.001056	1.009358	-4.122742	
1762	1.009475	0.000685	-10.465576	-0.000685	1.009475	-4.614136	
1763	1.009371	0.000733	-10.260803	-0.000733	1.009371	-4.448364	
1764	1.009396	0.000580	-10.188721	-0.000580	1.009396	-4.679382	
1765	1.009380	0.000606	-10.035156	-0.000606	1.009380	-4.591248	
1766	1.009404	0.000488	-10.014526	-0.000488	1.009404	-4.714844	
1767	1.009320	0.000428	-9.680481	-0.000428	1.009320	-4.796387	
1768	1.009425	0.000413	-9.790527	-0.000413	1.009425	-4.828186	
1769	1.009381	0.000364	-9.661194	-0.000364	1.009381	-4.733826	
1770	1.009345	0.000375	-9.695862	-0.000375	1.009345	-4.721985	
1771	1.009415	0.000305	-9.771851	-0.000305	1.009415	-4.807434	
1772	1.009372	0.000331	-9.544922	-0.000331	1.009372	-4.851868	
1773	1.009370	0.000358	-9.699097	-0.000358	1.009370	-4.801025	
1774	1.009413	0.000262	-9.646667	-0.000262	1.009413	-4.955261	
1775	1.004632	0.000516	-5.349854	-0.000516	1.004632	-2.212158	
1776	1.004821	0.000414	-5.509277	-0.000414	1.004821	-2.284546	
1777	1.004780	0.000648	-5.804199	-0.000648	1.004780	-2.145813	
1778	1.000041	0.000566	-1.396118	-0.000566	1.000041	0.464722	
1779	1.000032	0.000511	-1.515503	-0.000511	1.000032	0.483521	
1780	0.999992	0.000917	-1.849121	-0.000917	0.999992	0.840759	
1781	0.999998	0.001051	-2.102295	-0.001051	0.999998	0.948730	
1782	0.999900	0.001221	-2.257446	-0.001221	0.999900	1.067993	
1783	1.000000	0.001310	-2.580444	-0.001310	1.000000	1.076477	
1784	0.999918	0.001482	-2.725464	-0.001482	0.999918	1.206360	
1785	1.000050	0.001451	-3.182007	-0.001451	1.000050	1.018555	
1786	0.999951	0.001370	-3.160095	-0.001370	0.999951	1.136169	
1787	0.999912	0.001869	-3.764526	-0.001869	0.999912	1.649170	
1788	1.000052	0.001704	-3.959778	-0.001704	1.000052	1.525452	
1789	0.999941	0.002082	-4.428589	-0.002082	0.999941	1.971863	
1790	0.999865	0.002106	-4.605652	-0.002106	0.999865	2.170105	
1791	0.999972	0.002273	-4.919983	-0.002273	0.999972	2.252197	
1792	0.999964	0.002621	-5.480835	-0.002621	0.999964	2.601501	
1793	0.999807	0.002752	-5.471863	-0.002752	0.999807	2.790283	
1794	0.999993	0.002767	-5.896240	-0.002767	0.999993	2.660461	
1795	0.999866	0.002906	-5.895752	-0.002906	0.999866	2.717590	
1796	0.999853	0.002974	-5.955322	-0.002974	0.999853	2.862061	
1797	1.000015	0.002551	-5.574097	-0.002551	1.000015	2.228943	
1798	0.999886	0.002553	-5.188599	-0.002553	0.999886	2.414185	
1799	0.999889	0.002169	-4.610168	-0.002169	0.999889	2.045166	
1800	0.999973	0.001918	-3.969055	-0.001918	0.999973	1.853760	
1801	0.999966	0.001687	-3.374878	-0.001687	0.999966	1.619751	
1802	0.999929	0.001526	-2.903442	-0.001526	0.999929	1.477295	
1803	1.000011	0.001219	-2.625671	-0.001219	1.000011	1.125061	
1804	0.999909	0.001516	-2.389343	-0.001516	0.999909	1.492188	
1805	1.000014	0.000951	-2.038940	-0.000951	1.000014	0.897705	
1806	0.999887	0.000844	-1.677490	-0.000844	0.999887	0.839966	
1807	1.000032	0.000771	-1.629700	-0.000771	1.000032	0.537598	
