0	1.000000	0.000000	0.000000	0.000000	1.000000	0.000000	
1	1.000014	0.000059	-0.085815	-0.000059	1.000014	0.036560	
2	1.000071	-0.000013	-0.073242	0.000013	1.000071	0.034729	
3	0.999963	-0.000028	0.094727	0.000028	0.999963	-0.002808	
4	0.999979	-0.000008	0.004883	0.000008	0.999979	0.056763	
5	1.000013	0.000068	-0.101318	-0.000068	1.000013	0.129028	
6	1.000044	-0.000036	-0.066895	0.000036	1.000044	-0.045593	
7	0.999921	-0.000044	0.093872	0.000044	0.999921	0.008545	
8	1.000080	0.000066	-0.169678	-0.000066	1.000080	0.044983	
9	0.999950	-0.000006	0.099609	0.000006	0.999950	-0.045471	
10	0.999970	-0.000060	0.068359	0.000060	0.999970	-0.019348	
11	1.000080	0.000065	-0.209229	-0.000065	1.000080	0.042725	
12	0.999978	0.000042	0.002197	-0.000042	0.999978	-0.012451	
13	0.999969	-0.000054	0.075317	0.000054	0.999969	-0.008362	
14	0.999996	0.000021	-0.008179	-0.000021	0.999996	0.023804	
15	1.000056	0.000060	-0.093384	-0.000060	1.000056	0.006714	
16	1.000027	-0.000092	0.055298	0.000092	1.000027	-0.067078	
17	0.999978	0.000021	0.039307	-0.000021	0.999978	0.029663	
18	1.000033	0.000060	-0.081299	-0.000060	1.000033	0.081177	
19	0.999990	-0.000124	0.091675	0.000124	0.999990	-0.085938	
20	0.999967	0.000057	0.005737	-0.000057	0.999967	0.067688	
21	1.000069	0.000019	-0.115234	-0.000019	1.000069	0.035522	
22	0.999960	0.000020	0.078613	-0.000020	0.999960	0.014465	
23	1.000013	-0.000065	0.076538	0.000065	1.000013	-0.008850	
24	1.000048	0.000018	-0.087036	-0.000018	1.000048	0.031372	
25	0.999970	0.000056	-0.023193	-0.000056	0.999970	0.029602	
26	0.999978	-0.000111	0.120850	0.000111	0.999978	-0.085083	
27	1.000061	0.000054	-0.099121	-0.000054	1.000061	0.082214	
28	0.999990	0.000048	0.017212	-0.000048	0.999990	-0.000244	
29	0.999959	-0.000048	0.111694	0.000048	0.999959	-0.038086	
30	1.000052	0.000009	-0.020142	-0.000009	1.000052	0.031433	
31	0.999973	0.000047	0.020386	-0.000047	0.999973	0.074402	
32	1.000029	-0.000077	0.024048	0.000077	1.000029	-0.090759	
33	0.999925	-0.000011	0.085083	0.000011	0.999925	-0.041626	
34	1.000047	0.000073	-0.155029	-0.000073	1.000047	0.150452	
35	1.000016	-0.000087	0.116943	0.000087	1.000016	-0.127747	
36	0.999940	0.000044	0.032104	-0.000044	0.999940	0.047485	
37	1.000038	0.000140	-0.120483	-0.000140	1.000038	0.164551	
38	1.000010	-0.000050	0.077881	0.000050	1.000010	-0.020081	
39	0.999985	-0.000050	0.062378	0.000050	0.999985	-0.106323	
40	0.999974	0.000045	-0.007324	-0.000045	0.999974	0.091919	
41	1.000067	0.000008	-0.093262	-0.000008	1.000067	-0.072815	
42	0.999941	-0.000028	0.095703	0.000028	0.999941	-0.060059	
43	0.999991	0.000088	-0.021729	-0.000088	0.999991	0.146423	
44	1.000058	0.000011	-0.120483	-0.000011	1.000058	-0.017151	
45	0.999916	-0.000003	0.124146	0.000003	0.999916	-0.058167	
46	0.999980	0.000031	-0.008667	-0.000031	0.999980	0.100342	
47	1.000077	-0.000002	-0.087524	0.000002	1.000077	-0.056580	
48	0.999901	0.000000	0.019165	-0.000000	0.999901	-0.028198	
49	1.000031	0.000019	0.030151	-0.000019	1.000031	0.105469	
50	1.000044	0.000029	-0.054199	-0.000029	1.000044	0.043030	
51	0.999931	-0.000074	0.042847	0.000074	0.999931	-0.058228	
52	1.000015	-0.000033	-0.010986	0.000033	1.000015	-0.019226	
53	1.000064	0.000132	-0.153076	-0.000132	1.000064	0.155334	
54	0.999977	0.000032	-0.029785	-0.000032	0.999977	0.048401	
55	0.999959	-0.000094	0.082031	0.000094	0.999959	-0.028870	
56	0.999986	0.000045	0.024902	-0.000045	0.999986	0.048279	
57	1.000029	0.000008	-0.097168	-0.000008	1.000029	-0.035034	
58	0.999925	0.000037	0.103271	-0.000037	0.999925	-0.017334	
59	0.999990	0.000002	0.001831	-0.000002	0.999990	-0.001526	
60	1.000077	0.000055	-0.107910	-0.000055	1.000077	0.036865	
61	0.999990	-0.000084	0.100342	0.000084	0.999990	-0.152222	
62	0.999971	-0.000019	-0.006470	0.000019	0.999971	-0.027039	
63	1.000023	0.000036	-0.077881	-0.000036	1.000023	0.027710	
64	0.999984	0.000041	-0.005127	-0.000041	0.999984	-0.051025	
65	0.999965	-0.000031	0.127441	0.000031	0.999965	0.034363	
66	1.000075	-0.000034	-0.109253	0.000034	1.000075	-0.056030	
67	1.000016	0.000056	-0.090576	-0.000056	1.000016	-0.015442	
68	1.000056	-0.000034	-0.011230	0.000034	1.000056	-0.027954	
69	1.000013	0.000052	-0.064209	-0.000052	1.000013	0.084717	
70	1.000015	0.000028	-0.047607	-0.000028	1.000015	0.038269	
71	1.000044	-0.000079	-0.034302	0.000079	1.000044	-0.055176	
72	1.000028	0.000047	-0.028076	-0.000047	1.000028	0.044067	
73	1.000077	0.000004	-0.133911	-0.000004	1.000077	0.013977	
74	1.000079	-0.000036	-0.137817	0.000036	1.000079	0.024902	
75	1.000009	0.000088	-0.087402	-0.000088	1.000009	0.120789	
76	1.000082	-0.000020	-0.028320	0.000020	1.000082	0.079407	
77	1.000080	0.000003	-0.149414	-0.000003	1.000080	-0.019836	
78	1.000032	-0.000036	-0.045532	0.000036	1.000032	0.025330	
79	1.000042	0.000001	-0.064575	-0.000001	1.000042	0.084351	
80	1.000078	0.000043	-0.138550	-0.000043	1.000078	0.115906	
81	1.000075	-0.000011	-0.124512	0.000011	1.000075	0.099304	
82	1.000124	-0.000021	-0.107544	0.000021	1.000124	0.025757	
83	1.000067	-0.000006	-0.124634	0.000006	1.000067	0.014954	
84	1.000022	0.000002	-0.017822	-0.000002	1.000022	0.076782	
85	1.000126	0.000033	-0.160645	-0.000033	1.000126	0.092407	
86	1.000089	0.000076	-0.171387	-0.000076	1.000089	0.140869	
87	1.000078	-0.000064	-0.044189	0.000064	1.000078	-0.024841	
88	1.000028	-0.000033	-0.079590	0.000033	1.000028	0.040894	
89	1.000115	0.000069	-0.243652	-0.000069	1.000115	0.097839	
90	1.000138	-0.000052	-0.142700	0.000052	1.000138	-0.006897	
91	1.000065	-0.000011	-0.035156	0.000011	1.000065	0.077087	
92	1.000165	0.000119	-0.295166	-0.000119	1.000165	0.184143	
93	1.000011	-0.000027	0.002808	0.000027	1.000011	0.049377	
94	1.000060	-0.000025	-0.117432	0.000025	1.000060	0.014465	
95	1.000193	0.000027	-0.284302	-0.000027	1.000193	0.101807	
96	1.000133	0.000022	-0.143555	-0.000022	1.000133	0.045532	
97	1.000100	-0.000066	-0.075317	0.000066	1.000100	-0.023926	
98	1.000137	0.000032	-0.191528	-0.000032	1.000137	0.183533	
99	1.000135	0.000006	-0.226685	-0.000006	1.000135	0.045776	
100	1.000057	0.000013	-0.085938	-0.000013	1.000057	0.078247	
101	1.000152	-0.000018	-0.125122	0.000018	1.000152	0.058105	
102	1.000202	-0.000010	-0.284424	0.000010	1.000202	0.048584	
103	1.000116	-0.000083	-0.100586	0.000083	1.000116	-0.031677	
104	1.000153	0.000079	-0.260864	-0.000079	1.000153	0.199219	
105	1.000133	0.000049	-0.201172	-0.000049	1.000133	0.164612	
106	1.000173	-0.000067	-0.253906	0.000067	1.000173	-0.015564	
107	1.000086	-0.000023	-0.034790	0.000023	1.000086	0.027283	
108	1.000216	0.000012	-0.207642	-0.000012	1.000216	0.141418	
109	1.000237	-0.000017	-0.282349	0.000017	1.000237	0.034485	
110	1.000088	-0.000062	-0.078613	0.000062	1.000088	0.036926	
111	1.000253	-0.000010	-0.304810	0.000010	1.000253	0.121704	
112	1.000179	0.000010	-0.266968	-0.000010	1.000179	0.044617	
113	1.000123	-0.000065	-0.137695	0.000065	1.000123	0.042847	
114	1.000256	-0.000011	-0.282837	0.000011	1.000256	0.093567	
115	1.000180	0.000041	-0.339478	-0.000041	1.000180	0.145752	
116	1.000150	-0.000139	-0.088867	0.000139	1.000150	0.002136	
117	1.000179	-0.000022	-0.164795	0.000022	1.000179	0.075256	
118	1.000241	0.000083	-0.506226	-0.000083	1.000241	0.229614	
119	1.000257	-0.000073	-0.279785	0.000073	1.000257	-0.013916	
120	1.000204	0.000008	-0.220459	-0.000008	1.000204	0.101074	
121	1.000259	0.000003	-0.420166	-0.000003	1.000259	0.218323	
122	1.000227	-0.000085	-0.227173	0.000085	1.000227	0.001953	
123	1.000178	0.000008	-0.235840	-0.000008	1.000178	0.074524	
124	1.000278	0.000008	-0.414429	-0.000008	1.000278	0.240845	
125	1.000345	-0.000016	-0.416382	0.000016	1.000345	0.076172	
126	1.000165	-0.000096	-0.209961	0.000096	1.000165	0.047058	
127	1.000283	0.000004	-0.389404	-0.000004	1.000283	0.243652	
128	1.000346	0.000093	-0.543091	-0.000093	1.000346	0.235046	
129	1.000288	-0.000143	-0.308228	0.000143	1.000288	-0.048584	
130	1.000249	0.000072	-0.332764	-0.000072	1.000249	0.291260	
131	1.000289	-0.000054	-0.377563	0.000054	1.000289	0.150146	
132	1.000321	-0.000063	-0.487427	0.000063	1.000321	0.064392	
133	1.000263	0.000021	-0.267212	-0.000021	1.000263	0.202698	
134	1.000335	0.000045	-0.548218	-0.000045	1.000335	0.341492	
135	1.000377	-0.000073	-0.496704	0.000073	1.000377	0.067810	
136	1.000243	-0.000081	-0.267090	0.000081	1.000243	0.135559	
137	1.000365	0.000010	-0.461914	-0.000010	1.000365	0.283752	
138	1.000393	-0.000058	-0.470825	0.000058	1.000393	0.117065	
139	1.000267	0.000079	-0.385986	-0.000079	1.000267	0.301697	
140	1.000391	0.000007	-0.476440	-0.000007	1.000391	0.270386	
141	1.000390	-0.000043	-0.578125	0.000043	1.000390	0.158447	
142	1.000317	-0.000040	-0.339478	0.000040	1.000317	0.194214	
143	1.000404	-0.000020	-0.485962	0.000020	1.000404	0.190308	
144	1.000413	0.000022	-0.565186	-0.000022	1.000413	0.208313	
145	1.000335	-0.000042	-0.438477	0.000042	1.000335	0.184204	
146	1.000378	-0.000002	-0.465454	0.000002	1.000378	0.247192	
147	1.000449	0.000005	-0.532471	-0.000005	1.000449	0.250671	
148	1.000362	-0.000111	-0.452637	0.000111	1.000362	0.088074	
149	1.000370	-0.000045	-0.447266	0.000045	1.000370	0.189087	
150	1.000430	0.000012	-0.601196	-0.000012	1.000430	0.284851	
151	1.000423	-0.000062	-0.436646	0.000062	1.000423	0.162903	
152	1.000375	-0.000074	-0.484131	0.000074	1.000375	0.190063	
153	1.000402	-0.000005	-0.483276	0.000005	1.000402	0.230713	
154	1.000447	0.000002	-0.622070	-0.000002	1.000447	0.204285	
155	1.000443	-0.000142	-0.413208	0.000142	1.000443	0.096680	
156	1.000425	0.000014	-0.540527	-0.000014	1.000425	0.248779	
157	1.000504	-0.000004	-0.684937	0.000004	1.000504	0.229370	
158	1.000369	-0.000077	-0.365112	0.000077	1.000369	0.206848	
159	1.000424	-0.000040	-0.420654	0.000040	1.000424	0.253540	
160	1.000517	0.000040	-0.681763	-0.000040	1.000517	0.211792	
161	1.000406	-0.000052	-0.562988	0.000052	1.000406	0.166687	
162	1.000408	-0.000113	-0.368408	0.000113	1.000408	0.243408	
163	1.000588	0.000064	-0.694702	-0.000064	1.000588	0.294617	
164	1.000447	-0.000102	-0.565918	0.000102	1.000447	0.161133	
165	1.000384	-0.000082	-0.342285	0.000082	1.000384	0.239685	
166	1.000521	0.000064	-0.635498	-0.000064	1.000521	0.304565	
167	1.000499	-0.000043	-0.688232	0.000043	1.000499	0.221619	
168	1.000515	-0.000128	-0.453247	0.000128	1.000515	0.125305	
169	1.000441	-0.000009	-0.561401	0.000009	1.000441	0.301941	
170	1.000520	0.000038	-0.680054	-0.000038	1.000520	0.371887	
171	1.000525	-0.000103	-0.515747	0.000103	1.000525	0.136169	
172	1.000493	0.000003	-0.586304	-0.000003	1.000493	0.271118	
173	1.000569	0.000005	-0.751709	-0.000005	1.000569	0.311951	
174	1.000471	-0.000067	-0.598633	0.000067	1.000471	0.219299	
175	1.000450	-0.000006	-0.531982	0.000006	1.000450	0.291382	
176	1.000512	-0.000015	-0.697510	0.000015	1.000512	0.297058	
177	1.000563	0.000000	-0.716675	-0.000000	1.000563	0.251770	
178	1.000556	-0.000125	-0.672241	0.000125	1.000556	0.114014	
179	1.000559	0.000009	-0.640137	-0.000009	1.000559	0.346863	
180	1.000532	-0.000029	-0.730835	0.000029	1.000532	0.261292	
181	1.000506	-0.000118	-0.573120	0.000118	1.000506	0.190063	
182	1.000592	0.000015	-0.641846	-0.000015	1.000592	0.286804	
183	1.000534	0.000035	-0.770020	-0.000035	1.000534	0.367310	
184	1.000593	-0.000107	-0.668091	0.000107	1.000593	0.127502	
185	1.000534	0.000017	-0.582764	-0.000017	1.000534	0.324097	
186	1.000600	0.000059	-0.723877	-0.000059	1.000600	0.412842	
187	1.000590	-0.000121	-0.756226	0.000121	1.000590	0.113953	
188	1.000530	-0.000037	-0.586792	0.000037	1.000530	0.321472	
189	1.000592	0.000000	-0.831299	-0.000000	1.000592	0.372986	
190	1.000650	-0.000042	-0.637085	0.000042	1.000650	0.243164	
191	1.000535	-0.000039	-0.660767	0.000039	1.000535	0.306824	
192	1.000620	-0.000052	-0.650635	0.000052	1.000620	0.320862	
193	1.000701	0.000068	-0.887085	-0.000068	1.000701	0.372498	
194	1.000588	-0.000157	-0.516724	0.000157	1.000588	0.163452	
195	1.000607	0.000054	-0.709106	-0.000054	1.000607	0.388184	
196	1.000624	-0.000006	-0.769531	0.000006	1.000624	0.376709	
197	1.000607	-0.000156	-0.640625	0.000156	1.000607	0.176636	
198	1.000558	-0.000040	-0.587402	0.000040	1.000558	0.332336	
199	1.000670	0.000085	-0.884033	-0.000085	1.000670	0.388306	
200	1.000639	-0.000136	-0.724854	0.000136	1.000639	0.180298	
201	1.000623	-0.000043	-0.612183	0.000043	1.000623	0.259277	
202	1.000637	0.000046	-0.802246	-0.000046	1.000637	0.409607	
203	1.000620	-0.000071	-0.699097	0.000071	1.000620	0.260559	
204	1.000658	-0.000097	-0.643433	0.000097	1.000658	0.220276	
205	1.000618	0.000054	-0.791138	-0.000054	1.000618	0.403931	
206	1.000625	-0.000081	-0.702148	0.000081	1.000625	0.279053	
207	1.000670	-0.000036	-0.704346	0.000036	1.000670	0.276978	
208	1.000680	-0.000011	-0.741699	0.000011	1.000680	0.303894	
209	1.000647	0.000016	-0.772217	-0.000016	1.000647	0.378357	
210	1.000663	-0.000083	-0.703491	0.000083	1.000663	0.289734	
211	1.000647	-0.000013	-0.721069	0.000013	1.000647	0.317810	
212	1.000697	0.000012	-0.741699	-0.000012	1.000697	0.374695	
213	1.000676	-0.000093	-0.718872	0.000093	1.000676	0.239014	
214	1.000657	-0.000023	-0.762573	0.000023	1.000657	0.348633	
215	1.000713	0.000030	-0.807617	-0.000030	1.000713	0.417297	
216	1.000660	-0.000087	-0.718750	0.000087	1.000660	0.286133	
217	1.000701	-0.000048	-0.701050	0.000048	1.000701	0.308716	
218	1.000701	0.000003	-0.827271	-0.000003	1.000701	0.395996	
219	1.000645	-0.000022	-0.749390	0.000022	1.000645	0.358887	
220	1.000697	-0.000068	-0.685181	0.000068	1.000697	0.319214	
221	1.000690	0.000008	-0.781494	-0.000008	1.000690	0.373840	
222	1.000716	-0.000008	-0.845093	0.000008	1.000716	0.394592	
223	1.000714	-0.000066	-0.725098	0.000066	1.000714	0.307007	
224	1.000730	0.000071	-0.855591	-0.000071	1.000730	0.443970	
225	1.000690	-0.000044	-0.701660	0.000044	1.000690	0.347595	
226	1.000714	-0.000080	-0.728149	0.000080	1.000714	0.226074	
227	1.000676	0.000018	-0.826904	-0.000018	1.000676	0.457703	
228	1.000797	0.000052	-0.983276	-0.000052	1.000797	0.325317	
229	1.000700	-0.000075	-0.653809	0.000075	1.000700	0.309570	
230	1.000752	-0.000031	-0.788574	0.000031	1.000752	0.325867	
231	1.000762	0.000033	-0.931274	-0.000033	1.000762	0.455933	
232	1.000721	-0.000149	-0.678467	0.000149	1.000721	0.184631	
233	1.000687	-0.000048	-0.799927	0.000048	1.000687	0.431885	
234	1.000765	-0.000024	-0.767334	0.000024	1.000765	0.363647	
235	1.000761	0.000004	-0.994507	-0.000004	1.000761	0.410278	
236	1.000826	-0.000073	-0.768555	0.000073	1.000826	0.316345	
237	1.000705	-0.000034	-0.875854	0.000034	1.000705	0.438110	
238	1.000788	-0.000022	-0.930908	0.000022	1.000788	0.449707	
239	1.000742	-0.000085	-0.743286	0.000085	1.000742	0.289185	
240	1.000772	-0.000008	-0.951660	0.000008	1.000772	0.488464	
241	1.000807	-0.000012	-0.959106	0.000012	1.000807	0.411133	
242	1.000793	-0.000061	-0.892090	0.000061	1.000793	0.315552	
243	1.000684	-0.000088	-0.824463	0.000088	1.000684	0.374207	
244	1.000793	-0.000041	-0.859985	0.000041	1.000793	0.391907	
245	1.000809	-0.000008	-0.939941	0.000008	1.000809	0.400818	
246	1.000827	-0.000053	-0.900391	0.000053	1.000827	0.380371	
247	1.000764	-0.000041	-0.831299	0.000041	1.000764	0.420410	
248	1.000787	0.000015	-1.007935	-0.000015	1.000787	0.447327	
249	1.000795	-0.000099	-0.822632	0.000099	1.000795	0.349915	
250	1.000846	0.000017	-0.948120	-0.000017	1.000846	0.458069	
251	1.000762	-0.000027	-0.942993	0.000027	1.000762	0.454468	
252	1.000868	-0.000034	-0.942871	0.000034	1.000868	0.333679	
253	1.000773	-0.000056	-0.799561	0.000056	1.000773	0.401489	
254	1.000811	-0.000062	-0.974609	0.000062	1.000811	0.453125	
255	1.000843	-0.000108	-0.899536	0.000108	1.000843	0.298767	
256	1.000828	0.000064	-0.971191	-0.000064	1.000828	0.487244	
257	1.000812	-0.000035	-0.949707	0.000035	1.000812	0.496948	
258	1.000884	-0.000042	-0.894531	0.000042	1.000884	0.367615	
259	1.000769	-0.000073	-0.865112	0.000073	1.000769	0.413635	
260	1.000903	-0.000055	-0.969971	0.000055	1.000903	0.430054	
261	1.000861	-0.000011	-1.065796	0.000011	1.000861	0.430359	
262	1.000778	-0.000057	-0.799072	0.000057	1.000778	0.445435	
263	1.000885	0.000005	-1.007202	-0.000005	1.000885	0.517273	
264	1.000865	-0.000008	-1.069214	0.000008	1.000865	0.442261	
265	1.000833	-0.000113	-0.877563	0.000113	1.000833	0.374084	
266	1.000890	0.000031	-1.008179	-0.000031	1.000890	0.516541	
267	1.000858	-0.000023	-1.014404	0.000023	1.000858	0.457214	
268	1.000880	-0.000062	-1.010620	0.000062	1.000880	0.428467	
269	1.000849	-0.000034	-1.012207	0.000034	1.000849	0.485535	
270	1.000919	0.000039	-1.017090	-0.000039	1.000919	0.511963	
271	1.000841	-0.000097	-0.927856	0.000097	1.000841	0.400146	
272	1.000911	-0.000048	-0.925171	0.000048	1.000911	0.440002	
273	1.000910	0.000011	-1.088745	-0.000011	1.000910	0.482483	
274	1.000909	-0.000036	-1.011108	0.000036	1.000909	0.452637	
275	1.000880	-0.000085	-0.947998	0.000085	1.000880	0.442139	
276	1.000906	-0.000045	-0.938599	0.000045	1.000906	0.422913	
277	1.000946	0.000062	-1.096558	-0.000062	1.000946	0.541504	
278	1.000885	-0.000094	-0.884766	0.000094	1.000885	0.415283	
279	1.000925	0.000005	-1.041260	-0.000005	1.000925	0.485229	
280	1.000884	-0.000092	-1.020264	0.000092	1.000884	0.428406	
281	1.000923	-0.000046	-0.999878	0.000046	1.000923	0.471680	
282	1.000946	-0.000034	-1.045898	0.000034	1.000946	0.512573	
283	1.000983	-0.000042	-1.127808	0.000042	1.000983	0.424622	
284	1.000874	-0.000061	-0.927856	0.000061	1.000874	0.435608	
285	1.000937	-0.000137	-1.008057	0.000137	1.000937	0.445374	
286	1.001016	-0.000070	-1.121826	0.000070	1.001016	0.447693	
287	1.000869	-0.000123	-0.930176	0.000123	1.000869	0.408447	
288	1.000942	-0.000095	-1.044312	0.000095	1.000942	0.486511	
289	1.001012	-0.000003	-1.048462	0.000003	1.001012	0.483337	
290	1.000976	-0.000026	-1.078613	0.000026	1.000976	0.498474	
291	1.000929	-0.000190	-0.999878	0.000190	1.000929	0.393066	
292	1.001031	-0.000042	-1.030029	0.000042	1.001031	0.463867	
293	1.000937	-0.000071	-0.991211	0.000071	1.000937	0.436829	
294	1.000982	-0.000132	-0.929565	0.000132	1.000982	0.429016	
295	1.000978	-0.000042	-0.954590	0.000042	1.000978	0.487305	
296	1.001010	0.000011	-1.040527	-0.000011	1.001010	0.558655	
297	1.001004	-0.000086	-0.948853	0.000086	1.001004	0.502075	
298	1.001007	-0.000088	-0.893433	0.000088	1.001007	0.511414	
299	1.001063	0.000047	-1.004150	-0.000047	1.001063	0.580627	
300	1.000962	-0.000010	-0.951904	0.000010	1.000962	0.504089	
301	1.000972	-0.000127	-0.871582	0.000127	1.000972	0.490479	
302	1.001075	-0.000011	-0.950928	0.000011	1.001075	0.573425	
303	1.001014	-0.000028	-0.924072	0.000028	1.001014	0.481018	
304	1.000999	-0.000018	-0.840820	0.000018	1.000999	0.573486	
305	1.001081	-0.000005	-0.937988	0.000005	1.001081	0.601746	
306	1.001082	0.000037	-1.016724	-0.000037	1.001082	0.568481	
307	1.000983	-0.000059	-0.808228	0.000059	1.000983	0.485413	
308	1.000990	-0.000009	-0.819336	0.000009	1.000990	0.609741	
309	1.001082	-0.000021	-0.958862	0.000021	1.001082	0.573914	
310	1.001075	-0.000104	-0.881714	0.000104	1.001075	0.465820	
311	1.000986	0.000055	-0.760132	-0.000055	1.000986	0.624695	
312	1.001124	0.000005	-0.824402	-0.000005	1.001124	0.603210	
313	1.001100	-0.000089	-0.909607	0.000089	1.001100	0.448608	
314	1.000986	-0.000013	-0.707031	0.000013	1.000986	0.608459	
315	1.001116	0.000052	-0.841431	-0.000052	1.001116	0.704407	
316	1.001178	0.000004	-0.949097	-0.000004	1.001178	0.582153	
317	1.000978	-0.000085	-0.574951	0.000085	1.000978	0.519348	
318	1.001099	0.000034	-0.889893	-0.000034	1.001099	0.709106	
319	1.001200	-0.000080	-0.769836	0.000080	1.001200	0.486572	
320	1.001066	0.000069	-0.737671	-0.000069	1.001066	0.705566	
321	1.001125	-0.000010	-0.742676	0.000010	1.001125	0.609253	
322	1.001099	0.000009	-0.667297	-0.000009	1.001099	0.670044	
323	1.001146	-0.000001	-0.779907	0.000001	1.001146	0.674683	
324	1.001101	0.000021	-0.642578	-0.000021	1.001101	0.595825	
325	1.001168	0.000050	-0.809387	-0.000050	1.001168	0.689514	
326	1.001175	-0.000051	-0.689758	0.000051	1.001175	0.593689	
327	1.001144	0.000061	-0.721130	-0.000061	1.001144	0.709106	
328	1.001107	0.000015	-0.659241	-0.000015	1.001107	0.691345	
329	1.001171	0.000032	-0.614319	-0.000032	1.001171	0.700623	
330	1.001115	-0.000048	-0.595703	0.000048	1.001115	0.616516	
331	1.001171	0.000138	-0.763977	-0.000138	1.001171	0.765076	
332	1.001120	-0.000070	-0.521973	0.000070	1.001120	0.566833	
333	1.001140	0.000035	-0.658569	-0.000035	1.001140	0.739258	
334	1.001196	-0.000013	-0.486694	0.000013	1.001196	0.678284	
335	1.001192	0.000063	-0.708130	-0.000063	1.001192	0.627319	
336	1.001110	0.000036	-0.532715	-0.000036	1.001110	0.714722	
337	1.001204	0.000010	-0.557861	-0.000010	1.001204	0.695923	
338	1.001179	0.000061	-0.577820	-0.000061	1.001179	0.658630	
339	1.001155	0.000058	-0.568481	-0.000058	1.001155	0.725098	
340	1.001180	-0.000027	-0.435730	0.000027	1.001180	0.695496	
341	1.001160	0.000035	-0.460571	-0.000035	1.001160	0.708191	
342	1.001232	0.000106	-0.634094	-0.000106	1.001232	0.721680	
343	1.001193	0.000010	-0.543457	-0.000010	1.001193	0.731323	
344	1.001289	0.000021	-0.554932	-0.000021	1.001289	0.683777	
345	1.001186	0.000047	-0.396423	-0.000047	1.001186	0.717041	
346	1.001174	0.000014	-0.297180	-0.000014	1.001174	0.723328	
347	1.001262	0.000170	-0.579590	-0.000170	1.001262	0.809326	
348	1.001238	0.000069	-0.449829	-0.000069	1.001238	0.681030	
349	1.001228	0.000077	-0.352112	-0.000077	1.001228	0.787415	
350	1.001215	0.000024	-0.320129	-0.000024	1.001215	0.760315	
351	1.001338	0.000140	-0.458496	-0.000140	1.001338	0.843628	
352	1.001228	0.000075	-0.335876	-0.000075	1.001228	0.689331	
353	1.001353	0.000060	-0.367493	-0.000060	1.001353	0.733521	
354	1.001406	0.000066	-0.359009	-0.000066	1.001406	0.785095	
355	1.001277	0.000081	-0.336914	-0.000081	1.001277	0.729614	
356	1.001256	0.000140	-0.228027	-0.000140	1.001256	0.877319	
357	1.001266	0.000097	-0.209717	-0.000097	1.001266	0.757080	
358	1.001278	0.000108	-0.213135	-0.000108	1.001278	0.806396	
359	1.001247	0.000202	-0.295288	-0.000202	1.001247	0.816467	
360	1.001134	0.000212	-0.040649	-0.000212	1.001134	0.909119	
361	1.001454	0.000057	-0.356506	-0.000057	1.001454	0.690430	
362	1.001321	0.000086	-0.114929	-0.000086	1.001321	0.702942	
363	1.001413	0.000089	-0.232849	-0.000089	1.001413	0.786438	
364	1.001304	0.000233	-0.401611	-0.000233	1.001304	0.922485	
365	1.001314	0.000370	-0.573547	-0.000370	1.001314	0.999390	
366	1.001320	0.000604	-0.766174	-0.000604	1.001320	1.208862	
367	1.001386	0.000699	-1.536682	-0.000699	1.001386	1.333069	
368	1.001313	0.000958	-1.761475	-0.000958	1.001313	1.549255	
369	1.001295	0.001083	-1.947876	-0.001083	1.001295	1.812988	
370	1.001616	0.001016	-2.204102	-0.001016	1.001616	1.523315	
371	1.001354	0.001024	-1.961548	-0.001024	1.001354	1.634033	
372	1.001478	0.001131	-2.327148	-0.001131	1.001478	1.659668	
373	1.001346	0.001278	-2.394470	-0.001278	1.001346	1.932861	
374	1.001508	0.001123	-2.204163	-0.001123	1.001508	1.619995	
375	1.001362	0.000985	-2.007019	-0.000985	1.001362	1.675476	
376	1.001564	0.001075	-2.089966	-0.001075	1.001564	1.616211	
377	1.001451	0.000963	-2.073792	-0.000963	1.001451	1.543152	
378	1.001444	0.000882	-1.658630	-0.000882	1.001444	1.509338	
379	1.001564	0.000961	-1.815186	-0.000961	1.001564	1.545959	
380	1.001465	0.000932	-1.811829	-0.000932	1.001465	1.533813	
381	1.001565	0.000874	-1.684509	-0.000874	1.001565	1.407959	
382	1.001477	0.000870	-1.621582	-0.000870	1.001477	1.487610	
383	1.001667	0.000811	-1.562927	-0.000811	1.001667	1.380737	
384	1.001411	0.000918	-1.556641	-0.000918	1.001411	1.504700	
385	1.001492	0.000819	-1.419983	-0.000819	1.001492	1.457703	
386	1.001331	0.001078	-1.471436	-0.001078	1.001331	1.808411	
387	1.001513	0.000828	-1.464966	-0.000828	1.001513	1.448792	
388	1.001532	0.000876	-1.389221	-0.000876	1.001532	1.458984	
389	1.001353	0.000900	-1.257690	-0.000900	1.001353	1.557251	
390	1.001536	0.000761	-1.345520	-0.000761	1.001536	1.317993	
391	1.001402	0.000787	-1.286316	-0.000787	1.001402	1.490967	
392	1.001716	0.000886	-1.461792	-0.000886	1.001716	1.427795	
393	1.001629	0.000758	-1.144592	-0.000758	1.001629	1.348083	
394	1.001569	0.000843	-1.319946	-0.000843	1.001569	1.380554	
395	1.001518	0.000787	-1.198792	-0.000787	1.001518	1.362183	
396	1.001730	0.000892	-1.595459	-0.000892	1.001730	1.356079	
397	1.001531	0.000949	-1.604065	-0.000949	1.001531	1.551270	
398	1.001606	0.000997	-1.460205	-0.000997	1.001606	1.582153	
399	1.001371	0.001076	-1.746704	-0.001076	1.001371	1.733337	
400	1.001410	0.001276	-2.194153	-0.001276	1.001410	2.017761	
401	1.001617	0.001523	-2.545959	-0.001523	1.001617	2.093506	
402	1.001666	0.001509	-2.864319	-0.001509	1.001666	1.994629	
403	1.002005	0.001622	-3.323120	-0.001622	1.002005	1.963440	
404	1.001353	0.002173	-3.605896	-0.002173	1.001353	2.840820	
405	1.001531	0.002137	-3.797119	-0.002137	1.001531	2.743286	
406	1.002766	0.002441	-5.009094	-0.002441	1.002766	2.211792	
407	1.002070	0.002443	-4.873657	-0.002443	1.002070	2.710205	
408	1.002736	0.002891	-5.772217	-0.002891	1.002736	2.553406	
409	1.002865	0.003009	-6.140869	-0.003009	1.002865	2.636841	
410	1.002784	0.002967	-6.276306	-0.002967	1.002784	2.647583	
411	1.002488	0.002963	-5.898010	-0.002963	1.002488	2.805481	
412	1.002753	0.003279	-6.464478	-0.003279	1.002753	2.928772	
413	1.002655	0.002935	-6.294983	-0.002935	1.002655	2.716431	
414	1.002106	0.003020	-5.842957	-0.003020	1.002106	3.199951	
415	1.002823	0.002998	-6.053467	-0.002998	1.002823	2.710693	
416	1.002623	0.002949	-6.257996	-0.002949	1.002623	2.782104	
417	1.000743	0.003098	-4.713745	-0.003098	1.000743	4.177063	
418	1.002740	0.003086	-6.077332	-0.003086	1.002740	2.845276	
419	1.001110	0.002661	-4.904541	-0.002661	1.001110	3.302551	
420	1.002614	0.002990	-5.960815	-0.002990	1.002614	2.827087	
421	1.002052	0.003206	-5.750610	-0.003206	1.002052	3.420471	
422	1.002730	0.002953	-6.015076	-0.002953	1.002730	2.651611	
423	1.002556	0.002831	-5.567566	-0.002831	1.002556	2.696167	
424	1.001505	0.002839	-4.737976	-0.002839	1.001505	3.448608	
425	1.002128	0.002679	-4.999451	-0.002679	1.002128	2.858276	
426	1.002490	0.002451	-4.903809	-0.002451	1.002490	2.454651	
427	1.001998	0.002258	-3.955872	-0.002258	1.001998	2.589783	
428	1.001585	0.001879	-2.829224	-0.001879	1.001585	2.510986	
429	1.001438	0.001324	-1.997559	-0.001324	1.001438	1.968811	
430	1.001558	0.000894	-1.170532	-0.000894	1.001558	1.511780	
431	1.001791	0.000922	-1.151733	-0.000922	1.001791	1.420837	
432	1.001444	0.000699	-0.393433	-0.000699	1.001444	1.581177	
433	1.001722	0.000534	-0.741943	-0.000534	1.001722	1.052307	
434	1.001549	0.000679	-0.382629	-0.000679	1.001549	1.305664	
435	1.001638	0.000987	-1.406372	-0.000987	1.001638	1.630798	
436	1.001509	0.001171	-1.371155	-0.001171	1.001509	1.767273	
437	1.001334	0.001198	-1.473206	-0.001198	1.001334	1.845459	
438	1.001409	0.001522	-2.013000	-0.001522	1.001409	2.334412	
439	1.001243	0.001824	-2.595093	-0.001824	1.001243	2.546631	
440	1.001645	0.001747	-2.351624	-0.001747	1.001645	2.248474	
441	1.001502	0.001448	-2.128052	-0.001448	1.001502	1.951965	
442	1.001750	0.001537	-2.383484	-0.001537	1.001750	1.885132	
443	1.001578	0.001294	-1.706726	-0.001294	1.001578	1.920227	
444	1.001682	0.000938	-0.739990	-0.000938	1.001682	1.693237	
445	1.001506	0.000755	-0.701294	-0.000755	1.001506	1.493347	
446	1.001843	0.000628	-0.398376	-0.000628	1.001843	1.186340	
447	1.001591	0.000880	-0.916199	-0.000880	1.001591	1.373901	
448	1.001580	0.001093	-1.059570	-0.001093	1.001580	1.693909	
449	1.001732	0.001105	-1.227722	-0.001105	1.001732	1.526001	
450	1.001327	0.001374	-1.370178	-0.001374	1.001327	2.192749	
451	1.002412	0.001164	-1.685669	-0.001164	1.002412	1.394104	
452	1.001752	0.001239	-1.672607	-0.001239	1.001752	1.738403	
453	1.001541	0.001491	-2.162170	-0.001491	1.001541	2.081909	
454	1.002125	0.001524	-2.354004	-0.001524	1.002125	1.830139	
455	1.002304	0.001973	-3.210205	-0.001973	1.002304	2.024231	
456	1.001671	0.001613	-2.474976	-0.001613	1.001671	2.056335	
457	1.002099	0.001840	-3.062134	-0.001840	1.002099	2.072876	
458	1.002465	0.001800	-3.190186	-0.001800	1.002465	1.872253	
459	1.001323	0.002237	-2.744995	-0.002237	1.001323	3.092285	
460	1.001628	0.001969	-3.003601	-0.001969	1.001628	2.398254	
461	1.001866	0.002012	-3.272949	-0.002012	1.001866	2.394775	
462	1.002546	0.002090	-3.751526	-0.002090	1.002546	1.949036	
463	1.001349	0.002245	-2.996094	-0.002245	1.001349	2.929443	
464	1.001863	0.002405	-3.436707	-0.002405	1.001863	2.953369	
465	1.001705	0.001990	-3.222046	-0.001990	1.001705	2.466309	
466	1.002178	0.002221	-3.441711	-0.002221	1.002178	2.318298	
467	1.002619	0.002008	-3.682678	-0.002008	1.002619	1.911438	
468	1.001981	0.002117	-3.305481	-0.002117	1.001981	2.494446	
469	1.001476	0.002141	-2.729675	-0.002141	1.001476	2.835022	
470	1.001987	0.001968	-3.230957	-0.001968	1.001987	2.320251	
471	1.002180	0.002237	-3.508667	-0.002237	1.002180	2.444946	
472	1.001696	0.001751	-2.967834	-0.001751	1.001696	2.180420	
473	1.002026	0.001977	-3.106140	-0.001977	1.002026	2.262573	
474	1.001995	0.001992	-3.465515	-0.001992	1.001995	2.309998	
475	1.001489	0.002503	-3.194885	-0.002503	1.001489	3.404785	
476	1.001577	0.002222	-2.888672	-0.002222	1.001577	2.930359	
477	1.002601	0.002210	-3.385925	-0.002210	1.002601	2.122314	
478	1.001396	0.002245	-2.843689	-0.002245	1.001396	3.207336	
479	1.001700	0.001983	-2.718567	-0.001983	1.001700	2.554504	
480	1.002723	0.002064	-3.194519	-0.002064	1.002723	2.103516	
481	1.001436	0.001791	-2.479187	-0.001791	1.001436	2.400574	
482	1.001466	0.002092	-2.592529	-0.002092	1.001466	2.744507	
483	1.001685	0.002249	-2.985657	-0.002249	1.001685	2.854309	
484	1.001689	0.002089	-3.017700	-0.002089	1.001689	2.570007	
485	1.002497	0.001739	-2.948364	-0.001739	1.002497	1.770752	
486	1.001476	0.002079	-2.198669	-0.002079	1.001476	2.911621	
487	1.002207	0.001488	-2.504517	-0.001488	1.002207	1.649048	
488	1.001890	0.001121	-1.649109	-0.001121	1.001890	1.508179	
489	1.001858	0.001297	-1.361450	-0.001297	1.001858	1.654236	
490	1.001644	0.001047	-0.922974	-0.001047	1.001644	1.743530	
491	1.001923	0.000586	-0.324097	-0.000586	1.001923	1.081360	
492	1.001718	0.000600	0.020264	-0.000600	1.001718	1.269836	
493	1.002084	0.001008	-0.751221	-0.001008	1.002084	1.387878	
494	1.002607	0.000837	-0.860046	-0.000837	1.002607	0.951782	
495	1.001629	0.001132	-1.038818	-0.001132	1.001629	1.676575	
496	1.002058	0.001049	-0.956787	-0.001049	1.002058	1.422058	
497	1.001384	0.001644	-1.055786	-0.001644	1.001384	2.580505	
498	1.001507	0.001120	-0.862000	-0.001120	1.001507	1.704773	
499	1.002097	0.001022	-1.277405	-0.001022	1.002097	1.330627	
500	1.001871	0.000808	-0.740662	-0.000808	1.001871	1.241882	
501	1.001797	0.001159	-1.017273	-0.001159	1.001797	1.651367	
502	1.001377	0.001065	-0.384888	-0.001065	1.001377	1.878418	
503	1.001481	0.000954	-0.492981	-0.000954	1.001481	1.521576	
504	1.001896	0.000631	-0.458191	-0.000631	1.001896	1.039185	
505	1.001833	0.000890	-0.444946	-0.000890	1.001833	1.327332	
506	1.001741	0.000488	-0.256775	-0.000488	1.001741	1.056122	
507	1.001423	0.000707	0.051208	-0.000707	1.001423	1.341278	
508	1.001775	0.000643	0.173218	-0.000643	1.001775	1.163086	
509	1.001245	0.000879	0.375427	-0.000879	1.001245	1.803772	
510	1.001721	0.000634	-0.061401	-0.000634	1.001721	1.043091	
511	1.001847	0.000682	0.103699	-0.000682	1.001847	1.147339	
512	1.001711	0.000490	0.413086	-0.000490	1.001711	1.075073	
513	1.001896	0.000425	0.190857	-0.000425	1.001896	0.946838	
514	1.001887	0.000516	0.325256	-0.000516	1.001887	1.026306	
515	1.001648	0.000630	0.359924	-0.000630	1.001648	1.200745	
516	1.002010	0.000583	0.222839	-0.000583	1.002010	1.052795	
517	1.001662	0.000567	0.444458	-0.000567	1.001662	1.254150	
518	1.001778	0.000651	0.164734	-0.000651	1.001778	1.123596	
519	1.002196	0.000589	-0.140991	-0.000589	1.002196	0.956726	
520	1.001326	0.000803	0.259521	-0.000803	1.001326	1.489044	
521	1.002019	0.000788	-0.162476	-0.000788	1.002019	1.193298	
522	1.001869	0.000795	-0.139404	-0.000795	1.001869	1.335266	
523	1.001823	0.000681	-0.157410	-0.000681	1.001823	1.170776	
524	1.001909	0.000720	-0.401245	-0.000720	1.001909	1.114075	
525	1.001997	0.000652	-0.062439	-0.000652	1.001997	1.085632	
526	1.001906	0.000570	-0.252136	-0.000570	1.001906	0.992523	
527	1.001989	0.000568	0.041809	-0.000568	1.001989	0.966248	
528	1.002138	0.000737	-0.491211	-0.000737	1.002138	1.057739	
529	1.002084	0.000603	-0.033142	-0.000603	1.002084	1.071411	
530	1.001518	0.000620	0.101685	-0.000620	1.001518	1.152313	
531	1.001934	0.000538	0.198730	-0.000538	1.001934	1.051270	
532	1.001536	0.000927	0.237915	-0.000927	1.001536	1.576660	
533	1.001637	0.000708	0.050964	-0.000708	1.001637	1.289246	
534	1.001534	0.000751	0.279419	-0.000751	1.001534	1.410400	
535	1.002146	0.000551	-0.200317	-0.000551	1.002146	0.884888	
536	1.001758	0.000712	0.115723	-0.000712	1.001758	1.331116	
537	1.001639	0.000824	0.141968	-0.000824	1.001639	1.393250	
538	1.002180	0.000654	-0.338196	-0.000654	1.002180	1.054749	
539	1.001407	0.000723	0.056641	-0.000723	1.001407	1.315308	
540	1.001477	0.000750	-0.191040	-0.000750	1.001477	1.543732	
541	1.002266	0.000493	-0.295471	-0.000493	1.002266	0.726440	
542	1.002107	0.000450	0.130981	-0.000450	1.002107	0.958130	
543	1.001763	0.000639	0.180054	-0.000639	1.001763	1.265442	
544	1.001636	0.000473	0.291443	-0.000473	1.001636	1.180481	
545	1.002230	0.000343	-0.019897	-0.000343	1.002230	0.837952	
546	1.001753	0.000583	0.179810	-0.000583	1.001753	1.345642	
547	1.001756	0.000450	0.303040	-0.000450	1.001756	1.204163	
548	1.001387	0.000281	0.449829	-0.000281	1.001387	1.085419	
549	1.001395	0.000220	0.726501	-0.000220	1.001395	0.954712	
550	1.001796	0.000354	0.586975	-0.000354	1.001796	1.202087	
551	1.001776	0.000248	0.826843	-0.000248	1.001776	1.007629	
552	1.002037	0.000079	0.743713	-0.000079	1.002037	0.848755	
553	1.001423	0.000364	0.823975	-0.000364	1.001423	1.133942	
554	1.002216	0.000154	0.553589	-0.000154	1.002216	0.678650	
555	1.001416	0.000577	0.615540	-0.000577	1.001416	1.325745	
556	1.001708	0.000047	0.805908	-0.000047	1.001708	0.760040	
557	1.002143	0.000151	0.692810	-0.000151	1.002143	0.752686	
558	1.001544	0.000159	0.466736	-0.000159	1.001544	0.916443	
559	1.001966	0.000077	0.619202	-0.000077	1.001966	0.674377	
560	1.001811	0.000208	0.477356	-0.000208	1.001811	1.011475	
561	1.001438	0.000519	0.376465	-0.000519	1.001438	1.424530	
562	1.001943	0.000121	0.364746	-0.000121	1.001943	0.900146	
563	1.001463	0.000379	0.332031	-0.000379	1.001463	1.232269	
564	1.001763	0.000162	0.406494	-0.000162	1.001763	1.055176	
565	1.001607	0.000221	0.328552	-0.000221	1.001607	1.072998	
566	1.002126	-0.000034	0.245422	0.000034	1.002126	0.682312	
567	1.001882	0.000124	0.295044	-0.000124	1.001882	0.983826	
568	1.001856	0.000179	0.056030	-0.000179	1.001856	1.012695	
569	1.001838	0.000072	0.261780	-0.000072	1.001838	0.917847	
570	1.001869	0.000119	0.066406	-0.000119	1.001869	0.894714	
571	1.002105	0.000015	-0.037659	-0.000015	1.002105	0.752380	
572	1.001613	0.000177	0.148560	-0.000177	1.001613	1.085754	
573	1.001612	0.000182	0.245178	-0.000182	1.001612	1.118835	
574	1.001855	0.000105	0.035645	-0.000105	1.001855	0.949524	
575	1.001662	0.000366	-0.022156	-0.000366	1.001662	1.315002	
576	1.001793	0.000082	0.055786	-0.000082	1.001793	1.022217	
577	1.001923	0.000168	-0.125366	-0.000168	1.001923	0.949829	
578	1.001771	0.000080	0.006042	-0.000080	1.001771	0.994324	
579	1.001757	0.000006	0.006165	-0.000006	1.001757	0.913147	
580	1.001978	0.000026	-0.263855	-0.000026	1.001978	0.883667	
581	1.001964	-0.000109	0.024963	0.000109	1.001964	0.703308	
582	1.001836	-0.000036	-0.155457	0.000036	1.001836	0.849609	
583	1.001698	0.000057	-0.146240	-0.000057	1.001698	0.992798	
584	1.001896	-0.000072	-0.239502	0.000072	1.001896	0.839600	
585	1.001777	-0.000025	-0.294739	0.000025	1.001777	0.876709	
586	1.001856	0.000023	-0.530762	-0.000023	1.001856	0.876709	
587	1.001760	-0.000016	-0.347473	0.000016	1.001760	0.923706	
588	1.001787	-0.000061	-0.401550	0.000061	1.001787	0.829712	
589	1.001772	-0.000025	-0.583679	0.000025	1.001772	0.888550	
590	1.001697	0.000114	-0.588196	-0.000114	1.001697	1.083557	
591	1.001809	-0.000120	-0.663086	0.000120	1.001809	0.779175	
592	1.001795	-0.000011	-0.632935	0.000011	1.001795	0.873108	
593	1.001773	0.000057	-0.634888	-0.000057	1.001773	0.981628	
594	1.001663	0.000104	-0.877258	-0.000104	1.001663	1.022705	
595	1.001806	-0.000183	-0.541199	0.000183	1.001806	0.746521	
596	1.001797	-0.000096	-0.733337	0.000096	1.001797	0.787720	
597	1.001667	0.000047	-0.955017	-0.000047	1.001667	0.955322	
598	1.001743	-0.000203	-0.695679	0.000203	1.001743	0.743103	
599	1.001691	0.000085	-1.129822	-0.000085	1.001691	0.986450	
600	1.001715	-0.000144	-0.764343	0.000144	1.001715	0.743225	
601	1.001648	-0.000104	-0.907654	0.000104	1.001648	0.831665	
602	1.001713	-0.000034	-1.061829	0.000034	1.001713	0.880371	
603	1.001744	-0.000078	-1.155518	0.000078	1.001744	0.805237	
604	1.001679	-0.000271	-0.815063	0.000271	1.001679	0.620117	
605	1.001702	-0.000114	-1.105164	0.000114	1.001702	0.790283	
606	1.001751	-0.000174	-1.182739	0.000174	1.001751	0.741455	
607	1.001730	-0.000103	-1.285278	0.000103	1.001730	0.751160	
608	1.001606	-0.000077	-1.205933	0.000077	1.001606	0.807678	
609	1.001705	-0.000164	-1.306885	0.000164	1.001705	0.759033	
610	1.001639	-0.000324	-1.072449	0.000324	1.001639	0.552246	
611	1.001634	-0.000096	-1.335876	0.000096	1.001634	0.777527	
612	1.001610	-0.000123	-1.321899	0.000123	1.001610	0.784729	
613	1.001600	-0.000106	-1.396729	0.000106	1.001600	0.787964	
614	1.001686	-0.000209	-1.456604	0.000209	1.001686	0.695557	
615	1.001612	-0.000197	-1.354126	0.000197	1.001612	0.727295	
616	1.001633	0.000005	-1.713196	-0.000005	1.001633	0.914795	
617	1.001459	-0.000187	-1.416809	0.000187	1.001459	0.702240	
618	1.001518	-0.000248	-1.306274	0.000248	1.001518	0.683105	
619	1.001665	-0.000356	-1.534058	0.000356	1.001665	0.631226	
620	1.001581	-0.000365	-1.564392	0.000365	1.001581	0.609009	
621	1.001544	-0.000262	-1.503845	0.000262	1.001544	0.720886	
622	1.001539	-0.000248	-1.721802	0.000248	1.001539	0.733948	
623	1.001671	-0.000366	-1.766663	0.000366	1.001671	0.579468	
624	1.001484	-0.000231	-1.641968	0.000231	1.001484	0.716003	
625	1.001624	-0.000420	-1.619812	0.000420	1.001624	0.618774	
626	1.001616	-0.000222	-1.868896	0.000222	1.001616	0.676758	
627	1.001462	-0.000331	-1.759766	0.000331	1.001462	0.634460	
628	1.001501	-0.000288	-1.764771	0.000288	1.001501	0.690125	
629	1.001620	-0.000247	-2.085876	0.000247	1.001620	0.676636	
630	1.001493	-0.000429	-1.830688	0.000429	1.001493	0.536804	
631	1.001672	-0.000161	-2.236511	0.000161	1.001672	0.723145	
632	1.001501	-0.000234	-2.018250	0.000234	1.001501	0.746887	
633	1.001365	-0.000339	-1.877502	0.000339	1.001365	0.574829	
634	1.001486	-0.000364	-1.971252	0.000364	1.001486	0.626892	
635	1.001557	-0.000189	-2.256042	0.000189	1.001557	0.746460	
636	1.001434	-0.000331	-2.003784	0.000331	1.001434	0.608215	
637	1.001371	-0.000517	-1.867859	0.000517	1.001371	0.543823	
638	1.001557	-0.000247	-2.248718	0.000247	1.001557	0.695435	
639	1.001639	0.000012	-2.738953	-0.000012	1.001639	0.890869	
640	1.001349	-0.000449	-1.960571	0.000449	1.001349	0.502625	
641	1.001558	-0.000204	-2.410278	0.000204	1.001558	0.726501	
642	1.001530	-0.000488	-2.143860	0.000488	1.001530	0.585693	
643	1.001548	-0.000267	-2.592834	0.000267	1.001548	0.675476	
644	1.001379	-0.000252	-2.328064	0.000252	1.001379	0.768616	
645	1.001717	-0.000101	-2.862000	0.000101	1.001717	0.707642	
646	1.001543	-0.000195	-2.622742	0.000195	1.001543	0.648254	
647	1.001135	-0.000473	-1.931702	0.000473	1.001135	0.498749	
648	1.001535	-0.000205	-2.633667	0.000205	1.001535	0.710693	
649	1.001536	-0.000261	-2.711731	0.000261	1.001536	0.658264	
650	1.001119	-0.000431	-2.054810	0.000431	1.001119	0.520691	
651	1.001352	-0.000361	-2.375183	0.000361	1.001352	0.576599	
652	1.001330	-0.000292	-2.670898	0.000292	1.001330	0.624115	
653	1.001205	-0.000506	-2.171143	0.000506	1.001205	0.510376	
654	1.001478	-0.000343	-2.864258	0.000343	1.001478	0.562195	
655	1.001420	-0.000436	-2.573120	0.000436	1.001420	0.559937	
656	1.001409	-0.000422	-2.664856	0.000422	1.001409	0.471985	
657	1.001091	-0.000373	-2.238953	0.000373	1.001091	0.591614	
658	1.001633	-0.000359	-3.093628	0.000359	1.001633	0.594177	
659	1.001229	-0.000410	-2.491455	0.000410	1.001229	0.413940	
660	1.001306	-0.000618	-2.515625	0.000618	1.001306	0.417297	
661	1.001236	-0.000321	-2.589355	0.000321	1.001236	0.654724	
662	1.001298	-0.000600	-2.520325	0.000600	1.001298	0.443604	
663	1.001092	-0.000561	-2.455688	0.000561	1.001092	0.309937	
664	1.001565	-0.000268	-3.203247	0.000268	1.001565	0.607422	
665	1.001133	-0.000383	-2.625427	0.000383	1.001133	0.523590	
666	1.000997	-0.000430	-2.245667	0.000430	1.000997	0.379791	
667	1.001327	-0.000291	-2.964233	0.000291	1.001327	0.588440	
668	1.001655	-0.000205	-3.519775	0.000205	1.001655	0.592102	
669	1.001499	-0.000452	-3.166382	0.000452	1.001499	0.471069	
670	1.001404	-0.000436	-3.113647	0.000436	1.001404	0.492371	
671	1.001089	-0.000436	-2.608826	0.000436	1.001089	0.492737	
672	1.001352	-0.000479	-3.182800	0.000479	1.001352	0.604919	
673	1.001121	-0.000448	-2.759521	0.000448	1.001121	0.513489	
674	1.001432	-0.000410	-3.170471	0.000410	1.001432	0.575867	
675	1.001368	-0.000377	-3.262634	0.000377	1.001368	0.582642	
676	1.001506	-0.000341	-3.414429	0.000341	1.001506	0.467468	
677	1.001580	-0.000305	-3.616211	0.000305	1.001580	0.583679	
678	1.001143	-0.000638	-2.981384	0.000638	1.001143	0.483337	
679	1.001875	-0.000181	-4.110474	0.000181	1.001875	0.429871	
680	1.001355	-0.000392	-3.330750	0.000392	1.001355	0.590210	
681	1.001262	-0.000540	-3.265564	0.000540	1.001262	0.748108	
682	1.001073	-0.000635	-2.779907	0.000635	1.001073	0.354126	
683	1.001456	-0.000396	-3.585510	0.000396	1.001456	0.522278	
684	1.001962	-0.000116	-4.437866	0.000116	1.001962	0.539062	
685	1.001037	-0.000673	-2.600586	0.000673	1.001037	0.301178	
686	1.001130	-0.000499	-2.638306	0.000499	1.001130	0.439331	
687	1.001229	-0.000807	-2.752747	0.000807	1.001229	0.332153	
688	1.000984	-0.001050	-2.002075	0.001050	1.000984	0.003235	
689	1.001318	-0.000958	-2.624023	0.000958	1.001318	0.074951	
690	1.001652	-0.000857	-2.704102	0.000857	1.001652	-0.141541	
691	1.001221	-0.001108	-2.240784	0.001108	1.001221	-0.044189	
692	1.001444	-0.000988	-2.401306	0.000988	1.001444	-0.186707	
693	1.001463	-0.000651	-2.494080	0.000651	1.001463	0.082703	
694	1.001064	-0.001274	-1.978760	0.001274	1.001064	-0.071838	
695	1.001158	-0.001466	-1.716064	0.001466	1.001158	-0.352783	
696	1.001084	-0.001523	-1.453552	0.001523	1.001084	-0.311523	
697	1.001185	-0.001785	-0.810242	0.001785	1.001185	-0.600708	
698	1.001216	-0.002076	-0.569824	0.002076	1.001216	-0.908386	
699	1.001779	-0.001838	-1.533813	0.001838	1.001779	-1.189392	
700	1.002457	-0.002121	-2.128174	0.002121	1.002457	-2.061768	
701	1.001423	-0.002160	-0.430420	0.002160	1.001423	-1.232910	
702	1.002107	-0.002302	-1.324463	0.002302	1.002107	-1.907471	
703	1.001093	-0.002055	-0.862366	0.002055	1.001093	-0.565796	
704	1.000848	-0.001959	-1.037842	0.001959	1.000848	-0.446472	
705	1.001261	-0.001455	-1.452332	0.001455	1.001261	-0.443237	
706	1.001574	-0.001559	-1.915405	0.001559	1.001574	-0.526123	
707	1.001419	-0.001517	-2.068115	0.001517	1.001419	-0.392761	
708	1.000750	-0.001634	-1.331726	0.001634	1.000750	-0.229553	
709	1.001121	-0.001076	-2.595398	0.001076	1.001121	0.289307	
710	1.001044	-0.001427	-1.903931	0.001427	1.001044	0.060486	
711	1.001016	-0.001635	-1.631958	0.001635	1.001016	-0.430054	
712	1.001364	-0.001089	-2.682312	0.001089	1.001364	-0.081726	
713	1.001410	-0.000720	-2.858765	0.000720	1.001410	0.171661	
714	1.001193	-0.001347	-2.421631	0.001347	1.001193	-0.132507	
715	1.001179	-0.001068	-2.580078	0.001068	1.001179	0.035339	
716	1.001216	-0.001232	-2.544495	0.001232	1.001216	0.000549	
717	1.001643	-0.000660	-3.465576	0.000660	1.001643	0.165466	
718	1.001297	-0.000876	-2.794922	0.000876	1.001297	0.006897	
719	1.000868	-0.001383	-2.186035	0.001383	1.000868	0.114990	
720	1.001755	-0.000659	-3.448486	0.000659	1.001755	0.046814	
721	1.001090	-0.001392	-2.322693	0.001392	1.001090	-0.084839	
722	1.001412	-0.000953	-3.260437	0.000953	1.001412	0.094604	
723	1.001394	-0.000944	-3.145813	0.000944	1.001394	0.160095	
724	1.000970	-0.001358	-2.443726	0.001358	1.000970	0.053772	
725	1.001198	-0.001206	-2.549683	0.001206	1.001198	-0.157043	
726	1.001144	-0.001562	-2.307739	0.001562	1.001144	-0.147217	
727	1.001989	-0.000755	-3.615784	0.000755	1.001989	-0.169250	
728	1.001392	-0.001207	-2.887207	0.001207	1.001392	-0.177612	
729	1.001642	-0.001322	-2.617126	0.001322	1.001642	-0.511597	
730	1.000684	-0.002144	-0.836914	0.002144	1.000684	-0.552551	
731	1.000934	-0.001629	-1.299744	0.001629	1.000934	-0.557404	
732	1.001380	-0.001760	-1.747620	0.001760	1.001380	-0.705139	
733	1.001023	-0.002167	-0.701111	0.002167	1.001023	-0.850037	
734	1.000506	-0.002686	0.147644	0.002686	1.000506	-0.840210	
735	1.001444	-0.001948	-1.392212	0.001948	1.001444	-1.005798	
736	1.000496	-0.003017	0.262085	0.003017	1.000496	-0.675171	
737	1.001037	-0.002458	-0.200195	0.002458	1.001037	-1.112976	
738	1.001667	-0.002109	-0.736267	0.002109	1.001667	-1.405945	
739	1.002183	-0.002436	-1.677246	0.002436	1.002183	-1.892151	
740	1.000881	-0.002416	0.165344	0.002416	1.000881	-1.027039	
741	1.002424	-0.002741	-1.298218	0.002741	1.002424	-2.535583	
742	1.001082	-0.003010	0.536926	0.003010	1.001082	-1.467102	
743	1.002665	-0.002857	-1.324585	0.002857	1.002665	-2.712402	
744	1.000539	-0.003289	1.631775	0.003289	1.000539	-1.459595	
745	1.003339	-0.003198	-2.248535	0.003198	1.003339	-3.633911	
746	1.001517	-0.002579	0.066589	0.002579	1.001517	-1.719177	
747	1.002574	-0.003129	-0.569702	0.003129	1.002574	-2.813782	
748	1.003062	-0.003027	-1.607056	0.003027	1.003062	-3.203491	
749	1.000364	-0.003239	1.570007	0.003239	1.000364	-1.321899	
750	1.001951	-0.003127	0.009888	0.003127	1.001951	-2.365601	
751	1.002688	-0.003157	-0.808105	0.003157	1.002688	-3.086304	
752	1.002244	-0.003228	-0.305420	0.003228	1.002244	-2.683167	
753	1.002331	-0.003085	-0.627197	0.003085	1.002331	-2.538757	
754	1.002932	-0.003026	-1.418457	0.003026	1.002932	-3.044312	
755	1.000564	-0.003279	1.635986	0.003279	1.000564	-1.577820	
756	1.003289	-0.003459	-1.546875	0.003459	1.003289	-3.872192	
757	1.001077	-0.002664	1.322998	0.002664	1.001077	-1.627594	
758	1.001832	-0.002815	0.014954	0.002815	1.001832	-1.998779	
759	1.000907	-0.003264	1.104248	0.003264	1.000907	-1.604187	
760	1.000420	-0.003255	1.687622	0.003255	1.000420	-1.362427	
761	1.001164	-0.003418	0.840698	0.003418	1.001164	-1.898682	
762	1.002304	-0.003071	-0.763306	0.003071	1.002304	-2.529053	
763	1.000290	-0.003752	1.901917	0.003752	1.000290	-1.507996	
764	1.000159	-0.003387	1.311707	0.003387	1.000159	-0.976746	
765	1.001290	-0.002941	0.066284	0.002941	1.001290	-1.502502	
766	1.002049	-0.002820	-0.890991	0.002820	1.002049	-2.078613	
767	1.001204	-0.003026	0.207520	0.003026	1.001204	-1.693420	
768	1.001047	-0.002192	0.281677	0.002192	1.001047	-1.108032	
769	1.000317	-0.003318	1.398560	0.003318	1.000317	-1.412537	
770	1.000454	-0.002788	0.809509	0.002788	1.000454	-1.104065	
771	1.001778	-0.002589	-0.698975	0.002589	1.001778	-1.781006	
772	1.000426	-0.002940	0.803772	0.002940	1.000426	-0.982239	
773	1.000539	-0.002734	0.277039	0.002734	1.000539	-0.899048	
774	1.000868	-0.002577	-0.152771	0.002577	1.000868	-0.889832	
775	1.001530	-0.002122	-1.044739	0.002122	1.001530	-1.215027	
776	1.001757	-0.002145	-1.203491	0.002145	1.001757	-1.462341	
777	1.001453	-0.001979	-1.402832	0.001979	1.001453	-0.962585	
778	1.000661	-0.002882	-0.075012	0.002882	1.000661	-0.924744	
779	1.001902	-0.002180	-1.821045	0.002180	1.001902	-1.511780	
780	1.000994	-0.002566	-0.447571	0.002566	1.000994	-1.027832	
781	1.000414	-0.003409	1.051453	0.003409	1.000414	-1.218628	
782	1.000804	-0.002635	-0.178772	0.002635	1.000804	-1.041992	
783	1.002072	-0.002150	-1.297729	0.002150	1.002072	-1.693481	
784	1.001247	-0.002628	-0.643250	0.002628	1.001247	-1.273560	
785	1.000337	-0.002681	0.620972	0.002681	1.000337	-1.137634	
786	1.002929	-0.002653	-2.759033	0.002653	1.002929	-2.729309	
787	1.000520	-0.002911	0.516113	0.002911	1.000520	-0.927734	
788	1.000509	-0.003327	0.510010	0.003327	1.000509	-1.120300	
789	1.002052	-0.002086	-1.967773	0.002086	1.002052	-1.413452	
790	1.002414	-0.002167	-2.171997	0.002167	1.002414	-1.794189	
791	1.000630	-0.002328	0.238647	0.002328	1.000630	-1.011688	
792	1.001552	-0.002331	-1.055359	0.002331	1.001552	-1.249878	
793	1.000759	-0.003091	-0.040222	0.003091	1.000759	-1.199646	
794	1.002869	-0.002383	-2.626343	0.002383	1.002869	-2.436707	
795	1.001703	-0.002036	-1.691528	0.002036	1.001703	-1.178711	
796	1.000673	-0.002721	0.212341	0.002721	1.000673	-0.969238	
797	1.001270	-0.002505	-0.194824	0.002505	1.001270	-1.406860	
798	1.000381	-0.003259	0.935791	0.003259	1.000381	-1.284424	
799	1.002097	-0.002424	-1.648926	0.002424	1.002097	-1.875061	
800	1.001426	-0.002042	-0.802490	0.002042	1.001426	-1.150024	
801	1.002061	-0.002883	-1.126221	0.002883	1.002061	-2.274597	
802	1.001803	-0.002591	-0.744934	0.002591	1.001803	-1.860229	
803	1.002592	-0.002908	-1.682495	0.002908	1.002592	-2.655579	
804	1.001041	-0.002454	0.361328	0.002454	1.001041	-1.264893	
805	1.002711	-0.002943	-1.916626	0.002943	1.002711	-2.774902	
806	1.002463	-0.002513	-1.260498	0.002513	1.002463	-2.234863	
807	1.001184	-0.002848	0.224731	0.002848	1.001184	-1.564148	
808	1.000127	-0.002754	2.121643	0.002754	1.000127	-1.412292	
809	1.001626	-0.003257	0.492371	0.003257	1.001626	-2.267334	
810	1.001971	-0.003564	0.421875	0.003564	1.001971	-2.684082	
811	1.002368	-0.003325	-0.134888	0.003325	1.002368	-2.984985	
812	1.002139	-0.003572	0.663696	0.003572	1.002139	-3.113403	
813	1.003920	-0.004021	-1.372314	0.004021	1.003920	-4.745056	
814	1.002190	-0.003496	1.073608	0.003496	1.002190	-3.191650	
815	1.000139	-0.003298	3.333740	0.003298	1.000139	-1.727631	
816	1.000719	-0.002866	2.381531	0.002866	1.000719	-1.797180	
817	1.003875	-0.003810	-1.562866	0.003810	1.003875	-4.507935	
818	1.000421	-0.003183	2.462646	0.003183	1.000421	-1.858612	
819	1.002810	-0.002990	-0.938843	0.002990	1.002810	-2.828674	
820	1.000220	-0.002875	1.851135	0.002875	1.000220	-1.027313	
821	1.001771	-0.002698	0.033264	0.002698	1.001771	-1.860657	
822	1.001819	-0.003008	-0.001648	0.003008	1.001819	-2.125916	
823	1.001990	-0.003120	-0.161987	0.003120	1.001990	-2.329468	
824	1.000587	-0.002867	1.874390	0.002867	1.000587	-1.656036	
825	1.000137	-0.002772	2.164124	0.002772	1.000137	-1.262512	
826	1.000690	-0.002783	1.198547	0.002783	1.000690	-1.249268	
827	1.001695	-0.003254	0.263977	0.003254	1.001695	-2.198059	
828	1.002128	-0.002901	-0.371948	0.002901	1.002128	-2.377869	
829	1.001572	-0.002832	0.548218	0.002832	1.001572	-1.923401	
830	1.000013	-0.002970	2.064697	0.002970	1.000013	-1.269775	
831	1.000134	-0.002827	1.672485	0.002827	1.000134	-1.188507	
832	1.000370	-0.002408	1.393616	0.002408	1.000370	-0.913666	
833	1.001918	-0.002874	-0.252441	0.002874	1.001918	-2.153687	
834	1.001079	-0.002572	0.513550	0.002572	1.001079	-1.581909	
835	1.000434	-0.002498	1.541626	0.002498	1.000434	-1.176758	
836	1.002053	-0.002697	-0.886597	0.002697	1.002053	-2.048462	
837	1.001289	-0.003070	0.440918	0.003070	1.001289	-1.948364	
838	1.000558	-0.002502	1.811646	0.002502	1.000558	-1.343170	
839	1.002058	-0.002893	-0.458374	0.002893	1.002058	-2.264160	
840	1.001260	-0.002783	0.789062	0.002783	1.001260	-1.723083	
841	1.001922	-0.002922	-0.089478	0.002922	1.001922	-2.276489	
842	1.002026	-0.002797	-0.397949	0.002797	1.002026	-2.144043	
843	1.000690	-0.003025	1.439026	0.003025	1.000690	-1.694641	
844	1.001509	-0.003256	0.848511	0.003256	1.001509	-2.246155	
845	1.001320	-0.003064	0.710693	0.003064	1.001320	-2.063721	
846	1.001011	-0.003081	1.120300	0.003081	1.001011	-1.764160	
847	1.000267	-0.003140	2.360291	0.003140	1.000267	-1.664185	
848	1.001080	-0.003212	1.289429	0.003212	1.001080	-1.906250	
849	1.000384	-0.003115	2.003845	0.003115	1.000384	-1.541718	
850	1.001921	-0.002950	-0.111084	0.002950	1.001921	-2.320923	
851	1.001836	-0.003099	0.194458	0.003099	1.001836	-2.355164	
852	1.000066	-0.003259	2.754944	0.003259	1.000066	-1.677643	
853	1.001764	-0.003494	0.968262	0.003494	1.001764	-2.707825	
854	1.001433	-0.003608	1.472961	0.003608	1.001433	-2.625549	
855	1.001226	-0.003726	1.821960	0.003726	1.001226	-2.582703	
856	0.999843	-0.004111	4.078369	0.004111	0.999843	-2.191284	
857	1.001101	-0.004493	3.372681	0.004493	1.001101	-3.190186	
858	1.001690	-0.004657	2.901489	0.004657	1.001690	-3.942993	
859	1.000876	-0.004689	4.062012	0.004689	1.000876	-3.273193	
860	1.001212	-0.005054	4.951050	0.005054	1.001212	-4.381165	
861	1.001331	-0.005597	5.236389	0.005597	1.001331	-4.765442	
862	0.999440	-0.005180	7.760254	0.005180	0.999440	-3.425903	
863	1.000446	-0.005705	6.574646	0.005705	1.000446	-4.444458	
864	1.001272	-0.005662	6.247681	0.005662	1.001272	-5.054199	
865	1.003732	-0.006287	3.344482	0.006287	1.003732	-6.944702	
866	1.001002	-0.005950	6.819031	0.005950	1.001002	-4.921692	
867	1.001033	-0.006118	6.751892	0.006118	1.001033	-4.947937	
868	1.002239	-0.006463	5.687378	0.006463	1.002239	-5.926575	
869	1.001104	-0.005954	6.907166	0.005954	1.001104	-4.943848	
870	1.000506	-0.006283	7.537842	0.006283	1.000506	-4.536743	
871	1.002464	-0.006298	5.185425	0.006298	1.002464	-5.803711	
872	1.003354	-0.006197	4.389404	0.006197	1.003354	-6.517212	
873	1.004189	-0.006455	3.332397	0.006455	1.004189	-7.347473	
874	1.001466	-0.006107	6.575928	0.006107	1.001466	-5.046387	
875	1.000492	-0.005912	7.743408	0.005912	1.000492	-4.258728	
876	1.000445	-0.006449	7.489868	0.006449	1.000445	-4.632141	
877	0.999979	-0.005950	8.139954	0.005950	0.999979	-4.030212	
878	1.002325	-0.006378	5.351685	0.006378	1.002325	-5.854797	
879	1.002288	-0.006262	5.604126	0.006262	1.002288	-6.072571	
880	1.002616	-0.006285	4.968872	0.006285	1.002616	-6.386353	
881	1.000358	-0.005893	7.646179	0.005893	1.000358	-4.260803	
882	1.000632	-0.005953	7.280396	0.005953	1.000632	-4.567993	
883	1.001322	-0.005599	5.457886	0.005599	1.001322	-4.547058	
884	1.000230	-0.004598	5.191772	0.004598	1.000230	-3.050476	
885	1.001751	-0.004389	2.397095	0.004389	1.001751	-3.753845	
886	1.001006	-0.003760	2.635071	0.003760	1.001006	-2.572388	
887	1.000719	-0.003186	2.099915	0.003186	1.000719	-1.587952	
888	1.000356	-0.002478	0.044128	0.002478	1.000356	-0.862915	
889	1.001085	-0.001686	-1.611938	0.001686	1.001085	-0.392761	
890	1.000687	-0.001951	-0.403503	0.001951	1.000687	-0.536285	
891	1.000620	-0.002241	-0.010254	0.002241	1.000620	-0.849487	
892	1.000565	-0.002457	-0.194946	0.002457	1.000565	-1.151001	
893	1.000272	-0.002195	-0.103271	0.002195	1.000272	-0.740540	
894	1.001083	-0.002147	-0.599243	0.002147	1.001083	-1.127197	
895	1.000311	-0.002214	0.694458	0.002214	1.000311	-0.936005	
896	1.000907	-0.002697	0.422302	0.002697	1.000907	-1.409119	
897	1.001045	-0.002420	0.104614	0.002420	1.001045	-1.285522	
898	1.000566	-0.002721	0.360046	0.002721	1.000566	-1.249207	
899	1.001241	-0.002159	-1.090454	0.002159	1.001241	-1.164795	
900	1.000394	-0.002686	0.809509	0.002686	1.000394	-1.332184	
901	1.000630	-0.003031	0.787964	0.003031	1.000630	-1.993591	
902	1.000476	-0.002921	1.325073	0.002921	1.000476	-1.929016	
903	1.000420	-0.002929	1.306396	0.002929	1.000420	-2.212158	
904	1.000828	-0.002533	0.033813	0.002533	1.000828	-2.373169	
905	1.000229	-0.002928	1.084412	0.002928	1.000229	-2.752075	
906	1.000445	-0.002806	0.691895	0.002806	1.000445	-3.483704	
907	1.000350	-0.002776	0.542542	0.002776	1.000350	-4.211975	
908	1.000289	-0.002862	0.813477	0.002862	1.000289	-5.414307	
909	1.000287	-0.002642	0.380554	0.002642	1.000287	-6.354004	
910	1.000250	-0.002414	-0.016602	0.002414	1.000250	-6.846863	
911	1.000136	-0.002269	-0.280029	0.002269	1.000136	-7.819519	
912	1.000107	-0.002189	-0.184326	0.002189	1.000107	-8.606995	
913	1.000039	-0.002252	-0.127563	0.002252	1.000039	-9.435303	
914	1.000177	-0.002508	-0.120605	0.002508	1.000177	-10.526550	
915	1.000521	-0.002570	-0.673767	0.002570	1.000521	-11.322693	
916	1.000585	-0.002054	-1.187561	0.002054	1.000585	-10.986328	
917	1.000384	-0.002303	-0.728882	0.002303	1.000384	-11.645264	
918	0.999732	-0.002332	-0.082092	0.002332	0.999732	-11.616943	
919	1.000415	-0.002636	-0.480835	0.002636	1.000415	-12.539734	
920	1.000056	-0.002593	-0.180420	0.002593	1.000056	-12.410950	
921	1.000377	-0.002659	-0.390381	0.002659	1.000377	-12.634155	
922	0.999654	-0.003210	1.293945	0.003210	0.999654	-12.860107	
923	0.999883	-0.004395	2.771851	0.004395	0.999883	-14.572388	
924	1.000736	-0.005802	3.615479	0.005802	1.000736	-16.832642	
925	1.000183	-0.005941	4.568970	0.005941	1.000183	-16.388184	
926	1.000903	-0.006641	4.523071	0.006641	1.000903	-17.652527	
927	1.000674	-0.007644	6.068115	0.007644	1.000674	-18.572571	
928	1.001134	-0.008300	6.709717	0.008300	1.001134	-19.545288	
929	1.001297	-0.008535	7.263794	0.008535	1.001297	-19.507812	
930	1.000549	-0.008777	7.890991	0.008777	1.000549	-19.083374	
931	1.001488	-0.009338	7.198242	0.009338	1.001488	-20.696533	
932	1.000846	-0.009048	8.110718	0.009048	1.000846	-19.548828	
933	1.001589	-0.010057	7.953979	0.010057	1.001589	-21.130127	
934	1.001626	-0.010279	8.102539	0.010279	1.001626	-21.342834	
935	1.000511	-0.010070	8.950317	0.010070	1.000511	-20.261719	
936	1.000545	-0.010043	9.061768	0.010043	1.000545	-20.107788	
937	1.001607	-0.010971	8.442993	0.010971	1.001607	-22.344055	
938	1.001483	-0.010512	8.053833	0.010512	1.001483	-21.297485	
939	1.001427	-0.010328	7.992188	0.010328	1.001427	-20.792969	
940	1.001043	-0.010292	8.101318	0.010292	1.001043	-20.645996	
941	1.000719	-0.010058	8.501953	0.010058	1.000719	-20.023743	
942	1.001458	-0.010780	7.932007	0.010780	1.001458	-21.445923	
943	1.001424	-0.010675	8.054688	0.010675	1.001424	-21.101624	
944	1.001099	-0.010611	8.597778	0.010611	1.001099	-20.653473	
945	1.001397	-0.011145	8.309570	0.011145	1.001397	-21.348938	
946	1.001023	-0.011346	8.526367	0.011346	1.001023	-21.481140	
947	1.000554	-0.011345	8.733398	0.011345	1.000554	-20.984375	
948	1.001285	-0.011870	8.273926	0.011870	1.001285	-22.236877	
949	1.000770	-0.011756	8.469238	0.011756	1.000770	-21.530579	
950	1.000840	-0.012059	8.816772	0.012059	1.000840	-21.774597	
951	1.000980	-0.012276	8.897949	0.012276	1.000980	-21.924316	
952	1.000862	-0.012620	9.162842	0.012620	1.000862	-22.054749	
953	1.002850	-0.013114	7.413208	0.013114	1.002850	-23.744568	
954	1.001703	-0.012910	8.449219	0.012910	1.001703	-22.103210	
955	1.002353	-0.012602	7.307983	0.012602	1.002353	-21.390228	
956	1.001658	-0.012018	7.357910	0.012018	1.001658	-19.578735	
957	1.001747	-0.012067	6.799316	0.012067	1.001747	-18.751038	
958	1.001276	-0.011278	6.703003	0.011278	1.001276	-16.424683	
959	1.001212	-0.010977	6.498169	0.010977	1.001212	-15.278381	
960	1.001623	-0.010841	5.842163	0.010841	1.001623	-14.730957	
961	1.001724	-0.010819	5.587158	0.010819	1.001724	-13.996155	
962	1.001614	-0.010658	5.844727	0.010658	1.001614	-12.189880	
963	1.001330	-0.010520	6.235962	0.010520	1.001330	-9.829163	
964	1.001682	-0.010450	5.914429	0.010450	1.001682	-7.117065	
965	1.001532	-0.010366	6.008057	0.010366	1.001532	-5.528748	
966	1.002557	-0.010662	4.815796	0.010662	1.002557	-4.369507	
967	1.001319	-0.010656	6.638916	0.010656	1.001319	-1.922913	
968	1.002758	-0.010703	4.800049	0.010703	1.002758	-1.197083	
969	1.001365	-0.010831	6.763916	0.010831	1.001365	-0.205322	
970	1.002524	-0.010865	5.424805	0.010865	1.002524	-0.968933	
971	1.002685	-0.011155	5.708252	0.011155	1.002685	-1.813904	
972	1.002683	-0.011576	6.258789	0.011576	1.002683	-2.845337	
973	1.002984	-0.011906	6.623657	0.011906	1.002984	-4.019592	
974	1.002887	-0.012432	7.435669	0.012432	1.002887	-5.243958	
975	1.003187	-0.012226	6.962769	0.012226	1.003187	-5.581604	
976	1.003276	-0.013087	7.757935	0.013087	1.003276	-7.444275	
977	1.003103	-0.013338	8.738892	0.013338	1.003103	-8.179016	
978	1.003234	-0.013739	8.988647	0.013739	1.003234	-9.346558	
979	1.003266	-0.013705	8.864868	0.013705	1.003266	-9.980774	
980	1.003615	-0.013933	8.868530	0.013933	1.003615	-11.155701	
981	1.002683	-0.013586	9.607178	0.013586	1.002683	-10.645874	
982	1.003668	-0.014117	9.000244	0.014117	1.003668	-12.827576	
983	1.003717	-0.014115	9.199951	0.014115	1.003717	-13.314453	
984	1.004020	-0.013934	8.383301	0.013934	1.004020	-13.587036	
985	1.002533	-0.013909	10.395386	0.013909	1.002533	-12.725037	
986	1.002600	-0.014421	10.749756	0.014421	1.002600	-13.642944	
987	1.004842	-0.014238	7.988892	0.014238	1.004842	-14.416992	
988	1.004857	-0.014752	8.676880	0.014752	1.004857	-14.853760	
989	1.005124	-0.015916	9.432373	0.015916	1.005124	-16.606079	
990	1.005329	-0.016098	9.667358	0.016098	1.005329	-16.451111	
991	1.007045	-0.017506	8.024414	0.017506	1.007045	-19.793518	
992	1.006433	-0.017780	9.456299	0.017780	1.006433	-19.941956	
993	1.005176	-0.016673	10.690186	0.016673	1.005176	-16.851013	
994	0.997589	-0.017320	18.974304	0.017320	0.997589	-13.150879	
995	1.002969	-0.017374	13.792725	0.017374	1.002969	-16.813477	
996	1.003124	-0.017046	13.610962	0.017046	1.003124	-16.258057	
997	1.001013	-0.017193	15.854919	0.017193	1.001013	-15.351868	
998	0.998286	-0.017396	18.490784	0.017396	0.998286	-13.640625	
999	0.997307	-0.017513	19.274902	0.017513	0.997307	-13.015930	
1000	0.998457	-0.017235	18.039307	0.017235	0.998457	-13.647339	
1001	0.999303	-0.016976	17.194397	0.016976	0.999303	-14.108765	
1002	1.001013	-0.016758	15.385620	0.016758	1.001013	-15.183472	
1003	0.997788	-0.017010	18.292542	0.017010	0.997788	-12.809937	
1004	0.997831	-0.016877	18.218628	0.016877	0.997831	-12.768982	
1005	0.999474	-0.016418	16.330933	0.016418	0.999474	-13.763489	
1006	0.998732	-0.016488	17.142822	0.016488	0.998732	-13.165100	
1007	0.997790	-0.016222	17.587708	0.016222	0.997790	-12.293884	
1008	1.000017	-0.016540	16.132385	0.016540	1.000017	-13.914490	
1009	1.002825	-0.015689	12.413940	0.015689	1.002825	-15.044495	
1010	0.999535	-0.015516	15.657104	0.015516	0.999535	-13.049927	
1011	0.998367	-0.015959	16.803406	0.015959	0.998367	-12.360596	
1012	0.998191	-0.016201	17.167480	0.016201	0.998191	-12.299255	
1013	1.000423	-0.015478	14.666748	0.015478	1.000423	-13.566467	
1014	1.002003	-0.015614	13.270508	0.015614	1.002003	-14.740173	
1015	1.000429	-0.015181	14.664795	0.015181	1.000429	-13.514954	
1016	0.999228	-0.015380	15.615479	0.015380	0.999228	-12.732727	
1017	0.999706	-0.015400	15.265625	0.015400	0.999706	-12.983643	
1018	0.999555	-0.015360	15.466675	0.015360	0.999555	-12.838562	
1019	0.998788	-0.015483	16.240723	0.015483	0.998788	-12.349670	
1020	0.999286	-0.015382	15.803223	0.015382	0.999286	-12.549255	
1021	0.999328	-0.015356	15.459167	0.015356	0.999328	-12.705627	
1022	0.999679	-0.014942	15.115173	0.014942	0.999679	-12.651062	
1023	0.999507	-0.015428	15.689758	0.015428	0.999507	-12.765625	
1024	0.999926	-0.015142	15.022034	0.015142	0.999926	-12.946777	
1025	1.001743	-0.015315	13.589844	0.015315	1.001743	-14.389954	
1026	0.999446	-0.015015	15.445251	0.015015	0.999446	-12.588379	
1027	1.000450	-0.014901	14.491394	0.014901	1.000450	-13.250549	
1028	0.999394	-0.015085	15.717163	0.015085	0.999394	-12.615601	
1029	0.997882	-0.015556	17.034912	0.015556	0.997882	-11.644043	
1030	0.997706	-0.015158	16.952393	0.015158	0.997706	-11.408997	
1031	0.998692	-0.015127	16.204102	0.015127	0.998692	-11.921631	
1032	0.999437	-0.015106	15.422485	0.015106	0.999437	-12.458984	
1033	0.999873	-0.014039	14.378418	0.014039	0.999873	-12.067078	
1034	1.000137	-0.014372	14.210022	0.014372	1.000137	-12.242004	
1035	0.998811	-0.014591	15.234070	0.014591	0.998811	-11.470154	
1036	1.000316	-0.013901	13.633240	0.013901	1.000316	-12.033447	
1037	0.999008	-0.014403	15.213684	0.014403	0.999008	-11.357666	
1038	1.000012	-0.013945	13.754883	0.013945	1.000012	-11.749268	
1039	0.999171	-0.013665	14.116943	0.013665	0.999171	-10.824585	
1040	1.001495	-0.013250	11.869385	0.013250	1.001495	-12.237061	
1041	1.001025	-0.013100	12.253845	0.013100	1.001025	-11.675415	
1042	0.999497	-0.013021	13.326050	0.013021	0.999497	-10.390137	
1043	1.001743	-0.012618	11.015869	0.012618	1.001743	-11.722839	
1044	1.001575	-0.012420	10.997620	0.012420	1.001575	-11.385254	
1045	1.001704	-0.011892	10.533569	0.011892	1.001704	-11.031555	
1046	1.001103	-0.011172	10.001770	0.011172	1.001103	-9.888977	
1047	0.999765	-0.010886	10.793274	0.010886	0.999765	-8.626282	
1048	0.999550	-0.010456	10.367615	0.010456	0.999550	-7.844543	
1049	1.001203	-0.009262	7.864929	0.009262	1.001203	-7.966064	
1050	1.001699	-0.008606	6.581909	0.008606	1.001699	-7.690857	
1051	1.000521	-0.008227	7.189636	0.008227	1.000521	-6.317627	
1052	1.000706	-0.007240	6.209229	0.007240	1.000706	-5.577576	
1053	1.000646	-0.006642	5.271118	0.006642	1.000646	-4.898865	
1054	1.001133	-0.006406	4.655823	0.006406	1.001133	-5.149841	
1055	1.000623	-0.006122	4.894531	0.006122	1.000623	-4.457947	
1056	1.000378	-0.005958	4.687134	0.005958	1.000378	-4.200195	
1057	1.000572	-0.005772	4.250793	0.005772	1.000572	-3.989136	
1058	1.000675	-0.005540	4.168152	0.005540	1.000675	-3.277832	
1059	1.001839	-0.005418	2.612549	0.005418	1.001839	-2.492432	
1060	1.001224	-0.005352	3.328186	0.005352	1.001224	-0.318237	
1061	1.001207	-0.005434	3.163025	0.005434	1.001207	1.993835	
1062	1.001473	-0.004996	2.567261	0.004996	1.001473	4.160645	
1063	1.001536	-0.004973	2.214600	0.004973	1.001536	6.115662	
1064	1.000489	-0.005256	3.738770	0.005256	1.000489	8.081421	
1065	1.001790	-0.005104	2.242004	0.005104	1.001790	9.226685	
1066	1.002679	-0.005838	2.254944	0.005838	1.002679	9.315125	
1067	1.003374	-0.006538	2.236328	0.006538	1.003374	9.454102	
1068	1.003042	-0.005548	1.705139	0.005548	1.003042	11.231323	
1069	1.004105	-0.006299	1.606750	0.006299	1.004105	10.612122	
1070	1.003945	-0.005650	1.052185	0.005650	1.003945	11.783325	
1071	1.001729	-0.005575	3.530090	0.005575	1.001729	13.322815	
1072	1.003741	-0.005384	1.130676	0.005384	1.003741	12.802185	
1073	1.001395	-0.005792	4.070679	0.005792	1.001395	13.954163	
1074	1.001367	-0.005700	4.065735	0.005700	1.001367	14.250610	
1075	1.002272	-0.005683	3.578247	0.005683	1.002272	13.689148	
1076	1.001183	-0.006013	4.823120	0.006013	1.001183	13.652832	
1077	1.001107	-0.006175	5.342712	0.006175	1.001107	12.376465	
1078	1.000468	-0.006387	6.448059	0.006387	1.000468	11.107178	
1079	0.999545	-0.006507	8.112000	0.006507	0.999545	9.678894	
1080	1.001080	-0.007089	7.122314	0.007089	1.001080	6.944153	
1081	1.001020	-0.007419	8.102661	0.007419	1.001020	5.210571	
1082	1.001637	-0.007645	7.974487	0.007645	1.001637	3.297668	
1083	1.001054	-0.007866	9.207275	0.007866	1.001054	1.902466	
1084	1.002055	-0.007953	8.522461	0.007953	1.002055	-0.172974	
1085	1.001301	-0.007966	9.396790	0.007966	1.001301	-0.927856	
1086	1.002741	-0.008440	8.546631	0.008440	1.002741	-3.664612	
1087	1.002178	-0.008547	9.669067	0.008547	1.002178	-4.691345	
1088	1.000188	-0.009031	12.147705	0.009031	1.000188	-4.960510	
1089	1.000872	-0.009448	12.227844	0.009448	1.000872	-7.224854	
1090	1.000746	-0.009550	12.632446	0.009550	1.000746	-8.126404	
1091	1.001360	-0.009119	12.055481	0.009119	1.001360	-8.553040	
1092	1.001283	-0.009600	12.263489	0.009600	1.001283	-8.923096	
1093	0.997753	-0.009993	15.576782	0.009993	0.997753	-6.503906	
1094	0.998336	-0.009049	14.640320	0.009049	0.998336	-6.643799	
1095	1.002634	-0.008909	10.429810	0.008909	1.002634	-9.024323	
1096	1.001399	-0.009429	11.666626	0.009429	1.001399	-8.771118	
1097	1.001595	-0.009097	11.466187	0.009097	1.001595	-8.624329	
1098	1.001517	-0.008940	11.274475	0.008940	1.001517	-8.446716	
1099	1.002580	-0.009055	10.082764	0.009055	1.002580	-9.260071	
1100	1.002347	-0.008903	10.036377	0.008903	1.002347	-8.895996	
1101	0.998677	-0.008102	12.854553	0.008102	0.998677	-5.829834	
1102	1.002139	-0.008276	9.295532	0.008276	1.002139	-8.027161	
1103	0.998842	-0.007927	11.730530	0.007927	0.998842	-5.292664	
1104	1.002751	-0.007014	6.659302	0.007014	1.002751	-7.175598	
1105	1.001982	-0.006034	5.855225	0.006034	1.001982	-5.770264	
1106	1.001385	-0.004389	4.166992	0.004389	1.001385	-3.763123	
1107	1.001240	-0.003092	2.013245	0.003092	1.001240	-2.376099	
1108	1.000805	-0.001753	0.399475	0.001753	1.000805	-0.791809	
1109	1.000829	-0.000739	-1.403320	0.000739	1.000829	0.130371	
1110	1.000859	-0.000350	-2.164551	0.000350	1.000859	0.493835	
1111	1.000982	-0.000117	-2.731201	0.000117	1.000982	0.595215	
1112	1.000937	-0.000157	-2.917114	0.000157	1.000937	0.511597	
1113	1.000903	-0.000175	-2.679626	0.000175	1.000903	0.549988	
1114	1.000911	-0.000376	-2.393127	0.000376	1.000911	0.374939	
1115	1.000997	-0.000343	-2.664734	0.000343	1.000997	0.434998	
1116	1.000894	-0.000310	-2.749573	0.000310	1.000894	0.556396	
1117	1.000952	-0.000240	-2.763428	0.000240	1.000952	0.466431	
1118	1.001004	-0.000123	-3.103271	0.000123	1.001004	0.671448	
1119	1.000984	-0.000370	-2.826355	0.000370	1.000984	0.385620	
1120	1.001009	-0.000156	-3.035889	0.000156	1.001009	0.866150	
1121	1.001059	-0.000249	-3.060242	0.000249	1.001059	0.807617	
1122	1.000986	-0.000319	-2.876953	0.000319	1.000986	1.026062	
1123	1.001123	-0.000303	-3.133728	0.000303	1.001123	1.405823	
1124	1.001078	-0.000201	-3.147766	0.000201	1.001078	1.797607	
1125	1.001127	-0.000260	-3.161377	0.000260	1.001127	2.142151	
1126	1.001116	-0.000463	-2.801697	0.000463	1.001116	2.569275	
1127	1.001254	-0.000725	-2.543518	0.000725	1.001254	3.108643	
1128	1.001040	-0.000743	-2.384766	0.000743	1.001040	3.975342	
1129	1.001583	-0.000934	-2.583862	0.000934	1.001583	4.712524	
1130	1.001031	-0.000808	-1.915588	0.000808	1.001031	6.142700	
1131	1.001585	-0.000767	-2.744629	0.000767	1.001585	7.337402	
1132	1.001769	-0.000753	-3.037537	0.000753	1.001769	8.697998	
1133	1.001657	-0.000450	-3.345459	0.000450	1.001657	10.296753	
1134	1.000995	-0.000440	-2.679016	0.000440	1.000995	11.504944	
1135	1.001520	-0.000383	-3.569275	0.000383	1.001520	11.468994	
1136	1.000924	-0.000478	-2.883057	0.000478	1.000924	11.223022	
1137	1.000957	-0.000336	-2.629028	0.000336	1.000957	10.340088	
1138	1.001254	-0.000380	-3.376831	0.000380	1.001254	9.467468	
1139	1.000902	-0.000261	-2.991211	0.000261	1.000902	8.892822	
1140	1.001223	-0.000213	-3.413208	0.000213	1.001223	7.892395	
1141	1.001233	-0.000382	-3.321045	0.000382	1.001233	6.842896	
1142	1.000815	-0.000187	-3.095093	0.000187	1.000815	6.513031	
1143	1.001108	-0.000115	-3.428101	0.000115	1.001108	5.616394	
1144	1.001174	-0.000409	-3.325439	0.000409	1.001174	4.482361	
1145	1.001226	-0.000326	-3.627686	0.000326	1.001226	3.648315	
1146	1.001567	-0.000134	-4.158569	0.000134	1.001567	3.168701	
1147	1.001348	-0.000239	-3.767334	0.000239	1.001348	2.773987	
1148	1.001009	-0.000373	-3.105591	0.000373	1.001009	2.836823	
1149	1.001414	-0.000100	-3.982788	0.000100	1.001414	3.131714	
1150	1.001568	-0.000182	-4.114624	0.000182	1.001568	3.255493	
1151	1.001427	-0.000230	-3.904541	0.000230	1.001427	3.410583	
1152	1.001467	-0.000222	-4.056152	0.000222	1.001467	3.809143	
1153	1.001469	-0.000113	-4.214844	0.000113	1.001469	3.988464	
1154	1.001387	-0.000276	-3.892334	0.000276	1.001387	3.745789	
1155	1.001271	-0.000202	-3.775879	0.000202	1.001271	3.640076	
1156	1.001472	-0.000167	-4.167603	0.000167	1.001472	3.364075	
1157	1.001382	-0.000257	-3.987061	0.000257	1.001382	2.988281	
1158	1.000893	-0.000376	-2.996216	0.000376	1.000893	2.789642	
1159	1.001659	-0.000644	-3.410400	0.000644	1.001659	1.948853	
1160	1.001383	-0.001172	-1.604858	0.001172	1.001383	1.236664	
1161	1.002279	-0.001840	-1.979370	0.001840	1.002279	-0.229553	
1162	1.001782	-0.002224	0.077637	0.002224	1.001782	-0.590637	
1163	1.002382	-0.003408	1.004639	0.003408	1.002382	-2.294128	
1164	1.003858	-0.004196	0.734131	0.004196	1.003858	-4.374390	
1165	1.004613	-0.005226	1.657593	0.005226	1.004613	-6.313049	
1166	1.005160	-0.005953	2.368774	0.005953	1.005160	-7.534454	
1167	1.005708	-0.007141	2.729004	0.007141	1.005708	-9.849976	
1168	1.005157	-0.007423	4.591553	0.007423	1.005157	-9.622681	
1169	1.002509	-0.007585	8.676270	0.007585	1.002509	-7.475830	
1170	1.006925	-0.008447	3.729614	0.008447	1.006925	-12.151489	
1171	1.004827	-0.007784	6.585571	0.007784	1.004827	-9.381531	
1172	1.003441	-0.007947	8.039307	0.007947	1.003441	-8.641113	
1173	1.004920	-0.008013	5.800537	0.008013	1.004920	-9.978149	
1174	1.001469	-0.006892	8.236511	0.006892	1.001469	-6.003357	
1175	1.001440	-0.005336	5.238647	0.005336	1.001440	-4.527283	
1176	1.002172	-0.002984	0.306885	0.002984	1.002172	-2.786133	
1177	1.001467	-0.001429	-1.658081	0.001429	1.001467	-0.524963	
1178	1.001121	-0.001078	-1.889709	0.001078	1.001121	0.017944	
1179	1.001255	-0.000301	-2.916626	0.000301	1.001255	0.386566	
1180	1.001191	-0.000312	-3.768921	0.000312	1.001191	0.526184	
1181	1.001158	-0.000243	-3.614197	0.000243	1.001158	0.564575	
1182	1.001789	-0.000045	-4.481384	0.000045	1.001789	0.268066	
1183	1.000994	-0.000565	-3.351746	0.000565	1.000994	0.222839	
1184	1.001512	-0.000363	-4.158447	0.000363	1.001512	-0.081421	
1185	1.001100	-0.000155	-4.289429	0.000155	1.001100	0.327515	
1186	1.001430	-0.000125	-4.752441	0.000125	1.001430	0.330688	
1187	1.001097	-0.000399	-3.515259	0.000399	1.001097	0.198059	
1188	1.001489	-0.000356	-3.420776	0.000356	1.001489	0.241272	
1189	1.001672	-0.000309	-4.206543	0.000309	1.001672	0.434204	
1190	1.001580	-0.000084	-4.831543	0.000084	1.001580	1.313477	
1191	1.000849	-0.000472	-3.084961	0.000472	1.000849	2.046844	
1192	1.001952	0.000127	-5.511719	-0.000127	1.001952	3.258057	
1193	1.002207	-0.000266	-5.086670	0.000266	1.002207	3.574829	
1194	1.001599	-0.000309	-4.111572	0.000309	1.001599	4.571106	
1195	1.001979	0.000046	-5.349487	-0.000046	1.001979	5.474731	
1196	1.001398	-0.000297	-4.153687	0.000297	1.001398	5.776245	
1197	1.002151	-0.000178	-5.346680	0.000178	1.002151	5.749512	
1198	1.001545	-0.000197	-4.297607	0.000197	1.001545	5.762024	
1199	1.000919	-0.000305	-3.110962	0.000305	1.000919	5.241882	
1200	1.002150	-0.000587	-4.107178	0.000587	1.002150	4.282349	
1201	1.001978	-0.000801	-3.350952	0.000801	1.001978	3.615356	
1202	1.002192	-0.001149	-3.062256	0.001149	1.002192	2.772766	
1203	1.001613	-0.001431	-1.614868	0.001431	1.001613	2.415955	
1204	1.002322	-0.001804	-1.861572	0.001804	1.002322	1.151794	
1205	1.002050	-0.001820	-0.659912	0.001820	1.002050	0.764709	
1206	1.002519	-0.002105	-0.941162	0.002105	1.002519	-0.218445	
1207	1.002287	-0.002140	-0.514404	0.002140	1.002287	-0.510193	
1208	1.002864	-0.002533	-1.480713	0.002533	1.002864	-1.673096	
1209	1.002906	-0.002503	-1.916748	0.002503	1.002906	-2.046509	
1210	1.003037	-0.002635	-1.467285	0.002635	1.003037	-2.521240	
1211	1.003286	-0.002548	-1.669556	0.002548	1.003286	-3.070984	
1212	1.001022	-0.002798	1.564209	0.002798	1.001022	-1.692749	
1213	1.001839	-0.002073	0.301392	0.002073	1.001839	-1.765717	
1214	1.002947	-0.002549	-1.939453	0.002549	1.002947	-3.003845	
1215	1.001477	-0.002435	0.462646	0.002435	1.001477	-1.709045	
1216	1.002360	-0.001978	-1.074829	0.001978	1.002360	-2.057190	
1217	1.002100	-0.002130	-1.010132	0.002130	1.002100	-1.962158	
1218	1.002816	-0.002064	-2.615234	0.002064	1.002816	-2.463135	
1219	1.001147	-0.001691	-0.914368	0.001691	1.001147	-0.701477	
1220	1.002441	-0.001373	-3.166260	0.001373	1.002441	-1.337280	
1221	1.002297	-0.001255	-3.175659	0.001255	1.002297	-1.183655	
1222	1.002438	-0.001498	-2.841553	0.001498	1.002438	-1.688904	
1223	1.001976	-0.001909	-1.711182	0.001909	1.001976	-1.684692	
1224	1.002419	-0.001496	-3.046387	0.001496	1.002419	-1.574097	
1225	1.002276	-0.001603	-2.367920	0.001603	1.002276	-1.588074	
1226	1.001261	-0.001824	-0.768433	0.001824	1.001261	-0.903076	
1227	1.001124	-0.001887	-0.286194	0.001887	1.001124	-1.052490	
1228	1.002039	-0.001905	-1.767700	0.001905	1.002039	-1.586914	
1229	1.002058	-0.001398	-1.438843	0.001398	1.002058	-1.352264	
1230	1.002734	-0.001896	-2.284790	0.001896	1.002734	-2.190857	
1231	1.001407	-0.002115	-0.392639	0.002115	1.001407	-1.294312	
1232	1.001732	-0.001955	-1.482422	0.001955	1.001732	-1.349060	
1233	1.002289	-0.001851	-1.577759	0.001851	1.002289	-1.755249	
1234	1.001881	-0.001914	-0.274658	0.001914	1.001881	-1.669617	
1235	1.002585	-0.001971	-0.532471	0.001971	1.002585	-2.198273	
1236	1.002710	-0.003337	0.325195	0.003337	1.002710	-3.534119	
1237	1.004153	-0.004036	-0.351685	0.004036	1.004153	-5.395691	
1238	1.003411	-0.004581	1.656128	0.004581	1.003411	-5.366577	
1239	1.005446	-0.005305	0.611938	0.005305	1.005446	-7.636108	
1240	1.000902	-0.006189	7.576416	0.006189	1.000902	-4.624146	
1241	1.005442	-0.006726	3.278687	0.006726	1.005442	-9.136292	
1242	1.007023	-0.007555	2.947388	0.007555	1.007023	-11.182800	
1243	1.003631	-0.007873	8.381470	0.007873	1.003631	-8.289673	
1244	1.003837	-0.008367	8.727417	0.008367	1.003837	-9.223145	
1245	1.003806	-0.008123	8.264038	0.008123	1.003806	-8.848816	
1246	1.001840	-0.007717	9.829590	0.007717	1.001840	-6.908691	
1247	1.003758	-0.006990	6.102783	0.006990	1.003758	-7.882324	
1248	1.006204	-0.006630	1.731934	0.006630	1.006204	-9.666626	
1249	1.001797	-0.005710	5.800049	0.005710	1.001797	-4.936829	
1250	1.000946	-0.005265	6.872742	0.005265	1.000946	-3.909912	
1251	1.004588	-0.005703	2.907593	0.005703	1.004588	-7.116089	
1252	1.003556	-0.005670	4.165527	0.005670	1.003556	-6.375305	
1253	1.001298	-0.004818	5.550598	0.004818	1.001298	-3.859985	
1254	1.003399	-0.005296	2.529663	0.005296	1.003399	-5.985352	
1255	1.000924	-0.004173	3.952209	0.004173	1.000924	-2.619629	
1256	1.002470	-0.002675	1.092651	0.002675	1.002470	-2.508698	
1257	1.001806	-0.002489	0.536682	0.002489	1.001806	-1.820740	
1258	1.001890	-0.000888	-3.219482	0.000888	1.001890	-0.247620	
1259	1.001369	-0.000303	-3.878906	0.000303	1.001369	0.375122	
1260	1.001698	-0.000220	-3.946716	0.000220	1.001698	0.386108	
1261	1.001479	-0.000723	-3.133057	0.000723	1.001479	0.129150	
1262	1.001502	-0.000420	-4.102234	0.000420	1.001502	0.228699	
1263	1.000969	-0.000399	-3.582153	0.000399	1.000969	0.408997	
1264	1.001777	0.000060	-5.713196	-0.000060	1.001777	0.496338	
1265	1.001788	-0.000338	-4.582336	0.000338	1.001788	0.063293	
1266	1.001348	-0.000591	-2.999390	0.000591	1.001348	0.034119	
1267	1.001641	-0.000364	-4.028137	0.000364	1.001641	0.299561	
1268	1.000676	-0.001158	-2.258301	0.001158	1.000676	-0.054199	
1269	1.001460	0.000016	-5.112061	-0.000016	1.001460	0.633606	
1270	1.002309	-0.000466	-5.606689	0.000466	1.002309	-0.338989	
1271	1.001626	-0.000250	-4.499451	0.000250	1.001626	0.275024	
1272	1.000844	-0.001127	-2.425781	0.001127	1.000844	-0.098450	
1273	1.001735	-0.001560	-1.567261	0.001560	1.001735	-1.012329	
1274	1.001651	-0.001530	-1.721924	0.001530	1.001651	-0.892395	
1275	1.001681	-0.001956	-0.435059	0.001956	1.001681	-1.594604	
1276	1.002805	-0.002990	-0.742798	0.002990	1.002805	-3.333862	
1277	1.002832	-0.003793	1.855957	0.003793	1.002832	-4.177124	
1278	1.001273	-0.004889	4.978516	0.004889	1.001273	-3.880310	
1279	1.001365	-0.005503	5.969360	0.005503	1.001365	-4.338257	
1280	1.004037	-0.005508	3.110596	0.005508	1.004037	-6.649658	
1281	1.002384	-0.006342	5.762207	0.006342	1.002384	-5.919556	
1282	1.001537	-0.005543	6.549072	0.005543	1.001537	-4.586853	
1283	1.004014	-0.005743	3.201538	0.005743	1.004014	-6.809204	
1284	1.001901	-0.005025	4.799072	0.005025	1.001901	-4.249451	
1285	1.004007	-0.004019	0.747559	0.004019	1.004007	-4.906616	
1286	1.001446	-0.003231	1.762451	0.003231	1.001446	-2.112732	
1287	1.001520	-0.002268	0.603516	0.002268	1.001520	-1.431885	
1288	1.001983	-0.001774	-0.684753	0.001774	1.001983	-1.310730	
1289	1.001796	-0.001480	-1.117126	0.001480	1.001796	-1.002197	
1290	1.001047	-0.001884	-0.579224	0.001884	1.001047	-0.708740	
1291	1.001094	-0.001577	-1.408020	0.001577	1.001094	-0.466309	
1292	1.001641	-0.001293	-2.061218	0.001293	1.001641	-0.471680	
1293	1.001504	-0.001506	-2.163208	0.001506	1.001504	-0.633362	
1294	1.001457	-0.001061	-1.943848	0.001061	1.001457	-0.394470	
1295	1.001676	-0.000601	-3.673584	0.000601	1.001676	0.103638	
1296	1.001732	-0.000300	-4.461731	0.000300	1.001732	0.318665	
1297	1.001657	-0.000270	-4.677856	0.000270	1.001657	0.363770	
1298	1.001670	-0.000670	-3.480530	0.000670	1.001670	-0.128784	
1299	1.001743	-0.000667	-3.523987	0.000667	1.001743	-0.129700	
1300	1.001439	-0.000853	-3.423706	0.000853	1.001439	-0.103882	
1301	1.001632	-0.000551	-3.966797	0.000551	1.001632	-0.003601	
1302	1.001517	-0.001188	-2.874573	0.001188	1.001517	-0.521362	
1303	1.001000	-0.001113	-2.316101	0.001113	1.001000	-0.172974	
1304	1.001742	-0.000620	-3.083984	0.000620	1.001742	-0.175934	
1305	1.001827	-0.000668	-4.234314	0.000668	1.001827	-0.030273	
1306	1.001658	-0.000641	-3.837891	0.000641	1.001658	-0.010071	
1307	1.001673	-0.000916	-3.270325	0.000916	1.001673	-0.300171	
1308	1.002157	-0.000958	-3.955811	0.000958	1.002157	-0.633545	
1309	1.002246	-0.000955	-3.802368	0.000955	1.002246	-0.738953	
1310	1.001509	-0.001928	-2.301758	0.001928	1.001509	-1.243225	
1311	1.002165	-0.000855	-3.892700	0.000855	1.002165	-0.405212	
1312	1.001881	-0.000825	-3.855408	0.000825	1.001881	-0.303223	
1313	1.001529	-0.000967	-2.805969	0.000967	1.001529	-0.397644	
1314	1.002115	-0.001200	-3.445801	0.001200	1.002115	-0.743713	
1315	1.001459	-0.001095	-2.787476	0.001095	1.001459	-0.331421	
1316	1.001693	-0.000886	-2.833862	0.000886	1.001693	-0.460815	
1317	1.002206	-0.000930	-4.167358	0.000930	1.002206	-0.542297	
1318	1.001247	-0.001679	-2.097778	0.001679	1.001247	-0.768005	
1319	1.001671	-0.001528	-2.903564	0.001528	1.001671	-0.865967	
1320	1.002062	-0.000985	-3.625488	0.000985	1.002062	-0.418640	
1321	1.001695	-0.000684	-3.421509	0.000684	1.001695	-0.156921	
1322	1.001870	-0.000650	-4.558289	0.000650	1.001870	0.191406	
1323	1.001980	-0.000589	-4.199585	0.000589	1.001980	-0.080322	
1324	1.001554	-0.000920	-3.612793	0.000920	1.001554	-0.149536	
1325	1.002292	-0.000389	-4.934570	0.000389	1.002292	0.042053	
1326	1.001863	-0.000304	-5.207031	0.000304	1.001863	0.533569	
1327	1.002489	-0.000188	-5.837524	0.000188	1.002489	0.212402	
1328	1.001856	-0.000260	-5.158813	0.000260	1.001856	0.626587	
1329	1.002184	-0.000247	-5.551270	0.000247	1.002184	0.232483	
1330	1.000961	-0.000473	-3.198608	0.000473	1.000961	0.403137	
1331	1.002360	-0.000060	-5.811279	0.000060	1.002360	0.482910	
1332	1.002231	-0.000161	-5.595825	0.000161	1.002231	0.380432	
1333	1.000898	-0.000960	-3.249817	0.000960	1.000898	0.405701	
1334	1.001677	-0.000488	-4.591675	0.000488	1.001677	0.542358	
1335	1.001760	-0.000246	-4.924377	0.000246	1.001760	0.649780	
1336	1.001771	-0.000333	-4.631104	0.000333	1.001771	0.454956	
1337	1.001794	-0.000262	-4.666748	0.000262	1.001794	0.619446	
1338	1.002217	-0.000131	-5.310181	0.000131	1.002217	0.470459	
1339	1.001795	-0.000358	-4.442383	0.000358	1.001795	0.424316	
1340	1.002400	-0.000107	-5.544189	0.000107	1.002400	0.548767	
1341	1.002010	-0.000240	-5.056396	0.000240	1.002010	0.528992	
1342	1.001943	-0.000325	-4.644897	0.000325	1.001943	0.455627	
1343	1.001103	-0.001203	-3.027344	0.001203	1.001103	0.147705	
1344	1.001950	-0.000095	-4.532471	0.000095	1.001950	0.609680	
1345	1.002737	-0.000113	-5.848511	0.000113	1.002737	0.308655	
1346	1.001401	-0.000739	-3.574036	0.000739	1.001401	0.268402	
1347	1.002008	-0.000122	-4.835022	0.000122	1.002008	0.621338	
1348	1.001887	-0.000234	-4.395142	0.000234	1.001887	0.479370	
1349	1.002428	-0.000076	-5.413574	0.000076	1.002428	0.531433	
1350	1.002004	-0.000121	-4.632568	0.000121	1.002004	0.602844	
1351	1.002093	-0.000126	-4.926758	0.000126	1.002093	0.638062	
1352	1.002435	-0.000178	-5.226196	0.000178	1.002435	0.359619	
1353	1.002161	-0.000089	-4.941650	0.000089	1.002161	0.730347	
1354	1.002495	0.000031	-5.382446	-0.000031	1.002495	0.680176	
1355	1.001542	-0.000231	-3.808105	0.000231	1.001542	0.722107	
1356	1.002269	-0.000115	-4.876831	0.000115	1.002269	0.581787	
1357	1.002594	0.000003	-5.522827	-0.000003	1.002594	0.676453	
1358	1.001418	-0.000436	-3.413757	0.000436	1.001418	0.575317	
1359	1.002378	-0.000015	-4.968140	0.000015	1.002378	0.663452	
1360	1.002558	0.000100	-5.471680	-0.000100	1.002558	0.886230	
1361	1.001346	-0.000812	-3.145203	0.000812	1.001346	0.349304	
1362	1.002481	-0.000098	-5.079712	0.000098	1.002481	0.597107	
1363	1.002212	-0.000091	-4.649536	0.000091	1.002212	0.813232	
1364	1.002091	-0.000234	-4.474365	0.000234	1.002091	0.633301	
1365	1.001942	-0.000340	-4.142822	0.000340	1.001942	0.559875	
1366	1.002631	-0.000114	-5.127930	0.000114	1.002631	0.621887	
1367	1.002228	-0.000071	-4.526489	0.000071	1.002228	0.808350	
1368	1.001817	-0.000221	-3.813965	0.000221	1.001817	0.625061	
1369	1.002376	0.000016	-4.869385	-0.000016	1.002376	0.887390	
1370	1.002106	-0.000116	-4.309082	0.000116	1.002106	0.776245	
1371	1.002610	0.000009	-4.961182	-0.000009	1.002610	0.749207	
1372	1.002321	-0.000019	-4.667847	0.000019	1.002321	0.915222	
1373	1.002387	0.000069	-4.794678	-0.000069	1.002387	0.979492	
1374	1.001882	-0.000844	-3.300171	0.000844	1.001882	0.258789	
1375	1.002263	-0.000073	-4.393433	0.000073	1.002263	0.855286	
1376	1.001509	-0.000436	-3.068481	0.000436	1.001509	0.541687	
1377	1.001791	-0.000494	-3.335449	0.000494	1.001791	0.507080	
1378	1.001962	-0.000569	-3.572876	0.000569	1.001962	0.555542	
1379	1.002289	-0.000031	-4.289062	0.000031	1.002289	0.952698	
1380	1.002463	-0.000153	-4.348633	0.000153	1.002463	0.777588	
1381	1.001746	-0.000432	-3.317810	0.000432	1.001746	0.617432	
1382	1.001907	-0.000519	-3.319092	0.000519	1.001907	0.597961	
1383	1.002437	0.000081	-4.485596	-0.000081	1.002437	1.084839	
1384	1.002270	-0.000051	-4.246704	0.000051	1.002270	1.003174	
1385	1.002318	-0.000335	-3.874756	0.000335	1.002318	0.711548	
1386	1.002437	0.000108	-4.438721	-0.000108	1.002437	1.139709	
1387	1.002303	-0.000063	-3.983276	0.000063	1.002303	0.957153	
1388	1.002578	0.000180	-4.499756	-0.000180	1.002578	1.239746	
1389	1.002060	-0.000358	-3.507141	0.000358	1.002060	0.765015	
1390	1.002848	0.000409	-5.083252	-0.000409	1.002848	1.327881	
1391	1.002469	-0.000058	-4.048340	0.000058	1.002469	0.890442	
1392	1.002359	0.000000	-4.009277	-0.000000	1.002359	1.125244	
1393	1.002370	-0.000113	-3.991821	0.000113	1.002370	0.933289	
1394	1.002800	0.000055	-4.394165	-0.000055	1.002800	0.887085	
1395	1.002445	-0.000012	-4.090942	0.000012	1.002445	1.005981	
1396	1.002721	0.000262	-4.606323	-0.000262	1.002721	1.317688	
1397	1.002582	0.000138	-4.217529	-0.000138	1.002582	1.110413	
1398	1.002289	-0.000414	-3.429688	0.000414	1.002289	0.723145	
1399	1.002812	0.000463	-4.825073	-0.000463	1.002812	1.572449	
1400	1.002676	0.000111	-4.139404	-0.000111	1.002676	1.009949	
1401	1.002044	-0.000333	-3.250610	0.000333	1.002044	0.880554	
1402	1.002259	-0.000209	-3.429932	0.000209	1.002259	0.883118	
1403	1.002644	0.000167	-3.981812	-0.000167	1.002644	1.184631	
1404	1.002616	0.000057	-4.155762	-0.000057	1.002616	1.102478	
1405	1.002201	-0.000167	-3.109863	0.000167	1.002201	0.866577	
1406	1.002300	-0.000401	-3.367004	0.000401	1.002300	0.765625	
1407	1.002440	-0.000089	-3.597168	0.000089	1.002440	0.929016	
1408	1.002325	-0.000162	-3.298462	0.000162	1.002325	1.121765	
1409	1.002713	0.000201	-4.153442	-0.000201	1.002713	1.350525	
1410	1.002590	-0.000061	-3.667114	0.000061	1.002590	0.959229	
1411	1.002443	-0.000092	-3.526001	0.000092	1.002443	1.057312	
1412	1.002243	-0.000255	-3.106079	0.000255	1.002243	0.812378	
1413	1.002702	0.000227	-3.958496	-0.000227	1.002702	1.264648	
1414	1.002738	0.000180	-4.013916	-0.000180	1.002738	1.362488	
1415	1.002711	0.000254	-4.003662	-0.000254	1.002711	1.355896	
1416	1.002815	0.000318	-4.136353	-0.000318	1.002815	1.475586	
1417	1.002592	0.000198	-3.833618	-0.000198	1.002592	1.381287	
1418	1.002727	0.000106	-3.721924	-0.000106	1.002727	1.201050	
1419	1.002434	-0.000065	-3.411133	0.000065	1.002434	1.077454	
1420	1.002238	-0.000053	-3.064026	0.000053	1.002238	1.052429	
1421	1.002530	-0.000408	-2.958130	0.000408	1.002530	0.829285	
1422	1.002948	0.000487	-4.457764	-0.000487	1.002948	1.574158	
1423	1.002718	0.000302	-3.844604	-0.000302	1.002718	1.462280	
1424	1.002689	0.000249	-3.822754	-0.000249	1.002689	1.458313	
1425	1.002611	0.000272	-3.629395	-0.000272	1.002611	1.327454	
1426	1.002739	0.000331	-3.813599	-0.000331	1.002739	1.543396	
1427	1.002601	-0.000235	-3.080261	0.000235	1.002601	0.963318	
1428	1.002799	0.000423	-4.010620	-0.000423	1.002799	1.665283	
1429	1.002507	-0.000148	-2.964294	0.000148	1.002507	1.001831	
1430	1.002717	0.000269	-3.582642	-0.000269	1.002717	1.369690	
1431	1.002725	-0.000349	-3.106201	0.000349	1.002725	0.807312	
1432	1.002690	0.000300	-3.571045	-0.000300	1.002690	1.489502	
1433	1.002552	0.000179	-3.354004	-0.000179	1.002552	1.351990	
1434	1.002637	0.000236	-3.462769	-0.000236	1.002637	1.342957	
1435	1.002692	-0.000196	-3.093994	0.000196	1.002692	0.980652	
1436	1.002624	0.000076	-3.135010	-0.000076	1.002624	1.221008	
1437	1.002642	0.000376	-3.650146	-0.000376	1.002642	1.576111	
1438	1.002740	-0.000168	-3.078369	0.000168	1.002740	0.953369	
1439	1.002764	0.000251	-3.495361	-0.000251	1.002764	1.425720	
1440	1.002687	0.000222	-3.412354	-0.000222	1.002687	1.427246	
1441	1.002200	-0.000067	-2.521484	0.000067	1.002200	1.006897	
1442	1.002685	0.000309	-3.331909	-0.000309	1.002685	1.489014	
1443	1.002281	-0.000190	-2.377686	0.000190	1.002281	0.983459	
1444	1.002545	-0.000002	-2.929199	0.000002	1.002545	1.124817	
1445	1.002202	-0.000297	-2.326843	0.000297	1.002202	0.852905	
1446	1.002628	-0.000122	-2.880859	0.000122	1.002628	1.113831	
1447	1.002311	-0.000018	-2.684143	0.000018	1.002311	1.205963	
1448	1.002743	-0.000353	-2.804871	0.000353	1.002743	0.855225	
1449	1.002562	-0.000319	-2.522217	0.000319	1.002562	0.930420	
1450	1.002894	0.000022	-3.057983	-0.000022	1.002894	1.128357	
1451	1.002457	-0.000495	-2.272278	0.000495	1.002457	0.778015	
1452	1.002441	-0.000136	-2.472717	0.000136	1.002441	1.139587	
1453	1.002838	0.000134	-3.156433	-0.000134	1.002838	1.396667	
1454	1.002819	0.000495	-3.507812	-0.000495	1.002819	1.796570	
1455	1.002485	-0.000367	-2.323792	0.000367	1.002485	0.926514	
1456	1.002705	-0.000240	-2.504456	0.000240	1.002705	1.066833	
1457	1.002090	-0.000080	-2.164856	0.000080	1.002090	1.106537	
1458	1.002597	-0.000271	-2.361267	0.000271	1.002597	0.974609	
1459	1.002398	-0.000415	-1.993591	0.000415	1.002398	0.889832	
1460	1.002608	0.000259	-2.827759	-0.000259	1.002608	1.491028	
1461	1.002203	-0.000094	-2.144592	0.000094	1.002203	1.087097	
1462	1.002851	0.000090	-2.918579	-0.000090	1.002851	1.226746	
1463	1.002740	0.000327	-2.927979	-0.000327	1.002740	1.579041	
1464	1.002496	0.000082	-2.520935	-0.000082	1.002496	1.218140	
1465	1.002346	0.000040	-2.266235	-0.000040	1.002346	1.263000	
1466	1.002542	0.000306	-2.528809	-0.000306	1.002542	1.581360	
1467	1.002489	-0.000234	-2.143555	0.000234	1.002489	0.975586	
1468	1.002265	0.000272	-2.342285	-0.000272	1.002265	1.446320	
1469	1.002647	-0.000369	-1.985596	0.000369	1.002647	0.752197	
1470	1.003092	-0.000430	-2.231079	0.000430	1.003092	0.666626	
1471	1.002518	-0.000160	-2.232788	0.000160	1.002518	0.988525	
1472	1.002609	0.000651	-2.753052	-0.000651	1.002609	2.063538	
1473	1.002265	-0.000002	-2.108948	0.000002	1.002265	1.103760	
1474	1.002383	-0.000227	-1.925964	0.000227	1.002383	0.915222	
1475	1.002464	-0.000077	-1.906372	0.000077	1.002464	0.988770	
1476	1.002107	0.000097	-1.946167	-0.000097	1.002107	1.285248	
1477	1.002633	-0.000331	-1.971680	0.000331	1.002633	0.846313	
1478	1.002531	-0.000410	-1.683044	0.000410	1.002531	0.841736	
1479	1.002549	0.000658	-2.602539	-0.000658	1.002549	1.987061	
1480	1.002834	0.000431	-2.732849	-0.000431	1.002834	1.522888	
1481	1.002762	-0.000247	-2.063599	0.000247	1.002762	0.861206	
1482	1.002702	-0.000215	-1.827148	0.000215	1.002702	0.963257	
1483	1.002758	-0.000246	-1.863281	0.000246	1.002758	0.866089	
1484	1.002782	0.000078	-2.298767	-0.000078	1.002782	1.232300	
1485	1.002674	-0.000021	-2.121765	0.000021	1.002674	1.180969	
1486	1.002630	-0.000147	-1.801880	0.000147	1.002630	0.975586	
1487	1.002703	0.000077	-2.089050	-0.000077	1.002703	1.171021	
1488	1.002853	-0.000334	-1.844116	0.000334	1.002853	0.897766	
1489	1.002683	0.000425	-2.294556	-0.000425	1.002683	1.654907	
1490	1.002529	0.000399	-2.156494	-0.000399	1.002529	1.486206	
1491	1.002603	-0.000159	-1.708862	0.000159	1.002603	1.022461	
1492	1.002620	-0.000216	-1.665588	0.000216	1.002620	0.959656	
1493	1.002606	-0.000206	-1.650818	0.000206	1.002606	0.887451	
1494	1.002486	0.000222	-1.872253	-0.000222	1.002486	1.399048	
1495	1.002363	0.000016	-1.615967	-0.000016	1.002363	1.170898	
1496	1.002937	-0.000206	-1.844788	0.000206	1.002937	0.874390	
1497	1.002516	-0.000073	-1.687378	0.000073	1.002516	1.090759	
1498	1.002786	0.000450	-2.282715	-0.000450	1.002786	1.665710	
1499	1.002871	-0.000239	-1.540344	0.000239	1.002871	0.849915	
1500	1.002752	-0.000128	-1.705933	0.000128	1.002752	0.955261	
1501	1.002496	-0.000151	-1.433472	0.000151	1.002496	1.012756	
1502	1.002672	-0.000154	-1.584778	0.000154	1.002672	0.921265	
1503	1.002577	-0.000149	-1.385803	0.000149	1.002577	0.971008	
1504	1.002679	-0.000098	-1.368652	0.000098	1.002679	1.027649	
1505	1.002991	-0.000343	-1.666992	0.000343	1.002991	0.742798	
1506	1.002811	-0.000196	-1.459839	0.000196	1.002811	0.883057	
1507	1.002273	-0.000103	-1.130310	0.000103	1.002273	0.977081	
1508	1.002813	-0.000418	-1.335266	0.000418	1.002813	0.744324	
1509	1.002381	0.000029	-1.416016	-0.000029	1.002381	1.103546	
1510	1.002802	-0.000164	-1.371643	0.000164	1.002802	0.975281	
1511	1.002808	-0.000104	-1.477539	0.000104	1.002808	1.059692	
1512	1.002347	0.000677	-1.834839	-0.000677	1.002347	1.852478	
1513	1.002437	-0.000069	-1.342590	0.000069	1.002437	0.996887	
1514	1.002467	0.000045	-1.382812	-0.000045	1.002467	1.215637	
1515	1.002323	0.000028	-1.125061	-0.000028	1.002323	1.133453	
1516	1.002624	0.000408	-1.785828	-0.000408	1.002624	1.645508	
1517	1.002424	0.000115	-1.247498	-0.000115	1.002424	1.305115	
1518	1.002684	-0.000133	-1.389771	0.000133	1.002684	1.044739	
1519	1.002382	0.000114	-1.332153	-0.000114	1.002382	1.175293	
1520	1.002692	-0.000291	-1.015137	0.000291	1.002692	0.933044	
1521	1.002720	-0.000276	-1.148743	0.000276	1.002720	0.853149	
1522	1.002975	-0.000220	-1.363647	0.000220	1.002975	0.763611	
1523	1.002846	-0.000037	-1.320984	0.000037	1.002846	1.020142	
1524	1.003047	-0.000215	-1.212280	0.000215	1.003047	0.773804	
1525	1.002262	0.000370	-1.366089	-0.000370	1.002262	1.448578	
1526	1.002894	-0.000340	-0.996460	0.000340	1.002894	0.709229	
1527	1.002714	-0.000143	-1.280273	0.000143	1.002714	0.964905	
1528	1.002845	-0.000170	-1.053284	0.000170	1.002845	0.915039	
1529	1.002408	-0.000264	-0.806335	0.000264	1.002408	0.815552	
1530	1.002577	0.000081	-1.229187	-0.000081	1.002577	1.087891	
1531	1.002830	-0.000101	-1.211853	0.000101	1.002830	0.952820	
1532	1.002701	-0.000211	-1.157532	0.000211	1.002701	0.734619	
1533	1.002429	-0.000054	-0.902893	0.000054	1.002429	1.054321	
1534	1.002863	-0.000164	-1.157288	0.000164	1.002863	0.913391	
1535	1.002965	-0.000315	-0.968994	0.000315	1.002965	0.822266	
1536	1.002405	0.000233	-1.181091	-0.000233	1.002405	1.335266	
1537	1.002710	0.000008	-1.040222	-0.000008	1.002710	0.989624	
1538	1.002736	-0.000225	-0.876038	0.000225	1.002736	0.908752	
1539	1.002640	-0.000236	-0.898315	0.000236	1.002640	0.736877	
1540	1.002466	0.000439	-1.273132	-0.000439	1.002466	1.609314	
1541	1.003001	0.000007	-1.286987	-0.000007	1.003001	1.100403	
1542	1.002776	-0.000046	-1.093262	0.000046	1.002776	0.952515	
1543	1.002738	-0.000007	-1.029236	0.000007	1.002738	1.005615	
1544	1.002528	-0.000204	-0.829346	0.000204	1.002528	0.870605	
1545	1.002627	-0.000146	-0.932373	0.000146	1.002627	0.819336	
1546	1.002469	0.000595	-1.397827	-0.000595	1.002469	1.777954	
1547	1.002384	0.000114	-0.867920	-0.000114	1.002384	1.215942	
1548	1.002753	-0.000322	-0.831848	0.000322	1.002753	0.674683	
1549	1.002747	-0.000265	-0.715454	0.000265	1.002747	0.729980	
1550	1.002790	-0.000005	-0.941528	0.000005	1.002790	1.115662	
1551	1.002868	-0.000174	-0.982239	0.000174	1.002868	0.794617	
1552	1.002665	-0.000145	-0.743408	0.000145	1.002665	0.789978	
1553	1.002700	0.000022	-0.931152	-0.000022	1.002700	1.034485	
1554	1.002710	-0.000048	-0.785278	0.000048	1.002710	0.956299	
1555	1.002462	-0.000243	-0.550537	0.000243	1.002462	0.793762	
1556	1.002592	-0.000028	-0.881897	0.000028	1.002592	0.994934	
1557	1.002608	0.000040	-0.729370	-0.000040	1.002608	1.115662	
1558	1.002440	-0.000066	-0.759216	0.000066	1.002440	0.978394	
1559	1.002983	-0.000093	-0.959473	0.000093	1.002983	0.814270	
1560	1.002877	-0.000050	-0.929688	0.000050	1.002877	0.883301	
1561	1.002778	-0.000045	-0.921082	0.000045	1.002778	0.919250	
1562	1.002480	0.000003	-0.598328	-0.000003	1.002480	1.030334	
1563	1.002581	-0.000081	-0.814270	0.000081	1.002581	0.986694	
1564	1.003204	-0.000227	-0.828552	0.000227	1.003204	0.838135	
1565	1.002925	-0.000111	-0.722839	0.000111	1.002925	0.873169	
1566	1.002696	-0.000032	-0.959473	0.000032	1.002696	0.937195	
1567	1.003092	-0.000039	-0.898926	0.000039	1.003092	0.860352	
1568	1.003151	-0.000229	-0.710571	0.000229	1.003151	0.742371	
1569	1.003128	-0.000159	-0.962097	0.000159	1.003128	0.642761	
1570	1.002681	-0.000031	-0.643616	0.000031	1.002681	1.134277	
1571	1.003094	-0.000302	-0.862488	0.000302	1.003094	0.504944	
1572	1.003245	0.000208	-1.251587	-0.000208	1.003245	0.952393	
1573	1.002347	0.000049	-0.560303	-0.000049	1.002347	1.110962	
1574	1.003169	0.000140	-1.210632	-0.000140	1.003169	1.012085	
1575	1.002450	0.000026	-0.537903	-0.000026	1.002450	1.020996	
1576	1.002790	-0.000249	-0.584106	0.000249	1.002790	0.819397	
1577	1.002768	0.000277	-1.679199	-0.000277	1.002768	1.209961	
1578	1.002947	0.000457	-2.312073	-0.000457	1.002947	1.263855	
1579	1.003271	0.000800	-3.391174	-0.000800	1.003271	1.511780	
1580	1.003228	0.001134	-3.729492	-0.001134	1.003228	1.824341	
1581	1.003148	0.001207	-4.695862	-0.001207	1.003148	1.590149	
1582	1.003539	0.001446	-4.977905	-0.001446	1.003539	1.672546	
1583	1.003370	0.001102	-4.813538	-0.001102	1.003370	1.362122	
1584	1.003122	0.001309	-4.346313	-0.001309	1.003122	1.938477	
1585	1.002964	0.001296	-4.137878	-0.001296	1.002964	2.042175	
1586	1.003468	0.000724	-3.565735	-0.000724	1.003468	1.346191	
1587	1.003235	0.000421	-2.427429	-0.000421	1.003235	1.072021	
1588	1.002939	0.000523	-2.165405	-0.000523	1.002939	1.314697	
1589	1.002849	0.000315	-2.064575	-0.000315	1.002849	1.224457	
1590	1.002798	0.000093	-1.145020	-0.000093	1.002798	1.290466	
1591	1.002319	0.000157	-0.493774	-0.000157	1.002319	1.254028	
1592	1.002848	-0.000086	-0.991272	0.000086	1.002848	0.847534	
1593	1.003074	0.000179	-1.280701	-0.000179	1.003074	0.945068	
1594	1.002698	0.000168	-1.300781	-0.000168	1.002698	0.945984	
1595	1.002799	-0.000061	-0.930298	0.000061	1.002799	0.808807	
1596	1.003074	0.000072	-1.130615	-0.000072	1.003074	1.058228	
1597	1.002886	0.000219	-1.128113	-0.000219	1.002886	1.148376	
1598	1.001765	0.000571	-1.467468	-0.000571	1.001765	1.438690	
1599	1.003277	0.000337	-2.326843	-0.000337	1.003277	1.027710	
1600	1.003346	0.000669	-2.496033	-0.000669	1.003346	1.315125	
1601	1.003063	0.000672	-2.627869	-0.000672	1.003063	1.435852	
1602	1.003308	0.000823	-3.140259	-0.000823	1.003308	1.386230	
1603	1.003437	0.001170	-3.611450	-0.001170	1.003437	1.865295	
1604	1.003416	0.001580	-4.549377	-0.001580	1.003416	1.990295	
1605	1.003311	0.001415	-4.503723	-0.001415	1.003311	1.856934	
1606	1.003661	0.001442	-4.823608	-0.001442	1.003661	1.780334	
1607	1.003511	0.001525	-5.006470	-0.001525	1.003511	1.811279	
1608	1.003582	0.001922	-5.954224	-0.001922	1.003582	2.173096	
1609	1.004184	0.001985	-6.350159	-0.001985	1.004184	1.956543	
1610	1.003681	0.001873	-5.900452	-0.001873	1.003681	2.154541	
1611	1.003729	0.002261	-6.160950	-0.002261	1.003729	2.545166	
1612	1.003877	0.002185	-6.249817	-0.002185	1.003877	2.391663	
1613	1.003685	0.001884	-6.414368	-0.001884	1.003685	2.105164	
1614	1.003368	0.001831	-6.172791	-0.001831	1.003368	2.281616	
1615	1.003789	0.001908	-6.303589	-0.001908	1.003789	2.210205	
1616	1.003739	0.002219	-6.726807	-0.002219	1.003739	2.413147	
1617	1.003884	0.002078	-6.389404	-0.002078	1.003884	2.182190	
1618	1.003784	0.002321	-6.768982	-0.002321	1.003784	2.484619	
1619	1.003644	0.001997	-6.237305	-0.001997	1.003644	2.271667	
1620	1.003808	0.002154	-6.436401	-0.002154	1.003808	2.461121	
1621	1.003747	0.002310	-6.555969	-0.002310	1.003747	2.472839	
1622	1.003840	0.002065	-6.516052	-0.002065	1.003840	2.311523	
1623	1.003873	0.002001	-6.140564	-0.002001	1.003873	2.225830	
1624	1.003363	0.002220	-5.898499	-0.002220	1.003363	2.813232	
1625	1.003625	0.001820	-5.865051	-0.001820	1.003625	2.221130	
1626	1.003050	0.001864	-5.782654	-0.001864	1.003050	2.345978	
1627	1.003445	0.001831	-5.587830	-0.001831	1.003445	2.209229	
1628	1.003711	0.001797	-5.714844	-0.001797	1.003711	2.043457	
1629	1.003666	0.001758	-5.876160	-0.001758	1.003666	2.041016	
1630	1.003752	0.002058	-5.899902	-0.002058	1.003752	2.239990	
1631	1.003627	0.001612	-5.339844	-0.001612	1.003627	1.912537	
1632	1.003678	0.001801	-5.595947	-0.001801	1.003678	2.009583	
1633	1.003648	0.001667	-5.333740	-0.001667	1.003648	1.923096	
1634	1.003365	0.001745	-5.266113	-0.001745	1.003365	2.201721	
1635	1.003694	0.001765	-5.319702	-0.001765	1.003694	2.023499	
1636	1.003722	0.001778	-5.378784	-0.001778	1.003722	1.928894	
1637	1.003624	0.001759	-5.431091	-0.001759	1.003624	2.012695	
1638	1.003873	0.001965	-5.725830	-0.001965	1.003873	2.036194	
1639	1.003328	0.001640	-5.369263	-0.001640	1.003328	1.984985	
1640	1.003640	0.001919	-5.563721	-0.001919	1.003640	2.165527	
1641	1.003780	0.001905	-5.649048	-0.001905	1.003780	2.073059	
1642	1.003538	0.001960	-5.590759	-0.001960	1.003538	2.273315	
1643	1.003721	0.001977	-5.783203	-0.001977	1.003721	2.137512	
1644	1.003655	0.002030	-5.744812	-0.002030	1.003655	2.287415	
1645	1.003651	0.001845	-5.771179	-0.001845	1.003651	2.074585	
1646	1.003728	0.002111	-6.058533	-0.002111	1.003728	2.260742	
1647	1.003491	0.001890	-5.881897	-0.001890	1.003491	2.129456	
1648	1.003837	0.002064	-6.178772	-0.002064	1.003837	2.229736	
1649	1.003852	0.002096	-6.274963	-0.002096	1.003852	2.193542	
1650	1.003703	0.002199	-6.296570	-0.002199	1.003703	2.433716	
1651	1.003796	0.002273	-6.295898	-0.002273	1.003796	2.447693	
1652	1.003649	0.002079	-6.013367	-0.002079	1.003649	2.356812	
1653	1.003862	0.001963	-6.238708	-0.001963	1.003862	2.107361	
1654	1.004140	0.002322	-6.353760	-0.002322	1.004140	2.246033	
1655	1.003438	0.002038	-5.966858	-0.002038	1.003438	2.350464	
1656	1.003867	0.002070	-6.145813	-0.002070	1.003867	2.191284	
1657	1.003972	0.002370	-6.411316	-0.002370	1.003972	2.261169	
1658	1.003612	0.001910	-6.027649	-0.001910	1.003612	2.102417	
1659	1.003803	0.002161	-6.259033	-0.002161	1.003803	2.347351	
1660	1.003678	0.002081	-6.114807	-0.002081	1.003678	2.200073	
1661	1.003801	0.002094	-6.201721	-0.002094	1.003801	2.199280	
1662	1.003872	0.002159	-6.292786	-0.002159	1.003872	2.245789	
1663	1.003750	0.002189	-6.120605	-0.002189	1.003750	2.235657	
1664	1.003863	0.002036	-6.238220	-0.002036	1.003863	2.095032	
1665	1.003821	0.002315	-6.230957	-0.002315	1.003821	2.356079	
1666	1.003623	0.001984	-5.966797	-0.001984	1.003623	2.080444	
1667	1.003767	0.001958	-5.847046	-0.001958	1.003767	2.102600	
1668	1.004020	0.002170	-6.189270	-0.002170	1.004020	2.134766	
1669	1.003811	0.002097	-5.843018	-0.002097	1.003811	2.116455	
1670	1.003620	0.002342	-5.922485	-0.002342	1.003620	2.503845	
1671	1.003583	0.001797	-5.601196	-0.001797	1.003583	1.992371	
1672	1.003989	0.002061	-5.923889	-0.002061	1.003989	1.916931	
1673	1.003783	0.001877	-5.536133	-0.001877	1.003783	1.982361	
1674	1.003638	0.001764	-5.342896	-0.001764	1.003638	1.994202	
1675	1.003653	0.001481	-4.668640	-0.001481	1.003653	1.688660	
1676	1.003551	0.001288	-3.908386	-0.001288	1.003551	1.578674	
1677	1.003672	0.001267	-3.946045	-0.001267	1.003672	1.614929	
1678	1.003245	0.001389	-3.971985	-0.001389	1.003245	2.112488	
1679	1.003408	0.001197	-3.511353	-0.001197	1.003408	1.659851	
1680	1.003342	0.000855	-3.239868	-0.000855	1.003342	1.326416	
1681	1.003474	0.000996	-3.769714	-0.000996	1.003474	1.256409	
1682	1.003521	0.001121	-3.895325	-0.001121	1.003521	1.308899	
1683	1.003651	0.001209	-4.133667	-0.001209	1.003651	1.435791	
1684	1.003692	0.001316	-3.986267	-0.001316	1.003692	1.536011	
1685	1.003399	0.001251	-4.010071	-0.001251	1.003399	1.492554	
1686	1.003795	0.001573	-4.697083	-0.001573	1.003795	1.587952	
1687	1.003775	0.001336	-4.296570	-0.001336	1.003775	1.511108	
1688	1.003704	0.001459	-4.323303	-0.001459	1.003704	1.547119	
1689	1.003575	0.001429	-4.395874	-0.001429	1.003575	1.714111	
1690	1.003964	0.001612	-4.766357	-0.001612	1.003964	1.618164	
1691	1.003626	0.001381	-4.169617	-0.001381	1.003626	1.498718	
1692	1.003716	0.001373	-4.381958	-0.001373	1.003716	1.555542	
1693	1.003735	0.001500	-4.646912	-0.001500	1.003735	1.591187	
1694	1.003816	0.001473	-4.529236	-0.001473	1.003816	1.555420	
1695	1.003672	0.001523	-4.759399	-0.001523	1.003672	1.691833	
1696	1.003711	0.001822	-5.059448	-0.001822	1.003711	2.015137	
1697	1.003812	0.001669	-5.060425	-0.001669	1.003812	1.750916	
1698	1.004281	0.002224	-5.957153	-0.002224	1.004281	1.904358	
1699	1.004215	0.002391	-6.030457	-0.002391	1.004215	1.968140	
1700	1.003740	0.001824	-5.629517	-0.001824	1.003740	1.871521	
1701	1.003641	0.001980	-5.876709	-0.001980	1.003641	2.053406	
1702	1.003808	0.002138	-6.676453	-0.002138	1.003808	2.102966	
1703	1.004088	0.002503	-7.424561	-0.002503	1.004088	2.280823	
1704	1.003574	0.002619	-7.504578	-0.002619	1.003574	2.676025	
1705	1.003696	0.003111	-7.992371	-0.003111	1.003696	3.128845	
1706	1.004595	0.003104	-8.723938	-0.003104	1.004595	2.496399	
1707	1.003779	0.002803	-8.110535	-0.002803	1.003779	2.631897	
1708	1.004924	0.003383	-8.466064	-0.003383	1.004924	2.382996	
1709	1.003975	0.002490	-7.491638	-0.002490	1.003975	2.351562	
1710	1.003778	0.002314	-6.807922	-0.002314	1.003778	2.490967	
1711	1.004100	0.002524	-7.158020	-0.002524	1.004100	2.356018	
1712	1.003716	0.002303	-6.576172	-0.002303	1.003716	2.351685	
1713	1.003770	0.001987	-6.464417	-0.001987	1.003770	2.040771	
1714	1.003678	0.001935	-6.228271	-0.001935	1.003678	1.984131	
1715	1.003836	0.002374	-6.571350	-0.002374	1.003836	2.363892	
1716	1.003742	0.002078	-6.231018	-0.002078	1.003742	2.160034	
1717	1.003241	0.002557	-6.306641	-0.002557	1.003241	2.851929	
1718	1.003709	0.002083	-6.554321	-0.002083	1.003709	2.148193	
1719	1.004113	0.002574	-6.700623	-0.002574	1.004113	2.203064	
1720	1.004791	0.002789	-7.242065	-0.002789	1.004791	2.029297	
1721	1.003676	0.002331	-6.600159	-0.002331	1.003676	2.291382	
1722	1.004377	0.002766	-7.189087	-0.002766	1.004377	2.246643	
1723	1.003960	0.002286	-6.850037	-0.002286	1.003960	2.094604	
1724	1.004215	0.002695	-7.176880	-0.002695	1.004215	2.213745	
1725	1.004171	0.002952	-7.368530	-0.002952	1.004171	2.573914	
1726	1.004004	0.002503	-7.299377	-0.002503	1.004004	2.288452	
1727	1.003320	0.002687	-6.741699	-0.002687	1.003320	2.817444	
1728	1.004786	0.003069	-7.770691	-0.003069	1.004786	2.181396	
1729	1.003831	0.002374	-7.254089	-0.002374	1.003831	2.261597	
1730	1.003770	0.002617	-7.252197	-0.002617	1.003770	2.464355	
1731	1.003722	0.002753	-7.876038	-0.002753	1.003722	2.685547	
1732	1.005032	0.003043	-8.122772	-0.003043	1.005032	1.961792	
1733	1.004483	0.002815	-7.392761	-0.002815	1.004483	2.162109	
1734	1.003694	0.002817	-7.076233	-0.002817	1.003694	2.786072	
1735	1.004029	0.002672	-7.132263	-0.002672	1.004029	2.496216	
1736	1.004181	0.002488	-6.977844	-0.002488	1.004181	2.145386	
1737	1.004222	0.002866	-7.241150	-0.002866	1.004222	2.349304	
1738	1.003614	0.002866	-6.985413	-0.002866	1.003614	2.868225	
1739	1.004352	0.002547	-7.236145	-0.002547	1.004352	2.030518	
1740	1.003776	0.002497	-6.832153	-0.002497	1.003776	2.299683	
1741	1.004749	0.002947	-7.586670	-0.002947	1.004749	2.106323	
1742	1.004449	0.002821	-7.312347	-0.002821	1.004449	2.103394	
1743	1.004409	0.002666	-7.013092	-0.002666	1.004409	2.021851	
1744	1.003859	0.002664	-7.092712	-0.002664	1.003859	2.579529	
1745	1.003628	0.002505	-6.647705	-0.002505	1.003628	2.467896	
1746	1.004130	0.002782	-7.207397	-0.002782	1.004130	2.416687	
1747	1.003805	0.002353	-6.865417	-0.002353	1.003805	2.212280	
1748	1.004070	0.002453	-6.982544	-0.002453	1.004070	2.145081	
1749	1.003926	0.002485	-7.141724	-0.002485	1.003926	2.271912	
1750	1.003058	0.002825	-6.660461	-0.002825	1.003058	2.980286	
1751	1.003587	0.002448	-6.853149	-0.002448	1.003587	2.407104	
1752	1.004412	0.002709	-7.284973	-0.002709	1.004412	2.010254	
1753	1.003739	0.002188	-6.331665	-0.002188	1.003739	2.159302	
1754	1.003882	0.002543	-6.743652	-0.002543	1.003882	2.425659	
1755	1.004435	0.002558	-7.082977	-0.002558	1.004435	1.947510	
1756	1.003448	0.002985	-6.823730	-0.002985	1.003448	3.023315	
1757	1.004478	0.002824	-7.479431	-0.002824	1.004478	2.094421	
1758	1.004503	0.002670	-7.316895	-0.002670	1.004503	1.982422	
1759	1.004292	0.003087	-7.615601	-0.003087	1.004292	2.400696	
1760	1.004253	0.002647	-7.310303	-0.002647	1.004253	2.178711	
1761	1.004337	0.002798	-7.137360	-0.002798	1.004337	2.136414	
1762	1.002424	0.003187	-6.792419	-0.003187	1.002424	3.872742	
1763	1.003596	0.002805	-7.017151	-0.002805	1.003596	2.696960	
1764	1.002405	0.003045	-6.346558	-0.003045	1.002405	3.798889	
1765	1.002738	0.002544	-6.584229	-0.002544	1.002738	2.817200	
1766	1.003148	0.002741	-6.753967	-0.002741	1.003148	2.889526	
1767	1.002580	0.003050	-6.555359	-0.003050	1.002580	3.644043	
1768	1.004279	0.002687	-6.730103	-0.002687	1.004279	2.034058	
1769	1.003454	0.002351	-6.264221	-0.002351	1.003454	2.338440	
1770	1.004126	0.002754	-6.756836	-0.002754	1.004126	2.189453	
1771	1.004162	0.002548	-6.801270	-0.002548	1.004162	2.016052	
1772	1.003183	0.002412	-5.975830	-0.002412	1.003183	2.451233	
1773	1.003143	0.002579	-6.206421	-0.002579	1.003143	2.706238	
1774	1.002886	0.002705	-5.844543	-0.002705	1.002886	2.964600	
1775	1.003878	0.002388	-6.494385	-0.002388	1.003878	2.018860	
1776	1.002634	0.002524	-6.062500	-0.002524	1.002634	2.883911	
1777	1.002619	0.002936	-6.204102	-0.002936	1.002619	3.406982	
1778	1.003374	0.002612	-6.594727	-0.002612	1.003374	2.500793	
1779	1.002228	0.003091	-5.965698	-0.003091	1.002228	3.936157	
1780	1.004390	0.002617	-6.832581	-0.002617	1.004390	1.955994	
1781	1.004602	0.002632	-6.993286	-0.002632	1.004602	1.789062	
1782	1.002653	0.003134	-6.707153	-0.003134	1.002653	3.599365	
1783	1.002398	0.003296	-7.054260	-0.003296	1.002398	3.975403	
1784	1.004528	0.002944	-7.555573	-0.002944	1.004528	2.101501	
1785	1.003755	0.003122	-7.567383	-0.003122	1.003755	2.715881	
1786	1.004361	0.003102	-7.482513	-0.003102	1.004361	2.263000	
1787	1.004685	0.003071	-7.991638	-0.003071	1.004685	2.163452	
1788	1.002295	0.003688	-7.324097	-0.003688	1.002295	4.361511	
1789	1.002492	0.003288	-7.188538	-0.003288	1.002492	3.734619	
1790	1.003969	0.003427	-8.112427	-0.003427	1.003969	2.947205	
1791	1.002573	0.003171	-7.090332	-0.003171	1.002573	3.526184	
1792	1.003147	0.003481	-7.777466	-0.003481	1.003147	3.515991	
1793	1.002459	0.003334	-7.298950	-0.003334	1.002459	3.982605	
1794	1.004673	0.003208	-8.233124	-0.003208	1.004673	2.344299	
1795	1.002979	0.003296	-7.510071	-0.003296	1.002979	3.406616	
1796	1.002223	0.003141	-7.251770	-0.003141	1.002223	3.770813	
1797	1.002177	0.003495	-7.094788	-0.003495	1.002177	4.221252	
1798	1.003000	0.003735	-7.934814	-0.003735	1.003000	4.056213	
1799	1.003596	0.003321	-7.823181	-0.003321	1.003596	3.132507	
1800	1.002039	0.003441	-7.241272	-0.003441	1.002039	4.189026	
1801	1.002343	0.003270	-7.087646	-0.003270	1.002343	3.816589	
1802	1.002437	0.003017	-7.081360	-0.003017	1.002437	3.438538	
1803	1.003136	0.003066	-7.437256	-0.003066	1.003136	3.077332	
1804	1.004028	0.003208	-7.908630	-0.003208	1.004028	2.640442	
1805	1.001869	0.003383	-6.825745	-0.003383	1.001869	4.307312	
1806	1.002338	0.003565	-7.502319	-0.003565	1.002338	4.212708	
1807	1.004675	0.003065	-8.336853	-0.003065	1.004675	2.238892	
1808	1.004638	0.003098	-8.907593	-0.003098	1.004638	2.343384	
1809	1.005568	0.003112	-9.229553	-0.003112	1.005568	1.727051	
1810	1.002795	0.003499	-7.230103	-0.003499	1.002795	3.587769	
1811	1.000244	0.003056	-4.776428	-0.003056	1.000244	4.637268	
1812	1.001838	0.003259	-5.888611	-0.003259	1.001838	3.912170	
1813	1.000936	0.003335	-5.455322	-0.003335	1.000936	4.714783	
1814	1.001330	0.002780	-5.686768	-0.002780	1.001330	3.870850	
1815	1.001412	0.003089	-5.602539	-0.003089	1.001412	4.122681	
1816	1.001401	0.003062	-5.875610	-0.003062	1.001401	4.329224	
1817	1.004523	0.002630	-7.570190	-0.002630	1.004523	1.861511	
1818	1.003611	0.002884	-7.551453	-0.002884	1.003611	2.704224	
1819	1.004302	0.003118	-8.234619	-0.003118	1.004302	2.608521	
1820	1.004046	0.002979	-7.673462	-0.002979	1.004046	2.557983	
1821	1.003386	0.002509	-7.229431	-0.002509	1.003386	2.434479	
1822	1.003319	0.002815	-7.140625	-0.002815	1.003319	2.734985	
1823	1.003720	0.002833	-7.699951	-0.002833	1.003720	2.522766	
1824	1.004639	0.002880	-7.851074	-0.002880	1.004639	2.032593	
1825	0.997199	0.003044	-1.466064	-0.003044	0.997199	6.038696	
1826	1.001987	0.002879	-5.503967	-0.002879	1.001987	3.658691	
1827	1.002867	0.003083	-6.782959	-0.003083	1.002867	3.282715	
1828	1.002018	0.002874	-6.203735	-0.002874	1.002018	3.577209	
1829	1.003863	0.003025	-7.240234	-0.003025	1.003863	2.494080	
1830	1.003194	0.003008	-6.958923	-0.003008	1.003194	2.954163	
1831	1.003069	0.003214	-7.021912	-0.003214	1.003069	3.157288	
1832	1.003200	0.002959	-7.138306	-0.002959	1.003200	2.849487	
1833	1.002174	0.002621	-6.450500	-0.002621	1.002174	3.004913	
1834	1.003153	0.003176	-7.327820	-0.003176	1.003153	3.067871	
1835	1.002852	0.003396	-7.138245	-0.003396	1.002852	3.544434	
1836	1.002063	0.003429	-6.647766	-0.003429	1.002063	4.195251	
1837	1.002654	0.003055	-7.082764	-0.003055	1.002654	3.376343	
1838	1.003039	0.003364	-7.712646	-0.003364	1.003039	3.443054	
1839	1.003177	0.003337	-7.355408	-0.003337	1.003177	3.310608	
1840	1.002350	0.003432	-7.384949	-0.003432	1.002350	3.978333	
1841	1.002820	0.003447	-7.635254	-0.003447	1.002820	3.674133	
1842	1.002545	0.003269	-7.333496	-0.003269	1.002545	3.700256	
1843	1.002861	0.003258	-7.321350	-0.003258	1.002861	3.469666	
1844	1.003448	0.003498	-7.808228	-0.003498	1.003448	3.255859	
1845	1.002733	0.003232	-7.322998	-0.003232	1.002733	3.468079	
1846	1.002129	0.003183	-7.269714	-0.003183	1.002129	3.788513	
1847	1.003657	0.003294	-7.934265	-0.003294	1.003657	3.018555	
1848	1.003304	0.003491	-7.669678	-0.003491	1.003304	3.299072	
1849	1.001515	0.002596	-6.200928	-0.002596	1.001515	3.223511	
1850	1.002962	0.003187	-7.389282	-0.003187	1.002962	3.238403	
1851	1.003923	0.003256	-7.831909	-0.003256	1.003923	2.686829	
1852	1.003223	0.003454	-7.677734	-0.003454	1.003223	3.479614	
1853	1.003655	0.003329	-7.823120	-0.003329	1.003655	2.917664	
1854	1.002840	0.003433	-7.860535	-0.003433	1.002840	3.691345	
1855	1.002918	0.002949	-7.534180	-0.002949	1.002918	2.936768	
1856	1.002345	0.003468	-7.342834	-0.003468	1.002345	4.033508	
1857	1.002798	0.003215	-7.579590	-0.003215	1.002798	3.360931	
1858	1.002326	0.003258	-7.377319	-0.003258	1.002326	3.690002	
1859	1.001852	0.003081	-6.999695	-0.003081	1.001852	3.704193	
1860	1.003693	0.003506	-8.142090	-0.003506	1.003693	3.144348	
1861	1.003419	0.003535	-8.007385	-0.003535	1.003419	3.261536	
1862	1.001504	0.002742	-6.473389	-0.002742	1.001504	3.314514	
1863	1.001760	0.002913	-7.014893	-0.002913	1.001760	3.572327	
1864	1.003480	0.003600	-8.263550	-0.003600	1.003480	3.343201	
1865	1.003332	0.003282	-8.056519	-0.003282	1.003332	3.094208	
1866	1.003038	0.003325	-7.852783	-0.003325	1.003038	3.325867	
1867	1.003874	0.003548	-8.324402	-0.003548	1.003874	2.976685	
1868	1.002878	0.003410	-7.807312	-0.003410	1.002878	3.447052	
1869	1.002330	0.003496	-7.263306	-0.003496	1.002330	3.913818	
1870	1.002880	0.003765	-7.810852	-0.003765	1.002880	3.940125	
1871	1.004038	0.003603	-8.552673	-0.003603	1.004038	2.851074	
1872	1.002162	0.003157	-7.147705	-0.003157	1.002162	3.556366	
1873	1.003480	0.003400	-8.158875	-0.003400	1.003480	3.179016	
1874	1.003079	0.003625	-7.901794	-0.003625	1.003079	3.607056	
1875	1.001179	0.002532	-6.025146	-0.002532	1.001179	3.141052	
1876	1.002773	0.003146	-7.451538	-0.003146	1.002773	3.197144	
1877	1.002850	0.003382	-7.615112	-0.003382	1.002850	3.499268	
1878	1.001291	0.002325	-6.278687	-0.002325	1.001291	2.832733	
1879	1.003467	0.003294	-7.825439	-0.003294	1.003467	3.010162	
1880	1.003433	0.003244	-7.988159	-0.003244	1.003433	2.910034	
1881	1.002666	0.003432	-7.432922	-0.003432	1.002666	3.677856	
1882	1.001217	0.002369	-6.175903	-0.002369	1.001217	2.841370	
1883	1.003512	0.003692	-8.130371	-0.003692	1.003512	3.305603	
1884	1.003575	0.003561	-8.159424	-0.003561	1.003575	3.257141	
1885	1.002483	0.003092	-7.467834	-0.003092	1.002483	3.302582	
1886	1.001406	0.002526	-6.734497	-0.002526	1.001406	3.065674	
1887	1.001778	0.002495	-7.051025	-0.002495	1.001778	2.797150	
1888	1.001962	0.002982	-7.272949	-0.002982	1.001962	3.271057	
1889	1.001778	0.002528	-7.422607	-0.002528	1.001778	2.816284	
1890	1.003824	0.003505	-8.548462	-0.003505	1.003824	3.058563	
1891	1.001997	0.002606	-7.221008	-0.002606	1.001997	2.859314	
1892	1.002059	0.003254	-7.321594	-0.003254	1.002059	3.650726	
1893	1.002443	0.003235	-7.684570	-0.003235	1.002443	3.502167	
1894	1.003085	0.003188	-7.924927	-0.003188	1.003085	3.041870	
1895	1.001402	0.002864	-6.480957	-0.002864	1.001402	3.580322	
1896	1.002660	0.003530	-7.374817	-0.003530	1.002660	3.811340	
1897	1.002475	0.002959	-6.904419	-0.002959	1.002475	3.236847	
1898	1.001262	0.002537	-6.009155	-0.002537	1.001262	3.296570	
1899	1.002480	0.002551	-6.809387	-0.002551	1.002480	2.620789	
1900	1.002391	0.002836	-6.725586	-0.002836	1.002391	3.042206	
1901	1.001507	0.002232	-5.967529	-0.002232	1.001507	2.737610	
1902	1.001852	0.002506	-6.218994	-0.002506	1.001852	3.015045	
1903	1.002501	0.002475	-6.654663	-0.002475	1.002501	2.611847	
1904	1.002461	0.003151	-6.769409	-0.003151	1.002461	3.513580	
1905	1.002412	0.002657	-6.624451	-0.002657	1.002412	2.879120	
1906	1.002210	0.002903	-6.734253	-0.002903	1.002210	3.345673	
1907	1.001656	0.002504	-5.900879	-0.002504	1.001656	3.018433	
1908	1.002798	0.002947	-6.909363	-0.002947	1.002798	3.013824	
1909	1.003377	0.003156	-7.127991	-0.003156	1.003377	2.836487	
1910	1.001765	0.002068	-6.033813	-0.002068	1.001765	2.355377	
1911	1.001782	0.002215	-6.290466	-0.002215	1.001782	2.551208	
1912	1.002540	0.002702	-6.617249	-0.002702	1.002540	2.884125	
1913	1.001791	0.002415	-6.387207	-0.002415	1.001791	2.720062	
1914	1.003637	0.003185	-7.609802	-0.003185	1.003637	2.689636	
1915	1.002090	0.002369	-6.602356	-0.002369	1.002090	2.609833	
1916	1.002167	0.002048	-6.514099	-0.002048	1.002167	2.188446	
1917	1.002193	0.001839	-5.225159	-0.001839	1.002193	2.130157	
1918	1.002166	0.001261	-3.759155	-0.001261	1.002166	1.598572	
1919	1.001194	0.001000	-1.891907	-0.001000	1.001194	1.666748	
1920	1.002171	0.000409	-1.186401	-0.000409	1.002171	0.886047	
1921	1.001353	0.000380	-0.252625	-0.000380	1.001353	1.337677	
1922	1.003294	0.000071	-1.196289	-0.000071	1.003294	0.323669	
1923	1.002919	0.000481	-1.531860	-0.000481	1.002919	0.524200	
1924	1.002787	0.000211	-1.485291	-0.000211	1.002787	0.056946	
1925	1.001611	0.000442	-0.027222	-0.000442	1.001611	1.088257	
1926	0.999938	0.000181	1.289917	-0.000181	0.999938	1.583099	
1927	1.000167	0.000267	1.245117	-0.000267	1.000167	1.742218	
1928	1.000037	0.000327	1.454407	-0.000327	1.000037	1.870483	
1929	1.001285	0.000033	0.516174	-0.000033	1.001285	1.214081	
1930	1.000544	-0.000072	0.877686	0.000072	1.000544	1.206146	
1931	1.001500	0.000189	0.241577	-0.000189	1.001500	1.292175	
1932	1.005772	0.000143	-3.749817	-0.000143	1.005772	-1.066528	
1933	1.002335	-0.000094	-0.705688	0.000094	1.002335	0.086884	
1934	1.001496	0.000113	0.002441	-0.000113	1.001496	0.852448	
1935	1.002018	0.000707	-0.928650	-0.000707	1.002018	1.269287	
1936	1.001453	0.000732	-0.682434	-0.000732	1.001453	1.436768	
1937	1.001729	0.000067	0.074219	-0.000067	1.001729	0.691437	
1938	1.001182	0.000223	0.211853	-0.000223	1.001182	0.963898	
1939	1.001792	0.000072	-0.106812	-0.000072	1.001792	0.707062	
1940	1.001209	0.000265	-0.267395	-0.000265	1.001209	0.899475	
1941	1.001822	0.000161	-0.386108	-0.000161	1.001822	0.689117	
1942	1.001410	0.000509	-0.190247	-0.000509	1.001410	1.255981	
1943	1.001779	0.000284	-0.335938	-0.000284	1.001779	0.794312	
1944	1.001570	0.000251	-0.097839	-0.000251	1.001570	0.864197	
1945	1.001929	0.000130	-0.306213	-0.000130	1.001929	0.553772	
1946	1.001386	0.000306	-0.174805	-0.000306	1.001386	0.801483	
1947	1.001189	0.000248	0.008179	-0.000248	1.001189	0.913147	
1948	1.001352	0.000374	-0.079285	-0.000374	1.001352	0.944305	
1949	1.001008	0.000256	-0.079590	-0.000256	1.001008	0.801666	
