0	1.000000	0.000000	0.000000	0.000000	1.000000	0.000000	
1	1.000004	0.000040	0.022888	-0.000040	1.000004	-0.125305	
2	1.000026	0.000021	0.003296	-0.000021	1.000026	-0.062073	
3	0.999966	0.000010	0.037354	-0.000010	0.999966	-0.000061	
4	0.999960	0.000045	0.026184	-0.000045	0.999960	0.060669	
5	1.000088	-0.000033	-0.101868	0.000033	1.000088	-0.086060	
6	0.999934	-0.000017	0.080872	0.000017	0.999934	0.070435	
7	0.999974	0.000025	0.066101	-0.000025	0.999974	0.019348	
8	1.000021	-0.000007	0.039612	0.000007	1.000021	0.040222	
9	1.000003	0.000001	0.041443	-0.000001	1.000003	-0.023376	
10	0.999941	0.000013	0.132324	-0.000013	0.999941	-0.068848	
11	1.000020	0.000015	0.010010	-0.000015	1.000020	-0.076416	
12	1.000002	0.000043	-0.018982	-0.000043	1.000002	0.045044	
13	0.999948	0.000038	0.065735	-0.000038	0.999948	-0.086670	
14	0.999960	0.000022	0.093933	-0.000022	0.999960	-0.024170	
15	1.000040	0.000043	-0.064209	-0.000043	1.000040	-0.072510	
16	0.999982	0.000021	0.018799	-0.000021	0.999982	0.021973	
17	0.999951	-0.000001	0.132935	0.000001	0.999951	-0.133667	
18	0.999994	0.000060	0.112122	-0.000060	0.999994	-0.073425	
19	1.000053	0.000030	-0.031799	-0.000030	1.000053	-0.135315	
20	0.999949	0.000006	0.072754	-0.000006	0.999949	-0.083191	
21	1.000001	0.000015	0.050537	-0.000015	1.000001	-0.130432	
22	1.000010	0.000016	0.099609	-0.000016	1.000010	0.039856	
23	0.999978	0.000006	0.120300	-0.000006	0.999978	-0.029175	
24	0.999963	0.000009	0.051697	-0.000009	0.999963	-0.109436	
25	1.000039	0.000028	-0.023621	-0.000028	1.000039	0.019836	
26	0.999999	0.000020	0.025391	-0.000020	0.999999	0.038330	
27	0.999910	0.000028	0.128479	-0.000028	0.999910	-0.034546	
28	1.000062	0.000043	0.033691	-0.000043	1.000062	-0.154297	
29	1.000004	0.000049	0.070801	-0.000049	1.000004	0.031006	
30	0.999958	-0.000051	0.214722	0.000051	0.999958	-0.099121	
31	1.000037	0.000058	-0.062500	-0.000058	1.000037	0.071960	
32	1.000013	-0.000041	-0.008545	0.000041	1.000013	-0.139526	
33	0.999965	0.000013	0.049072	-0.000013	0.999965	0.006226	
34	0.999962	0.000015	0.128723	-0.000015	0.999962	-0.017395	
35	1.000064	-0.000053	-0.027283	0.000053	1.000064	-0.188538	
36	0.999990	-0.000064	0.088379	0.000064	0.999990	-0.056702	
37	1.000025	-0.000061	-0.098511	0.000061	1.000025	-0.079468	
38	0.999986	-0.000018	-0.051636	0.000018	0.999986	-0.095459	
39	0.999995	-0.000033	-0.137268	0.000033	0.999995	-0.022034	
40	1.000050	-0.000007	-0.138611	0.000007	1.000050	0.018005	
41	1.000028	-0.000042	-0.113037	0.000042	1.000028	-0.040527	
42	0.999970	-0.000047	-0.022949	0.000047	0.999970	0.003723	
43	1.000032	-0.000038	-0.028992	0.000038	1.000032	-0.092651	
44	1.000033	-0.000000	-0.005859	0.000000	1.000033	0.019104	
45	1.000072	-0.000027	0.009216	0.000027	1.000072	-0.012024	
46	0.999966	-0.000028	0.193848	0.000028	0.999966	0.029724	
47	1.000014	-0.000051	0.072876	0.000051	1.000014	-0.044250	
48	1.000054	-0.000059	0.042664	0.000059	1.000054	0.029297	
49	1.000068	-0.000102	0.184021	0.000102	1.000068	-0.159668	
50	0.999999	-0.000157	0.366089	0.000157	0.999999	0.053589	
51	0.999989	-0.000196	0.420349	0.000196	0.999989	0.008728	
52	1.000036	-0.000172	0.509521	0.000172	1.000036	-0.162231	
53	1.000070	-0.000293	0.713684	0.000293	1.000070	-0.204224	
54	1.000010	-0.000455	1.043762	0.000455	1.000010	-0.353760	
55	1.000009	-0.000408	1.239868	0.000408	1.000009	-0.392639	
56	1.000023	-0.000603	1.614502	0.000603	1.000023	-0.701721	
57	1.000083	-0.000734	1.978699	0.000734	1.000083	-0.708740	
58	1.000017	-0.000905	2.681458	0.000905	1.000017	-0.821899	
59	1.000019	-0.001029	3.147583	0.001029	1.000019	-0.932434	
60	1.000085	-0.001167	3.440430	0.001167	1.000085	-1.094177	
61	1.000030	-0.001323	3.921204	0.001323	1.000030	-1.169800	
62	0.999991	-0.001464	4.291443	0.001464	0.999991	-1.234558	
63	1.000108	-0.001559	4.500732	0.001559	1.000108	-1.425415	
64	0.999967	-0.001675	4.898804	0.001675	0.999967	-1.287537	
65	1.000039	-0.001681	5.157898	0.001681	1.000039	-1.468628	
66	0.999998	-0.001853	5.300842	0.001853	0.999998	-1.696960	
67	1.000026	-0.001779	5.195129	0.001779	1.000026	-1.734497	
68	1.000057	-0.001855	5.198486	0.001855	1.000057	-1.928162	
69	1.000033	-0.001809	4.972961	0.001809	1.000033	-1.796692	
70	1.000010	-0.001669	4.656738	0.001669	1.000010	-1.729309	
71	0.999991	-0.001471	4.198792	0.001471	0.999991	-1.506409	
72	1.000109	-0.001290	3.539185	0.001290	1.000109	-1.474731	
73	1.000039	-0.001108	3.201721	0.001108	1.000039	-1.101807	
74	0.999996	-0.000949	2.785828	0.000949	0.999996	-1.010620	
75	0.999983	-0.000779	2.448730	0.000779	0.999983	-0.887085	
76	1.000048	-0.000652	2.124451	0.000652	1.000048	-0.743164	
77	1.000121	-0.000436	1.744263	0.000436	1.000121	-0.543579	
78	1.000058	-0.000331	1.869507	0.000331	1.000058	-0.402527	
79	1.000015	-0.000399	2.089905	0.000399	1.000015	-0.397949	
80	1.000051	-0.000222	1.923523	0.000222	1.000051	-0.151062	
81	1.000012	-0.000175	1.944824	0.000175	1.000012	-0.176025	
82	1.000017	-0.000099	1.847168	0.000099	1.000017	-0.203979	
83	1.000094	-0.000069	1.722717	0.000069	1.000094	-0.221252	
84	1.000135	-0.000086	1.712769	0.000086	1.000135	-0.051025	
85	1.000005	-0.000070	1.825012	0.000070	1.000005	-0.035583	
86	1.000037	0.000006	1.821228	-0.000006	1.000037	0.054871	
87	1.000042	0.000017	1.767944	-0.000017	1.000042	-0.011902	
88	1.000123	0.000065	1.661133	-0.000065	1.000123	0.022705	
89	1.000091	0.000060	1.648132	-0.000060	1.000091	0.138000	
90	0.999979	0.000130	1.578430	-0.000130	0.999979	0.136963	
91	1.000060	0.000176	1.495972	-0.000176	1.000060	0.153625	
92	1.000124	0.000122	1.414917	-0.000122	1.000124	0.180359	
93	1.000086	0.000149	1.382202	-0.000149	1.000086	0.138550	
94	1.000014	0.000226	1.339417	-0.000226	1.000014	0.296936	
95	1.000091	0.000208	1.299011	-0.000208	1.000091	0.253052	
96	1.000140	0.000208	1.261963	-0.000208	1.000140	0.272278	
97	1.000012	0.000181	1.389648	-0.000181	1.000012	0.230408	
98	1.000073	0.000198	1.304260	-0.000198	1.000073	0.167297	
99	1.000139	0.000217	1.252686	-0.000217	1.000139	0.260498	
100	1.000086	0.000199	1.481689	-0.000199	1.000086	0.268188	
101	1.000026	0.000215	1.423401	-0.000215	1.000026	0.321228	
102	1.000104	0.000251	1.296509	-0.000251	1.000104	0.233826	
103	1.000152	0.000226	1.324463	-0.000226	1.000152	0.272461	
104	1.000093	0.000138	1.390869	-0.000138	1.000093	0.217407	
105	1.000015	0.000265	1.433960	-0.000265	1.000015	0.543091	
106	1.000141	0.000152	1.372742	-0.000152	1.000141	0.205933	
107	1.000134	0.000131	1.337097	-0.000131	1.000134	0.273926	
108	1.000077	0.000145	1.349060	-0.000145	1.000077	0.299316	
109	1.000056	0.000205	1.316406	-0.000205	1.000056	0.381226	
110	1.000163	0.000216	1.137878	-0.000216	1.000163	0.343750	
111	1.000076	0.000263	1.197693	-0.000263	1.000076	0.512451	
112	1.000078	0.000264	1.210876	-0.000264	1.000078	0.424622	
113	1.000073	0.000141	1.146667	-0.000141	1.000073	0.244019	
114	1.000136	0.000158	1.059509	-0.000158	1.000136	0.300171	
115	1.000080	0.000171	1.106873	-0.000171	1.000080	0.422241	
116	1.000085	0.000219	1.084045	-0.000219	1.000085	0.358826	
117	1.000110	0.000195	1.044556	-0.000195	1.000110	0.241272	
118	1.000130	0.000166	1.041260	-0.000166	1.000130	0.233032	
119	1.000083	0.000279	1.053101	-0.000279	1.000083	0.521057	
120	1.000081	0.000233	1.037720	-0.000233	1.000081	0.460388	
121	1.000146	0.000268	0.913330	-0.000268	1.000146	0.349731	
122	1.000104	0.000322	0.836609	-0.000322	1.000104	0.435974	
123	1.000069	0.000312	0.769165	-0.000312	1.000069	0.579956	
124	1.000069	0.000351	0.713257	-0.000351	1.000069	0.526794	
125	1.000120	0.000375	0.435059	-0.000375	1.000120	0.583130	
126	1.000119	0.000479	0.308044	-0.000479	1.000119	0.707153	
127	1.000050	0.000596	0.057312	-0.000596	1.000050	0.819153	
128	1.000111	0.000732	-0.357361	-0.000732	1.000111	0.854492	
129	1.000146	0.000938	-0.891541	-0.000938	1.000146	1.134888	
130	1.000085	0.000954	-1.324341	-0.000954	1.000085	1.149353	
131	1.000028	0.001159	-1.857117	-0.001159	1.000028	1.327209	
132	1.000125	0.001447	-2.740295	-0.001447	1.000125	1.381531	
133	1.000128	0.001681	-3.447083	-0.001681	1.000128	1.797546	
134	1.000056	0.001879	-4.219849	-0.001879	1.000056	2.024597	
135	1.000145	0.002224	-5.161316	-0.002224	1.000145	2.220032	
136	1.000286	0.002512	-6.228271	-0.002512	1.000286	2.365967	
137	1.000066	0.002806	-6.832275	-0.002806	1.000066	2.823120	
138	1.000193	0.003066	-7.624207	-0.003066	1.000193	3.045959	
139	1.000044	0.003181	-7.945435	-0.003181	1.000044	3.243591	
140	0.999964	0.003322	-8.324097	-0.003322	0.999964	3.394714	
141	1.000364	0.003486	-9.008057	-0.003486	1.000364	3.317627	
142	1.000338	0.003539	-9.325500	-0.003539	1.000338	3.380981	
143	0.999920	0.003559	-9.174072	-0.003559	0.999920	3.619690	
144	1.000212	0.003575	-9.452026	-0.003575	1.000212	3.545166	
145	1.000181	0.003598	-9.501282	-0.003598	1.000181	3.504517	
146	1.000145	0.003704	-9.317932	-0.003704	1.000145	3.571106	
147	1.000213	0.003702	-9.327393	-0.003702	1.000213	3.605164	
148	1.000003	0.003578	-9.070435	-0.003578	1.000003	3.609497	
149	1.000173	0.003614	-9.207214	-0.003614	1.000173	3.630615	
150	1.000237	0.003530	-9.160583	-0.003530	1.000237	3.450134	
151	1.000353	0.003504	-9.195190	-0.003504	1.000353	3.388062	
152	1.000370	0.003475	-9.117126	-0.003475	1.000370	3.361572	
153	1.000294	0.003434	-8.778870	-0.003434	1.000294	3.360962	
154	1.000412	0.003380	-8.537537	-0.003380	1.000412	3.197205	
155	1.000133	0.003127	-7.787537	-0.003127	1.000133	3.155884	
156	1.000160	0.002900	-7.132874	-0.002900	1.000160	2.910156	
157	1.000285	0.002768	-6.528198	-0.002768	1.000285	2.674805	
158	1.000166	0.002415	-5.430176	-0.002415	1.000166	2.490112	
159	1.000109	0.002078	-4.428223	-0.002078	1.000109	2.264771	
160	1.000123	0.001731	-3.487915	-0.001731	1.000123	1.843506	
161	1.000188	0.001517	-2.878784	-0.001517	1.000188	1.719238	
162	1.000160	0.001248	-2.128845	-0.001248	1.000160	1.461731	
163	1.000183	0.001098	-1.729187	-0.001098	1.000183	1.286743	
164	1.000103	0.001019	-1.334229	-0.001019	1.000103	1.358032	
165	1.000188	0.000973	-1.162048	-0.000973	1.000188	1.061646	
166	1.000186	0.000897	-0.929565	-0.000897	1.000186	1.057861	
167	1.000185	0.000833	-0.601379	-0.000833	1.000185	1.082336	
168	1.000134	0.000697	-0.186584	-0.000697	1.000134	0.886536	
169	1.000133	0.000620	0.095032	-0.000620	1.000133	0.884094	
170	1.000169	0.000538	0.223572	-0.000538	1.000169	0.803284	
171	1.000174	0.000375	0.614136	-0.000375	1.000174	0.793640	
172	1.000177	0.000263	0.840454	-0.000263	1.000177	0.571472	
173	1.000084	0.000207	1.057678	-0.000207	1.000084	0.615051	
174	1.000147	0.000131	1.174194	-0.000131	1.000147	0.472900	
175	1.000120	0.000113	1.184692	-0.000113	1.000120	0.405396	
176	1.000187	0.000129	1.102173	-0.000129	1.000187	0.361023	
177	1.000200	0.000144	1.095703	-0.000144	1.000200	0.446106	
178	1.000144	0.000160	1.101379	-0.000160	1.000144	0.492981	
179	1.000178	0.000117	1.130066	-0.000117	1.000178	0.321899	
180	1.000167	0.000149	1.147461	-0.000149	1.000167	0.446655	
181	1.000237	0.000157	1.020996	-0.000157	1.000237	0.289001	
182	1.000270	0.000181	1.021729	-0.000181	1.000270	0.378845	
183	1.000219	0.000184	1.176819	-0.000184	1.000219	0.605286	
184	1.000286	0.000181	1.056091	-0.000181	1.000286	0.377625	
185	1.000340	0.000159	0.974854	-0.000159	1.000340	0.424988	
186	1.000284	0.000185	1.096313	-0.000185	1.000284	0.551147	
187	1.000330	0.000134	0.993713	-0.000134	1.000330	0.581543	
188	1.000420	0.000235	0.848816	-0.000235	1.000420	0.755249	
189	1.000467	0.000149	0.839111	-0.000149	1.000467	0.659363	
190	1.000517	0.000251	0.768311	-0.000251	1.000517	0.968140	
191	1.000589	0.000156	0.812866	-0.000156	1.000589	0.941711	
192	1.000627	0.000219	0.694946	-0.000219	1.000627	1.122131	
193	1.000671	0.000214	0.521606	-0.000214	1.000671	1.157349	
194	1.000779	0.000251	0.478027	-0.000251	1.000779	1.232971	
195	1.000822	0.000312	0.186340	-0.000312	1.000822	1.556702	
196	1.000859	0.000342	-0.071838	-0.000342	1.000859	1.556702	
197	1.000971	0.000391	-0.391479	-0.000391	1.000971	1.702942	
198	1.001009	0.000583	-0.787659	-0.000583	1.001009	1.864075	
199	1.001122	0.000665	-1.342163	-0.000665	1.001122	1.945190	
200	1.001135	0.000796	-1.853210	-0.000796	1.001135	2.176941	
201	1.001161	0.000982	-2.381348	-0.000982	1.001161	2.460449	
202	1.001203	0.001164	-2.888062	-0.001164	1.001203	2.715942	
203	1.001241	0.001316	-3.413208	-0.001316	1.001241	2.889160	
204	1.001307	0.001472	-4.012390	-0.001472	1.001307	3.137207	
205	1.001291	0.001586	-4.223694	-0.001586	1.001291	3.272278	
206	1.001300	0.001432	-4.462158	-0.001432	1.001300	2.963257	
207	1.001458	0.001810	-4.935486	-0.001810	1.001458	3.491211	
208	1.001561	0.001813	-5.158325	-0.001813	1.001561	3.528748	
209	1.001575	0.001761	-5.269592	-0.001761	1.001575	3.475342	
210	1.001477	0.001905	-5.344055	-0.001905	1.001477	3.739014	
211	1.001528	0.001873	-5.414185	-0.001873	1.001528	3.663391	
212	1.001672	0.001827	-5.469055	-0.001827	1.001672	3.615906	
213	1.001575	0.001853	-5.356262	-0.001853	1.001575	3.764648	
214	1.001712	0.001710	-5.309875	-0.001710	1.001712	3.425659	
215	1.001488	0.001672	-5.031738	-0.001672	1.001488	3.567932	
216	1.001574	0.001828	-5.202148	-0.001828	1.001574	3.859314	
217	1.001779	0.001627	-5.125793	-0.001627	1.001779	3.497131	
218	1.001587	0.001655	-4.783630	-0.001655	1.001587	3.646362	
219	1.001636	0.001574	-4.759094	-0.001574	1.001636	3.529053	
220	1.001600	0.001707	-4.852905	-0.001707	1.001600	3.791077	
221	1.001622	0.001289	-4.550171	-0.001289	1.001622	3.184143	
222	1.001643	0.001443	-4.569519	-0.001443	1.001643	3.400574	
223	1.001650	0.001503	-4.456360	-0.001503	1.001650	3.592102	
224	1.001660	0.001182	-4.197876	-0.001182	1.001660	3.072571	
225	1.001733	0.001443	-4.314209	-0.001443	1.001733	3.523193	
226	1.001756	0.001305	-4.176819	-0.001305	1.001756	3.425781	
227	1.001678	0.001274	-3.951172	-0.001274	1.001678	3.168823	
228	1.001696	0.001118	-3.776367	-0.001118	1.001696	3.060272	
229	1.001693	0.001095	-3.644409	-0.001095	1.001693	3.060608	
230	1.001629	0.001132	-3.559631	-0.001132	1.001629	3.150879	
231	1.001792	0.001173	-3.588379	-0.001173	1.001792	3.053223	
232	1.001612	0.001022	-3.304138	-0.001022	1.001612	3.176270	
233	1.001652	0.001060	-3.200378	-0.001060	1.001652	3.000671	
234	1.001649	0.001069	-3.101379	-0.001069	1.001649	2.988403	
235	1.001699	0.000958	-2.948792	-0.000958	1.001699	2.933411	
236	1.001598	0.000947	-2.733032	-0.000947	1.001598	2.994324	
237	1.001627	0.000850	-2.515747	-0.000850	1.001627	2.837158	
238	1.001625	0.000833	-2.303101	-0.000833	1.001625	2.714172	
239	1.001598	0.000757	-2.140625	-0.000757	1.001598	2.720947	
240	1.001633	0.000615	-1.890930	-0.000615	1.001633	2.393677	
241	1.001556	0.000574	-1.715210	-0.000574	1.001556	2.468994	
242	1.001623	0.000535	-1.521240	-0.000535	1.001623	2.300964	
243	1.001499	0.000420	-1.226807	-0.000420	1.001499	2.281250	
244	1.001535	0.000468	-1.162231	-0.000468	1.001535	2.226807	
245	1.001544	0.000219	-0.938232	-0.000219	1.001544	1.956329	
246	1.001468	0.000373	-0.752014	-0.000373	1.001468	2.192993	
247	1.001550	0.000319	-0.800354	-0.000319	1.001550	2.145935	
248	1.001460	0.000258	-0.618896	-0.000258	1.001460	2.069885	
249	1.001475	0.000282	-0.647705	-0.000282	1.001475	2.094360	
250	1.001500	0.000160	-0.564209	-0.000160	1.001500	1.894714	
251	1.001416	0.000142	-0.414429	-0.000142	1.001416	1.971771	
252	1.001460	0.000171	-0.341248	-0.000171	1.001460	1.954010	
253	1.001410	0.000244	-0.375427	-0.000244	1.001410	2.023132	
254	1.001420	0.000147	-0.195435	-0.000147	1.001420	1.960052	
255	1.001436	0.000153	-0.160889	-0.000153	1.001436	1.955627	
256	1.001446	0.000137	-0.100464	-0.000137	1.001446	1.872894	
257	1.001489	-0.000068	0.183350	0.000068	1.001489	1.748962	
258	1.001465	-0.000014	0.497986	0.000014	1.001465	1.743896	
259	1.001498	-0.000248	1.029846	0.000248	1.001498	1.351990	
260	1.001446	-0.000469	1.691284	0.000469	1.001446	1.351379	
261	1.001402	-0.000693	2.451904	0.000693	1.001402	1.112946	
262	1.001521	-0.001061	3.087646	0.001061	1.001521	0.727814	
263	1.001476	-0.001252	3.778748	0.001252	1.001476	0.511627	
264	1.001245	-0.001306	4.539673	0.001306	1.001245	0.448242	
265	1.001543	-0.001712	5.006653	0.001712	1.001543	0.024536	
266	1.001388	-0.001687	5.566589	0.001687	1.001388	0.195435	
267	1.001441	-0.001812	5.917908	0.001812	1.001441	0.016998	
268	1.001073	-0.001759	6.337341	0.001759	1.001073	0.036896	
269	1.001465	-0.002149	6.610718	0.002149	1.001465	-0.211060	
270	1.001334	-0.002107	6.771912	0.002107	1.001334	-0.099854	
271	1.001598	-0.002135	6.490723	0.002135	1.001598	-0.255157	
272	1.001473	-0.002228	6.770020	0.002228	1.001473	-0.441803	
273	1.001299	-0.002050	6.726929	0.002050	1.001299	-0.106506	
274	1.001241	-0.002013	6.372742	0.002013	1.001241	-0.219910	
275	1.001567	-0.001944	5.618896	0.001944	1.001567	-0.170441	
276	1.001507	-0.001731	5.006348	0.001731	1.001507	0.057098	
277	1.001393	-0.001385	4.502441	0.001385	1.001393	0.562805	
278	1.001465	-0.001271	3.805664	0.001271	1.001465	0.528168	
279	1.001431	-0.001052	3.336914	0.001052	1.001431	0.833740	
280	1.001441	-0.000800	2.975342	0.000800	1.001441	0.991913	
281	1.001351	-0.000812	2.746643	0.000812	1.001351	0.984558	
282	1.001446	-0.000712	2.435974	0.000712	1.001446	1.189758	
283	1.001418	-0.000597	2.204224	0.000597	1.001418	1.300354	
284	1.001420	-0.000535	1.915710	0.000535	1.001420	1.189697	
285	1.001425	-0.000481	1.585205	0.000481	1.001425	1.277344	
286	1.001367	-0.000359	1.337830	0.000359	1.001367	1.497253	
287	1.001481	-0.000239	0.957886	0.000239	1.001481	1.443481	
288	1.001480	-0.000308	0.734497	0.000308	1.001480	1.394409	
289	1.001448	-0.000067	0.424622	0.000067	1.001448	1.685852	
290	1.001430	-0.000004	0.187683	0.000004	1.001430	1.878265	
291	1.001395	0.000131	0.002014	-0.000131	1.001395	1.889526	
292	1.001392	0.000031	0.069397	-0.000031	1.001392	1.772339	
293	1.001416	0.000002	-0.023804	-0.000002	1.001416	1.784363	
294	1.001453	0.000031	-0.103943	-0.000031	1.001453	1.736115	
295	1.001389	-0.000028	-0.035889	0.000028	1.001389	1.853455	
296	1.001369	0.000017	-0.031372	-0.000017	1.001369	1.868317	
297	1.001468	0.000015	-0.106018	-0.000015	1.001468	1.759888	
298	1.001401	0.000034	-0.071594	-0.000034	1.001401	1.858765	
299	1.001444	0.000031	-0.186157	-0.000031	1.001444	1.808319	
300	1.001442	0.000048	-0.149841	-0.000048	1.001442	1.921265	
301	1.001377	0.000031	-0.156677	-0.000031	1.001377	1.833038	
302	1.001478	0.000057	-0.288513	-0.000057	1.001478	1.862030	
303	1.001405	0.000002	-0.217468	-0.000002	1.001405	1.935211	
304	1.001452	0.000074	-0.307861	-0.000074	1.001452	1.931519	
305	1.001428	-0.000014	-0.303223	0.000014	1.001428	1.973999	
306	1.001438	0.000016	-0.459045	-0.000016	1.001438	1.922974	
307	1.001426	0.000129	-0.583191	-0.000129	1.001426	2.111481	
308	1.001474	0.000033	-0.594299	-0.000033	1.001474	1.932465	
309	1.001450	0.000026	-0.721985	-0.000026	1.001450	2.050385	
310	1.001429	0.000083	-0.692810	-0.000083	1.001429	2.146790	
311	1.001457	0.000041	-0.640747	-0.000041	1.001457	2.089752	
312	1.001456	0.000045	-0.795898	-0.000045	1.001456	2.039825	
313	1.001397	0.000056	-0.774048	-0.000056	1.001397	2.175995	
314	1.001463	-0.000019	-0.749512	0.000019	1.001463	2.039978	
315	1.001517	0.000134	-0.954224	-0.000134	1.001517	2.172791	
316	1.001437	0.000092	-0.809143	-0.000092	1.001437	2.234680	
317	1.001414	0.000176	-0.936340	-0.000176	1.001414	2.289886	
318	1.001493	0.000135	-1.062866	-0.000135	1.001493	2.315277	
319	1.001446	0.000137	-1.091431	-0.000137	1.001446	2.208008	
320	1.001479	0.000210	-1.343933	-0.000210	1.001479	2.426788	
321	1.001444	0.000182	-1.519287	-0.000182	1.001444	2.404205	
322	1.001418	0.000269	-1.755676	-0.000269	1.001418	2.529236	
323	1.001417	0.000329	-1.977173	-0.000329	1.001417	2.476074	
324	1.001307	0.000275	-1.953674	-0.000275	1.001307	2.413239	
325	1.001306	0.000353	-2.270081	-0.000353	1.001306	2.576141	
326	1.001343	0.000405	-2.508179	-0.000405	1.001343	2.601624	
327	1.001330	0.000438	-2.600647	-0.000438	1.001330	2.511200	
328	1.001207	0.000486	-2.673462	-0.000486	1.001207	2.520752	
329	1.001300	0.000524	-3.014282	-0.000524	1.001300	2.494476	
330	1.001275	0.000642	-3.195129	-0.000642	1.001275	2.619720	
331	1.001252	0.000641	-3.418945	-0.000641	1.001252	2.589813	
332	1.001238	0.000677	-3.609436	-0.000677	1.001238	2.516815	
333	1.001256	0.000835	-3.910095	-0.000835	1.001256	2.615417	
334	1.001174	0.000887	-4.035889	-0.000887	1.001174	2.673798	
335	1.001118	0.000910	-4.223083	-0.000910	1.001118	2.613739	
336	1.001123	0.001010	-4.354431	-0.001010	1.001123	2.732452	
337	1.001011	0.000984	-4.371216	-0.000984	1.001011	2.793060	
338	1.001016	0.001023	-4.436096	-0.001023	1.001016	2.520660	
339	1.001038	0.001025	-4.636841	-0.001025	1.001038	2.554871	
340	1.000950	0.001073	-4.633301	-0.001073	1.000950	2.692719	
341	1.000958	0.001075	-4.687927	-0.001075	1.000958	2.459961	
342	1.000916	0.001100	-4.747314	-0.001100	1.000916	2.609680	
343	1.000893	0.001077	-4.780090	-0.001077	1.000893	2.507751	
344	1.000900	0.001092	-4.924561	-0.001092	1.000900	2.497589	
345	1.000886	0.001071	-4.920288	-0.001071	1.000886	2.391022	
346	1.000854	0.001066	-4.925354	-0.001066	1.000854	2.393097	
347	1.000826	0.001035	-5.012390	-0.001035	1.000826	2.246399	
348	1.000785	0.001036	-4.976746	-0.001036	1.000785	2.417847	
349	1.000785	0.000998	-4.882019	-0.000998	1.000785	2.267639	
350	1.000761	0.000938	-4.760071	-0.000938	1.000761	2.196014	
351	1.000742	0.000889	-4.647522	-0.000889	1.000742	2.090240	
352	1.000739	0.000823	-4.495178	-0.000823	1.000739	2.033875	
353	1.000698	0.000694	-4.269104	-0.000694	1.000698	1.834473	
354	1.000680	0.000707	-4.099854	-0.000707	1.000680	1.808838	
355	1.000629	0.000592	-3.830322	-0.000592	1.000629	1.807190	
356	1.000607	0.000490	-3.565063	-0.000490	1.000607	1.671661	
357	1.000675	0.000487	-3.481812	-0.000487	1.000675	1.620728	
358	1.000621	0.000382	-3.287781	-0.000382	1.000621	1.483307	
359	1.000662	0.000317	-3.123840	-0.000317	1.000662	1.275879	
360	1.000678	0.000303	-3.009399	-0.000303	1.000678	1.425720	
361	1.000674	0.000242	-2.915649	-0.000242	1.000674	1.294403	
362	1.000682	0.000239	-2.717529	-0.000239	1.000682	1.244934	
363	1.000644	0.000204	-2.533691	-0.000204	1.000644	1.299255	
364	1.000635	0.000164	-2.445862	-0.000164	1.000635	1.225159	
365	1.000588	0.000087	-2.240295	-0.000087	1.000588	1.138824	
366	1.000556	0.000133	-2.082520	-0.000133	1.000556	1.128571	
367	1.000581	0.000100	-2.060425	-0.000100	1.000581	1.106323	
368	1.000507	0.000069	-1.839355	-0.000069	1.000507	1.054016	
369	1.000487	0.000057	-1.822021	-0.000057	1.000487	1.089539	
370	1.000496	0.000090	-1.743103	-0.000090	1.000496	1.088013	
371	1.000448	0.000013	-1.563110	-0.000013	1.000448	0.991577	
372	1.000425	0.000009	-1.386169	-0.000009	1.000425	0.913940	
373	1.000443	-0.000073	-1.078247	0.000073	1.000443	0.888062	
374	1.000429	-0.000212	-0.635132	0.000212	1.000429	0.666138	
375	1.000407	-0.000406	0.326172	0.000406	1.000407	0.449585	
376	1.000425	-0.000655	1.204773	0.000655	1.000425	0.187317	
377	1.000406	-0.001047	2.402466	0.001047	1.000406	-0.278625	
378	1.000412	-0.001375	3.468201	0.001375	1.000412	-0.665344	
379	1.000375	-0.001797	4.663147	0.001797	1.000375	-1.161316	
380	1.000371	-0.002030	5.679260	0.002030	1.000371	-1.413147	
381	1.000401	-0.002326	6.600769	0.002326	1.000401	-1.766052	
382	1.000394	-0.002626	7.313660	0.002626	1.000394	-2.042542	
383	1.000410	-0.002809	7.945801	0.002809	1.000410	-2.213379	
384	1.000463	-0.002944	8.371033	0.002944	1.000463	-2.477722	
385	1.000197	-0.003026	8.963928	0.003026	1.000197	-2.358276	
386	1.000400	-0.003158	9.078308	0.003158	1.000400	-2.608826	
387	1.000099	-0.003014	9.173035	0.003014	1.000099	-2.404053	
388	1.000412	-0.003075	8.805603	0.003075	1.000412	-2.557983	
389	1.000363	-0.002933	8.490784	0.002933	1.000363	-2.607422	
390	1.000517	-0.002869	7.909668	0.002869	1.000517	-2.537903	
391	1.000073	-0.002648	7.799988	0.002648	1.000073	-2.083313	
392	1.000339	-0.002511	7.176331	0.002511	1.000339	-2.020935	
393	1.000379	-0.002268	6.569031	0.002268	1.000379	-1.941589	
394	1.000344	-0.002155	6.179077	0.002155	1.000344	-1.755432	
395	1.000274	-0.001983	5.764038	0.001983	1.000274	-1.648376	
396	1.000292	-0.001917	5.408752	0.001917	1.000292	-1.503418	
397	1.000328	-0.001806	5.021545	0.001806	1.000328	-1.442444	
398	1.000332	-0.001702	4.843933	0.001702	1.000332	-1.344482	
399	1.000258	-0.001635	4.737244	0.001635	1.000258	-1.318481	
400	1.000323	-0.001593	4.358765	0.001593	1.000323	-1.161255	
401	1.000315	-0.001514	4.215393	0.001514	1.000315	-1.244568	
402	1.000298	-0.001435	3.994446	0.001435	1.000298	-1.071350	
403	1.000260	-0.001279	3.621887	0.001279	1.000260	-0.902588	
404	1.000204	-0.001178	3.331726	0.001178	1.000204	-0.801392	
405	1.000269	-0.001060	2.898560	0.001060	1.000269	-0.791199	
406	1.000314	-0.000899	2.407654	0.000899	1.000314	-0.643250	
407	1.000282	-0.000822	2.100159	0.000822	1.000282	-0.526245	
408	1.000218	-0.000717	1.803711	0.000717	1.000218	-0.355347	
409	1.000231	-0.000585	1.611755	0.000585	1.000231	-0.297180	
410	1.000292	-0.000535	1.414429	0.000535	1.000292	-0.269409	
411	1.000181	-0.000451	1.391541	0.000451	1.000181	-0.005066	
412	1.000184	-0.000451	1.130859	0.000451	1.000184	-0.088196	
413	1.000206	-0.000292	0.927612	0.000292	1.000206	0.088013	
414	1.000261	-0.000212	0.621399	0.000212	1.000261	0.058289	
415	1.000206	-0.000272	0.312317	0.000272	1.000206	0.142273	
416	1.000247	-0.000026	-0.179382	0.000026	1.000247	0.312683	
417	1.000223	-0.000023	-0.475952	0.000023	1.000223	0.446228	
418	1.000227	0.000117	-1.136475	-0.000117	1.000227	0.592346	
419	1.000223	0.000149	-1.379761	-0.000149	1.000223	0.441223	
420	1.000224	0.000266	-1.812561	-0.000266	1.000224	0.675415	
421	1.000270	0.000337	-2.190613	-0.000337	1.000270	0.649658	
422	1.000179	0.000372	-2.675476	-0.000372	1.000179	0.836792	
423	1.000158	0.000413	-2.956543	-0.000413	1.000158	0.894043	
424	1.000147	0.000442	-3.281860	-0.000442	1.000147	0.951050	
425	1.000202	0.000554	-3.607727	-0.000554	1.000202	0.990173	
426	1.000190	0.000602	-3.936462	-0.000602	1.000190	1.082214	
427	1.000129	0.000653	-4.224243	-0.000653	1.000129	1.135803	
428	1.000110	0.000682	-4.500488	-0.000682	1.000110	1.132263	
429	1.000108	0.000795	-4.736633	-0.000795	1.000108	1.210022	
430	1.000186	0.000786	-5.023438	-0.000786	1.000186	1.165161	
431	1.000116	0.000764	-5.171387	-0.000764	1.000116	1.200684	
432	1.000098	0.000752	-5.284729	-0.000752	1.000098	1.150208	
433	1.000078	0.000736	-5.312012	-0.000736	1.000078	1.180786	
434	1.000119	0.000776	-5.521667	-0.000776	1.000119	1.143738	
435	1.000101	0.000795	-5.610229	-0.000795	1.000101	1.179871	
436	1.000080	0.000727	-5.602661	-0.000727	1.000080	1.133667	
437	1.000073	0.000729	-5.608459	-0.000729	1.000073	1.155151	
438	1.000073	0.000679	-5.660583	-0.000679	1.000073	1.152710	
439	1.000061	0.000724	-5.735046	-0.000724	1.000061	1.124084	
440	1.000057	0.000627	-5.615845	-0.000627	1.000057	1.035034	
441	1.000005	0.000506	-5.489624	-0.000506	1.000005	0.968872	
442	1.000042	0.000480	-5.433350	-0.000480	1.000042	0.857544	
443	1.000012	0.000394	-5.347961	-0.000394	1.000012	0.909058	
444	1.000040	0.000332	-5.285522	-0.000332	1.000040	0.811096	
445	1.000022	0.000246	-5.139160	-0.000246	1.000022	0.667542	
446	0.999983	0.000175	-5.146057	-0.000175	0.999983	0.639404	
447	1.000014	0.000095	-4.921692	-0.000095	1.000014	0.490234	
448	0.999982	0.000162	-5.071716	-0.000162	0.999982	0.564270	
449	0.999966	0.000042	-5.217102	-0.000042	0.999966	0.496216	
450	0.999884	-0.000018	-4.705933	0.000018	0.999884	0.516235	
451	0.999921	0.000001	-4.973938	-0.000001	0.999921	0.461792	
452	0.999938	-0.000061	-4.594238	0.000061	0.999938	0.278259	
453	1.000013	-0.000058	-4.659485	0.000058	1.000013	0.382324	
454	0.999852	-0.000148	-4.197693	0.000148	0.999852	0.305420	
455	0.999935	-0.000235	-4.021790	0.000235	0.999935	0.023926	
456	0.999961	-0.000068	-3.867859	0.000068	0.999961	0.213623	
457	0.999892	-0.000324	-3.480591	0.000324	0.999892	-0.178650	
458	0.999907	-0.000104	-3.402893	0.000104	0.999907	0.280273	
459	0.999789	-0.000274	-2.974060	0.000274	0.999789	-0.117798	
460	0.999968	-0.000108	-3.013184	0.000108	0.999968	0.091309	
461	0.999948	-0.000130	-2.888672	0.000130	0.999948	0.070740	
462	0.999910	-0.000073	-2.723694	0.000073	0.999910	0.225098	
463	0.999940	-0.000043	-2.613281	0.000043	0.999940	0.088257	
464	0.999912	-0.000155	-2.460999	0.000155	0.999912	-0.016235	
465	0.999762	-0.000186	-2.193787	0.000186	0.999762	0.133423	
466	1.000030	0.000019	-2.493591	-0.000019	1.000030	0.080872	
467	0.999801	-0.000244	-2.012634	0.000244	0.999801	-0.055359	
468	0.999963	-0.000046	-2.129456	0.000046	0.999963	0.022095	
469	0.999787	-0.000145	-1.790344	0.000145	0.999787	-0.046387	
470	0.999936	-0.000101	-1.741821	0.000101	0.999936	-0.041931	
471	0.999966	-0.000013	-1.727356	0.000013	0.999966	0.003967	
472	0.999885	-0.000066	-1.548767	0.000066	0.999885	-0.067200	
473	0.999819	-0.000135	-1.289917	0.000135	0.999819	-0.025330	
474	0.999964	-0.000044	-1.342346	0.000044	0.999964	0.122009	
475	0.999974	-0.000021	-1.296814	0.000021	0.999974	0.047302	
476	0.999932	0.000016	-1.173340	-0.000016	0.999932	-0.046570	
477	0.999886	-0.000074	-0.900818	0.000074	0.999886	-0.097534	
478	0.999961	-0.000019	-0.969727	0.000019	0.999961	0.022644	
479	1.000005	-0.000005	-0.974304	0.000005	1.000005	0.049927	
480	0.999929	-0.000018	-0.748474	0.000018	0.999929	-0.035583	
481	0.999886	-0.000050	-0.583923	0.000050	0.999886	0.076355	
482	1.000005	0.000076	-0.677551	-0.000076	1.000005	-0.000916	
483	1.000006	0.000041	-0.602356	-0.000041	1.000006	0.127991	
484	0.999854	-0.000108	-0.348083	0.000108	0.999854	0.029602	
485	1.000063	0.000098	-0.596558	-0.000098	1.000063	0.083923	
486	0.999957	-0.000025	-0.321472	0.000025	0.999957	-0.020569	
487	0.999916	-0.000048	-0.259338	0.000048	0.999916	-0.100647	
488	1.000035	0.000072	-0.468079	-0.000072	1.000035	-0.042236	
489	1.000033	-0.000013	-0.306763	0.000013	1.000033	-0.166565	
490	1.000001	0.000012	-0.452087	-0.000012	1.000001	-0.188782	
491	1.000136	0.000055	-0.411743	-0.000055	1.000136	-0.248840	
492	1.000008	-0.000050	-0.342468	0.000050	1.000008	-0.195862	
493	1.000101	0.000007	-0.375610	-0.000007	1.000101	-0.431885	
494	1.000048	0.000026	-0.430054	-0.000026	1.000048	-0.457764	
495	1.000190	0.000036	-0.439392	-0.000036	1.000190	-0.470581	
496	1.000165	-0.000029	-0.380188	0.000029	1.000165	-0.626892	
497	1.000260	0.000040	-0.483154	-0.000040	1.000260	-0.724548	
498	1.000275	-0.000009	-0.469543	0.000009	1.000275	-0.821350	
499	1.000237	0.000024	-0.668579	-0.000024	1.000237	-0.860229	
500	1.000394	0.000002	-0.548950	-0.000002	1.000394	-0.957886	
501	1.000326	0.000016	-0.635132	-0.000016	1.000326	-1.090637	
502	1.000429	0.000005	-0.536865	-0.000005	1.000429	-1.181091	
503	1.000436	-0.000007	-0.577881	0.000007	1.000436	-1.199280	
504	1.000366	0.000050	-0.594849	-0.000050	1.000366	-1.185120	
505	1.000484	0.000045	-0.772644	-0.000045	1.000484	-1.373535	
506	1.000550	-0.000008	-0.667358	0.000008	1.000550	-1.432983	
507	1.000461	-0.000029	-0.677185	0.000029	1.000461	-1.491821	
508	1.000625	0.000124	-0.820190	-0.000124	1.000625	-1.418640	
509	1.000520	-0.000089	-0.704773	0.000089	1.000520	-1.642090	
510	1.000594	0.000084	-0.900269	-0.000084	1.000594	-1.577637	
511	1.000533	0.000003	-0.796631	-0.000003	1.000533	-1.649902	
512	1.000575	0.000069	-0.727112	-0.000069	1.000575	-1.608887	
513	1.000629	0.000055	-0.851196	-0.000055	1.000629	-1.692627	
514	1.000580	0.000009	-0.888855	-0.000009	1.000580	-1.648010	
515	1.000635	0.000083	-0.849976	-0.000083	1.000635	-1.587097	
516	1.000618	-0.000003	-0.931274	0.000003	1.000618	-1.744385	
517	1.000644	0.000007	-0.781555	-0.000007	1.000644	-1.712830	
518	1.000602	0.000131	-0.792236	-0.000131	1.000602	-1.555786	
519	1.000617	0.000044	-0.854004	-0.000044	1.000617	-1.579346	
520	1.000544	-0.000018	-0.650330	0.000018	1.000544	-1.670105	
521	1.000583	0.000099	-0.734802	-0.000099	1.000583	-1.471741	
522	1.000624	0.000102	-0.864136	-0.000102	1.000624	-1.603638	
523	1.000503	0.000065	-0.481506	-0.000065	1.000503	-1.693176	
524	1.000540	0.000023	-1.086548	-0.000023	1.000540	-1.696228	
525	1.000514	0.000037	-0.677734	-0.000037	1.000514	-1.738831	
526	1.000471	0.000002	-1.025024	-0.000002	1.000471	-1.765320	
527	1.000445	0.000068	-1.235413	-0.000068	1.000445	-1.602600	
528	1.000465	0.000063	-1.318359	-0.000063	1.000465	-1.570557	
529	1.000242	-0.000016	-1.296997	0.000016	1.000242	-1.718750	
530	1.000485	0.000060	-1.635010	-0.000060	1.000485	-1.672668	
531	1.000308	-0.000006	-1.529480	0.000006	1.000308	-1.674683	
532	1.000290	-0.000016	-1.832275	0.000016	1.000290	-1.362488	
533	1.000228	-0.000025	-1.917419	0.000025	1.000228	-1.476501	
534	1.000166	-0.000128	-1.976379	0.000128	1.000166	-1.390442	
535	1.000145	-0.000118	-2.218018	0.000118	1.000145	-1.321350	
536	1.000166	-0.000022	-2.453247	0.000022	1.000166	-1.338318	
537	1.000047	-0.000109	-2.381165	0.000109	1.000047	-1.139252	
538	1.000106	-0.000058	-2.471497	0.000058	1.000106	-1.271820	
539	1.000057	-0.000104	-2.565125	0.000104	1.000057	-1.243530	
540	1.000059	-0.000102	-2.659729	0.000102	1.000059	-1.367157	
541	1.000105	-0.000041	-2.803528	0.000041	1.000105	-1.439056	
542	1.000079	-0.000050	-2.865234	0.000050	1.000079	-1.343719	
543	1.000054	-0.000069	-2.995422	0.000069	1.000054	-1.262054	
544	1.000071	-0.000061	-3.061157	0.000061	1.000071	-1.358948	
545	1.000103	-0.000067	-3.210876	0.000067	1.000103	-1.364258	
546	1.000024	-0.000107	-3.264893	0.000107	1.000024	-1.337708	
547	1.000033	-0.000145	-3.427979	0.000145	1.000033	-1.381958	
548	0.999970	-0.000130	-3.359802	0.000130	0.999970	-1.312195	
549	1.000012	-0.000157	-3.782837	0.000157	1.000012	-1.257172	
550	0.999962	-0.000157	-3.801636	0.000157	0.999962	-1.233856	
551	0.999927	-0.000149	-3.873901	0.000149	0.999927	-1.158722	
552	0.999950	-0.000196	-4.079041	0.000196	0.999950	-1.140076	
553	0.999911	-0.000166	-4.147461	0.000166	0.999911	-1.111694	
554	0.999971	-0.000172	-4.375610	0.000172	0.999971	-1.082397	
555	0.999872	-0.000195	-4.315186	0.000195	0.999872	-1.084717	
556	0.999848	-0.000126	-4.431824	0.000126	0.999848	-0.834625	
557	0.999807	-0.000177	-4.522705	0.000177	0.999807	-0.855225	
558	0.999837	-0.000153	-4.635132	0.000153	0.999837	-0.792816	
559	0.999704	-0.000189	-4.592834	0.000189	0.999704	-0.765594	
560	0.999771	-0.000094	-4.814331	0.000094	0.999771	-0.615906	
561	0.999662	-0.000188	-4.764954	0.000188	0.999662	-0.699677	
562	0.999707	-0.000092	-4.888062	0.000092	0.999707	-0.712158	
563	0.999647	-0.000157	-4.967590	0.000157	0.999647	-0.684601	
564	0.999577	-0.000215	-4.986938	0.000215	0.999577	-0.718903	
565	0.999804	-0.000210	-5.292786	0.000210	0.999804	-0.770081	
566	0.999435	-0.000238	-5.234741	0.000238	0.999435	-0.517334	
567	0.999471	-0.000230	-5.344849	0.000230	0.999471	-0.513092	
568	0.999529	-0.000272	-5.425964	0.000272	0.999529	-0.504333	
569	0.999731	-0.000232	-5.834229	0.000232	0.999731	-0.607056	
570	0.999568	-0.000181	-5.772217	0.000181	0.999568	-0.415222	
571	0.999546	-0.000155	-6.018188	0.000155	0.999546	-0.229370	
572	0.999464	-0.000216	-5.977966	0.000216	0.999464	-0.357849	
573	0.999696	-0.000238	-6.073120	0.000238	0.999696	-0.492279	
574	0.999629	-0.000099	-6.257751	0.000099	0.999629	-0.281982	
575	0.999384	-0.000173	-6.226440	0.000173	0.999384	-0.026306	
576	0.999900	-0.000281	-6.510193	0.000281	0.999900	-0.597778	
577	0.999190	-0.000235	-6.031372	0.000235	0.999190	-0.170013	
578	0.999348	-0.000286	-6.459351	0.000286	0.999348	-0.262573	
579	0.999243	-0.000204	-6.518005	0.000204	0.999243	-0.047241	
580	0.999402	-0.000195	-6.800537	0.000195	0.999402	-0.174500	
581	0.999136	-0.000132	-6.555542	0.000132	0.999136	0.176880	
582	0.999239	-0.000362	-6.447205	0.000362	0.999239	-0.169159	
583	0.999448	-0.000331	-6.798706	0.000331	0.999448	-0.014984	
584	0.998899	-0.000289	-6.631165	0.000289	0.998899	0.101746	
585	0.999556	-0.000379	-7.193604	0.000379	0.999556	-0.001831	
586	0.999657	-0.000346	-7.062378	0.000346	0.999657	-0.106079	
587	0.999051	-0.000470	-6.751526	0.000470	0.999051	-0.080261	
588	0.999110	-0.000152	-7.437317	0.000152	0.999110	0.502197	
589	0.999255	-0.000110	-7.562134	0.000110	0.999255	0.492432	
590	0.999194	-0.000166	-7.697998	0.000166	0.999194	0.383179	
591	0.998786	-0.000181	-6.969116	0.000181	0.998786	0.435730	
592	0.999064	-0.000376	-7.307312	0.000376	0.999064	0.196777	
593	0.999457	-0.000141	-7.939392	0.000141	0.999457	0.306641	
594	0.998951	-0.000392	-7.287842	0.000392	0.998951	0.349854	
595	0.998653	-0.000276	-7.045593	0.000276	0.998653	0.351746	
596	0.998995	-0.000330	-7.688416	0.000330	0.998995	0.516296	
597	0.999376	-0.000544	-7.571533	0.000544	0.999376	0.146088	
598	0.999488	-0.000182	-8.412720	0.000182	0.999488	0.327332	
599	0.998892	-0.000520	-7.381348	0.000520	0.998892	0.364716	
600	0.999178	-0.000710	-7.685669	0.000710	0.999178	-0.106934	
601	0.998717	-0.001103	-6.054688	0.001103	0.998717	-0.116211	
602	0.998822	-0.001323	-4.674133	0.001323	0.998822	-0.540985	
603	0.999118	-0.002031	-2.884399	0.002031	0.999118	-1.307739	
604	0.999099	-0.002820	0.250549	0.002820	0.999099	-2.172760	
605	0.998213	-0.004082	5.019531	0.004082	0.998213	-2.881439	
606	0.998468	-0.005913	9.106140	0.005913	0.998468	-4.561310	
607	0.997713	-0.007125	14.548645	0.007125	0.997713	-5.751190	
608	0.997680	-0.008108	18.791565	0.008108	0.997680	-6.798981	
609	0.997943	-0.009795	23.163757	0.009795	0.997943	-8.281067	
610	1.001258	-0.011355	23.145508	0.011355	1.001258	-11.889496	
611	0.998943	-0.012350	29.311462	0.012350	0.998943	-11.288971	
612	0.996969	-0.012660	33.088257	0.012660	0.996969	-10.910522	
613	0.998442	-0.014628	34.740112	0.014628	0.998442	-13.171326	
614	0.998468	-0.014059	36.272705	0.014059	0.998468	-12.763550	
615	1.003396	-0.014402	32.032104	0.014402	1.003396	-15.475342	
616	0.992154	-0.014345	43.178284	0.014345	0.992154	-10.072083	
617	1.004801	-0.015588	33.142090	0.015588	1.004801	-17.580170	
618	1.004290	-0.016358	35.126831	0.016358	1.004290	-18.258667	
619	0.993994	-0.018011	46.461548	0.018011	0.993994	-12.329468	
620	1.005444	-0.014826	34.031860	0.014826	1.005444	-16.272308	
621	1.005783	-0.015778	34.840088	0.015778	1.005783	-17.705078	
622	1.000737	-0.017001	41.186462	0.017001	1.000737	-16.560730	
623	1.000213	-0.017255	41.898438	0.017255	1.000213	-16.709656	
624	1.000587	-0.017351	41.047791	0.017351	1.000587	-17.118958	
625	1.004300	-0.014687	35.475830	0.014687	1.004300	-15.734039	
626	1.001431	-0.016005	36.389526	0.016005	1.001431	-16.470734	
627	1.000906	-0.014244	33.316833	0.014244	1.000906	-14.356262	
628	1.000578	-0.012549	29.753906	0.012549	1.000578	-12.518677	
629	1.000942	-0.009562	25.042358	0.009562	1.000942	-9.521027	
630	1.002700	-0.008613	18.053101	0.008613	1.002700	-9.891296	
631	1.000154	-0.006819	17.173706	0.006819	1.000154	-6.974091	
632	1.000311	-0.006354	13.291992	0.006354	1.000311	-6.533386	
633	0.999685	-0.004427	11.160828	0.004427	0.999685	-4.320465	
634	0.999633	-0.003771	8.574036	0.003771	0.999633	-3.499420	
635	0.999715	-0.003210	6.846924	0.003210	0.999715	-2.994415	
636	0.999707	-0.002835	5.535278	0.002835	0.999707	-2.487183	
637	0.999633	-0.002599	5.013062	0.002599	0.999633	-2.060791	
638	0.999766	-0.002213	4.005371	0.002213	0.999766	-2.005066	
639	0.999681	-0.001967	3.367004	0.001967	0.999681	-1.378174	
640	0.999730	-0.001727	2.576538	0.001727	0.999730	-1.482483	
641	0.999856	-0.001364	1.667297	0.001364	0.999856	-1.076660	
642	0.999784	-0.001163	1.041321	0.001163	0.999784	-0.942688	
643	0.999821	-0.000878	0.322205	0.000878	0.999821	-0.644653	
644	0.999924	-0.000546	-0.599670	0.000546	0.999924	-0.542358	
645	0.999920	-0.000286	-1.155090	0.000286	0.999920	-0.261353	
646	0.999867	-0.000158	-1.404907	0.000158	0.999867	0.029297	
647	0.999960	-0.000170	-1.332214	0.000170	0.999960	-0.029999	
648	0.999931	-0.000078	-1.308167	0.000078	0.999931	0.046448	
649	0.999902	-0.000041	-1.178284	0.000041	0.999902	0.117249	
650	0.999872	-0.000087	-1.173279	0.000087	0.999872	0.144226	
651	1.000037	-0.000073	-1.169434	0.000073	1.000037	-0.102844	
652	0.999966	-0.000144	-1.055298	0.000144	0.999966	0.063385	
653	0.999896	-0.000038	-0.901917	0.000038	0.999896	0.165497	
654	1.000044	-0.000031	-0.945374	0.000031	1.000044	0.057159	
655	0.999915	-0.000009	-1.011658	0.000009	0.999915	0.142975	
656	0.999973	0.000006	-1.023010	-0.000006	0.999973	0.082367	
657	0.999934	-0.000064	-0.894226	0.000064	0.999934	0.027924	
658	0.999949	-0.000017	-1.065369	0.000017	0.999949	0.074188	
659	0.999904	-0.000055	-0.940125	0.000055	0.999904	0.181854	
660	0.999935	-0.000109	-1.258545	0.000109	0.999935	-0.004242	
661	0.999863	-0.000135	-1.220032	0.000135	0.999863	-0.148346	
662	0.999880	-0.000181	-1.431213	0.000181	0.999880	-0.032928	
663	0.999859	-0.000171	-1.506897	0.000171	0.999859	-0.148468	
664	0.999800	-0.000185	-1.702820	0.000185	0.999800	0.010529	
665	0.999783	-0.000166	-1.888611	0.000166	0.999783	-0.077332	
666	0.999781	-0.000195	-1.936462	0.000195	0.999781	-0.033081	
667	0.999719	-0.000151	-1.997253	0.000151	0.999719	0.046417	
668	0.999718	-0.000187	-2.204407	0.000187	0.999718	-0.060272	
669	0.999775	-0.000166	-2.410400	0.000166	0.999775	-0.107391	
670	0.999791	-0.000185	-2.491150	0.000185	0.999791	-0.079712	
671	0.999696	-0.000207	-2.496765	0.000207	0.999696	-0.017853	
672	0.999701	-0.000224	-2.581238	0.000224	0.999701	-0.061218	
673	0.999715	-0.000190	-2.768677	0.000190	0.999715	-0.095490	
674	0.999640	-0.000203	-2.732422	0.000203	0.999640	-0.021973	
675	0.999624	-0.000231	-2.840515	0.000231	0.999624	-0.096039	
676	0.999610	-0.000252	-2.904846	0.000252	0.999610	-0.094727	
677	0.999473	-0.000269	-2.884460	0.000269	0.999473	0.045685	
678	0.999470	-0.000271	-2.988892	0.000271	0.999470	-0.039948	
679	0.999477	-0.000267	-3.080200	0.000267	0.999477	-0.018036	
680	0.999605	-0.000304	-3.353638	0.000304	0.999605	-0.063599	
681	0.999666	-0.000294	-3.537476	0.000294	0.999666	-0.049561	
682	0.999619	-0.000310	-3.667358	0.000310	0.999619	-0.029114	
683	0.999257	-0.000419	-3.330261	0.000419	0.999257	0.071198	
684	0.999405	-0.000382	-3.600464	0.000382	0.999405	-0.024597	
685	0.999416	-0.000353	-3.706726	0.000353	0.999416	0.020477	
686	0.999756	-0.000313	-4.197449	0.000313	0.999756	-0.116730	
687	0.999606	-0.000319	-4.181702	0.000319	0.999606	0.046570	
688	0.999396	-0.000344	-4.008850	0.000344	0.999396	0.212311	
689	0.999283	-0.000396	-3.981140	0.000396	0.999283	0.219086	
690	0.999209	-0.000427	-3.878906	0.000427	0.999209	0.100952	
691	0.999311	-0.000382	-4.324158	0.000382	0.999311	0.261047	
692	0.999422	-0.000351	-4.351868	0.000351	0.999422	0.219391	
693	0.998988	-0.000416	-4.080750	0.000416	0.998988	0.444031	
694	0.998908	-0.000626	-4.019287	0.000626	0.998908	0.146881	
695	0.998901	-0.000542	-4.258240	0.000542	0.998901	0.431030	
696	0.998922	-0.000491	-4.281006	0.000491	0.998922	0.425873	
697	0.999048	-0.000511	-4.424011	0.000511	0.999048	0.307251	
698	0.999090	-0.000488	-4.632019	0.000488	0.999090	0.279877	
699	0.999400	-0.000348	-5.028076	0.000348	0.999400	0.406097	
700	0.999169	-0.000459	-4.846069	0.000459	0.999169	0.259033	
701	0.998804	-0.000512	-4.735779	0.000512	0.998804	0.678711	
702	0.999030	-0.000526	-4.923950	0.000526	0.999030	0.438477	
703	0.998693	-0.000530	-5.001465	0.000530	0.998693	0.631775	
704	0.999087	-0.000526	-4.939697	0.000526	0.999087	0.333221	
705	0.998947	-0.000522	-5.039368	0.000522	0.998947	0.465332	
706	0.998474	-0.000776	-4.928040	0.000776	0.998474	0.516174	
707	0.998345	-0.000897	-4.519409	0.000897	0.998345	0.461823	
708	0.999064	-0.000700	-5.367065	0.000700	0.999064	0.364136	
709	0.998478	-0.000920	-4.971436	0.000920	0.998478	0.357971	
710	0.998402	-0.000814	-5.157959	0.000814	0.998402	0.683594	
711	0.998398	-0.000802	-5.438049	0.000802	0.998398	0.768738	
712	0.998731	-0.000574	-5.469238	0.000574	0.998731	0.689087	
713	0.998251	-0.000913	-5.175171	0.000913	0.998251	0.620117	
714	0.999850	-0.000351	-6.268616	0.000351	0.999850	0.298462	
715	0.999915	-0.000579	-6.505127	0.000579	0.999915	0.184875	
716	0.999847	-0.000534	-6.320374	0.000534	0.999847	0.225464	
717	0.998944	-0.000509	-6.141052	0.000509	0.998944	0.930664	
718	0.998631	-0.000848	-5.641724	0.000848	0.998631	0.564880	
719	0.999632	-0.000559	-5.973083	0.000559	0.999632	0.318451	
720	0.999057	-0.000699	-5.233704	0.000699	0.999057	0.417755	
721	0.998341	-0.001326	-4.254578	0.001326	0.998341	0.424011	
722	0.998222	-0.002033	-3.004639	0.002033	0.998222	-0.125000	
723	0.998211	-0.002604	-1.492310	0.002604	0.998211	-0.961090	
724	0.999182	-0.002544	-0.723877	0.002544	0.999182	-1.519318	
725	0.998130	-0.004225	2.455444	0.004225	0.998130	-2.266724	
726	0.998273	-0.005150	4.815491	0.005150	0.998273	-3.318909	
727	0.999000	-0.006280	6.568970	0.006280	0.999000	-5.004272	
728	0.998766	-0.005756	9.232544	0.005756	0.998766	-4.816132	
729	0.999698	-0.007989	10.603882	0.007989	0.999698	-7.387939	
730	0.998365	-0.008766	14.740967	0.008766	0.998365	-6.727905	
731	0.999991	-0.009365	14.315430	0.009365	0.999991	-8.903992	
732	1.000588	-0.010165	15.309814	0.010165	1.000588	-10.247681	
733	0.999898	-0.010596	17.601318	0.010596	0.999898	-10.149719	
734	0.999259	-0.011153	19.870117	0.011153	0.999259	-9.673767	
735	1.000315	-0.011523	19.467407	0.011523	1.000315	-10.878052	
736	1.000240	-0.011795	19.824097	0.011795	1.000240	-11.040405	
737	1.000630	-0.012016	20.562134	0.012016	1.000630	-11.534119	
738	1.000945	-0.012245	20.861816	0.012245	1.000945	-11.837158	
739	1.000652	-0.011913	21.345337	0.011913	1.000652	-11.434692	
740	1.000317	-0.012623	22.668945	0.012623	1.000317	-11.444946	
741	1.001740	-0.012787	21.156372	0.012787	1.001740	-12.988892	
742	1.002005	-0.012785	20.811157	0.012785	1.002005	-13.163574	
743	0.998431	-0.012472	24.672119	0.012472	0.998431	-9.543396	
744	1.001677	-0.012128	19.961670	0.012128	1.001677	-12.577393	
745	1.001602	-0.011326	18.136841	0.011326	1.001602	-11.821350	
746	0.997117	-0.008282	20.311951	0.008282	0.997117	-5.992523	
747	1.001442	-0.008662	12.740723	0.008662	1.001442	-8.697937	
748	0.999151	-0.006661	12.427246	0.006661	0.999151	-5.345856	
749	0.998881	-0.005210	10.076050	0.005210	0.998881	-4.046478	
750	0.999259	-0.004115	6.912659	0.004115	0.999259	-3.309540	
751	0.998680	-0.003940	5.477722	0.003940	0.998680	-2.451630	
752	0.999639	-0.003253	2.920044	0.003253	0.999639	-2.430389	
753	0.999199	-0.003038	2.441284	0.003038	0.999199	-2.182678	
754	0.999369	-0.002552	1.419861	0.002552	0.999369	-1.640289	
755	0.999444	-0.002398	0.064392	0.002398	0.999444	-1.601410	
756	0.998228	-0.003027	0.298645	0.003027	0.998228	-1.484497	
757	0.999497	-0.001746	-1.799561	0.001746	0.999497	-1.008453	
758	0.998886	-0.002013	-2.282288	0.002013	0.998886	-0.909363	
759	0.999091	-0.001819	-2.540100	0.001819	0.999091	-0.781860	
760	0.999281	-0.001427	-2.996155	0.001427	0.999281	-0.591095	
761	0.999229	-0.001439	-3.309937	0.001439	0.999229	-0.452515	
762	0.999516	-0.001174	-4.000610	0.001174	0.999516	-0.364014	
763	0.999704	-0.001100	-4.315979	0.001100	0.999704	-0.410004	
764	0.999738	-0.001039	-4.575684	0.001039	0.999738	-0.340637	
765	0.999845	-0.001016	-4.964172	0.001016	0.999845	-0.420471	
766	0.999531	-0.000946	-4.622192	0.000946	0.999531	-0.142700	
767	0.999841	-0.001082	-5.046204	0.001082	0.999841	-0.381378	
768	0.998580	-0.001411	-4.271179	0.001411	0.998580	0.070770	
769	0.998967	-0.001290	-4.139771	0.001290	0.998967	-0.249634	
770	0.999776	-0.001104	-4.589661	0.001104	0.999776	-0.350342	
771	0.999529	-0.001222	-4.354980	0.001222	0.999529	-0.343231	
772	0.998925	-0.001768	-3.793030	0.001768	0.998925	-0.497040	
773	0.999412	-0.001333	-3.742920	0.001333	0.999412	-0.517639	
774	0.999508	-0.001463	-3.565308	0.001463	0.999508	-0.585266	
775	0.999409	-0.001623	-3.146851	0.001623	0.999409	-0.693634	
776	0.999135	-0.002010	-2.348389	0.002010	0.999135	-0.910492	
777	0.999381	-0.002041	-1.834656	0.002041	0.999381	-1.030121	
778	0.998644	-0.002818	-0.263489	0.002818	0.998644	-1.270996	
779	0.999008	-0.002760	0.967896	0.002760	0.999008	-1.601349	
780	0.998251	-0.003756	2.626221	0.003756	0.998251	-1.929047	
781	0.998729	-0.003764	3.682556	0.003764	0.998729	-2.347443	
782	0.998643	-0.003963	5.309753	0.003963	0.998643	-2.774048	
783	0.998111	-0.004833	6.848694	0.004833	0.998111	-2.984558	
784	0.997911	-0.005402	8.383484	0.005402	0.997911	-3.475067	
785	0.997505	-0.006185	9.769470	0.006185	0.997505	-3.764374	
786	0.997789	-0.006443	10.780334	0.006443	0.997789	-4.114044	
787	0.998831	-0.007136	10.676025	0.007136	0.998831	-5.735535	
788	0.998334	-0.006362	12.221802	0.006362	0.998334	-4.966888	
789	0.998228	-0.006187	12.942627	0.006187	0.998228	-4.795929	
790	1.000792	-0.008020	10.368408	0.008020	1.000792	-7.852783	
791	0.997859	-0.006638	14.172119	0.006638	0.997859	-5.084686	
792	1.000246	-0.008557	11.716003	0.008557	1.000246	-7.925171	
793	0.997249	-0.007303	15.205872	0.007303	0.997249	-4.946655	
794	0.998072	-0.007149	14.877502	0.007149	0.998072	-5.336151	
795	0.997874	-0.007293	15.392944	0.007293	0.997874	-5.357605	
796	0.997119	-0.008319	15.903015	0.008319	0.997119	-5.227783	
797	1.001266	-0.008694	11.279663	0.008694	1.001266	-8.428162	
798	1.000026	-0.008993	12.904968	0.008993	1.000026	-7.711731	
799	0.997700	-0.006890	14.813660	0.006890	0.997700	-4.958557	
800	1.001688	-0.007785	9.034546	0.007785	1.001688	-7.889709	
801	0.998450	-0.007622	11.255493	0.007622	0.998450	-5.787140	
802	0.997633	-0.005845	9.534180	0.005845	0.997633	-3.573090	
803	0.998134	-0.004696	6.792419	0.004696	0.998134	-3.083282	
804	0.998221	-0.004424	4.542786	0.004424	0.998221	-2.647858	
805	0.998423	-0.003847	2.880432	0.003847	0.998423	-2.213654	
806	0.999466	-0.002937	1.104370	0.002937	0.999466	-2.004456	
807	0.999391	-0.002712	0.549255	0.002712	0.999391	-1.845123	
808	0.998817	-0.002793	0.198669	0.002793	0.998817	-1.504761	
809	0.998968	-0.002613	-0.375488	0.002613	0.998968	-1.399506	
810	0.998560	-0.002498	-0.930725	0.002498	0.998560	-1.242279	
811	0.999095	-0.002189	-1.373413	0.002189	0.999095	-1.206451	
812	0.999148	-0.002096	-1.762329	0.002096	0.999148	-1.061523	
813	0.998160	-0.002782	-1.123901	0.002782	0.998160	-1.041962	
814	0.998522	-0.002598	-0.693115	0.002598	0.998522	-1.227814	
815	0.999083	-0.002647	-0.079041	0.002647	0.999083	-1.577240	
816	0.998831	-0.003216	1.123230	0.003216	0.998831	-1.945312	
817	0.998280	-0.003838	2.871155	0.003838	0.998280	-2.183502	
818	0.997906	-0.005020	4.530823	0.005020	0.997906	-2.716888	
819	0.998118	-0.005300	6.378479	0.005300	0.998118	-3.720215	
820	0.998211	-0.005241	7.791382	0.005241	0.998211	-3.707214	
821	0.998384	-0.005740	9.332275	0.005740	0.998384	-4.221497	
822	0.998933	-0.005885	10.870422	0.005885	0.998933	-4.795258	
823	0.997540	-0.007016	12.773987	0.007016	0.997540	-5.089447	
824	1.000988	-0.007921	10.908691	0.007921	1.000988	-7.985596	
825	1.000659	-0.008452	11.964783	0.008452	1.000659	-8.192627	
826	0.997583	-0.007964	15.750305	0.007964	0.997583	-5.936127	
827	0.999937	-0.009083	14.144714	0.009083	0.999937	-8.335388	
828	1.000620	-0.009317	14.431641	0.009317	1.000620	-8.758545	
829	1.001023	-0.009331	14.319336	0.009331	1.001023	-9.105713	
830	0.999708	-0.009849	16.105347	0.009849	0.999708	-8.325378	
831	0.998058	-0.008260	18.387024	0.008260	0.998058	-5.995941	
832	0.997623	-0.008177	18.893127	0.008177	0.997623	-5.783020	
833	0.998974	-0.010403	18.228516	0.010403	0.998974	-8.275330	
834	1.000647	-0.009872	16.795227	0.009872	1.000647	-9.180115	
835	0.998239	-0.008305	19.476562	0.008305	0.998239	-6.415283	
836	1.000479	-0.009881	17.088379	0.009881	1.000479	-9.189880	
837	1.001020	-0.010025	16.900757	0.010025	1.001020	-9.877319	
838	1.000929	-0.010532	17.369385	0.010532	1.000929	-10.282654	
839	1.000220	-0.010452	17.979248	0.010452	1.000220	-9.569580	
840	0.997388	-0.009083	20.481873	0.009083	0.997388	-6.384369	
841	1.001161	-0.009905	16.977783	0.009905	1.001161	-9.905396	
842	1.001982	-0.009553	15.524170	0.009553	1.001982	-10.254211	
843	0.999006	-0.008044	17.774658	0.008044	0.999006	-6.507599	
844	0.999026	-0.007106	15.690308	0.007106	0.999026	-5.800720	
845	0.999455	-0.006174	12.890869	0.006174	0.999455	-5.100189	
846	0.998303	-0.006245	10.667114	0.006245	0.998303	-4.169708	
847	0.999061	-0.004670	7.620117	0.004670	0.999061	-3.443329	
848	0.999430	-0.003772	5.558167	0.003772	0.999430	-2.923401	
849	0.999524	-0.003416	3.635254	0.003416	0.999524	-2.438599	
850	0.999577	-0.003197	2.544312	0.003197	0.999577	-2.183685	
851	0.999208	-0.002979	1.763855	0.002979	0.999208	-1.797241	
852	0.998738	-0.003167	0.982056	0.003167	0.998738	-1.662842	
853	0.999105	-0.002587	-0.301086	0.002587	0.999105	-1.375275	
854	0.999741	-0.001982	-1.346558	0.001982	0.999741	-1.316437	
855	1.000162	-0.001633	-2.937012	0.001633	1.000162	-0.997009	
856	0.999699	-0.001408	-3.542908	0.001408	0.999699	-0.730988	
857	0.999812	-0.001112	-4.538879	0.001112	0.999812	-0.435699	
858	0.999217	-0.000836	-6.130249	0.000836	0.999217	0.193237	
859	0.999112	-0.000756	-6.563843	0.000756	0.999112	0.425781	
860	0.999279	-0.000863	-6.118408	0.000863	0.999279	0.040710	
861	0.999491	-0.001151	-6.052795	0.001151	0.999491	-0.132172	
862	1.000291	-0.000617	-6.480957	0.000617	1.000291	-0.202423	
863	0.998961	-0.000955	-6.371460	0.000955	0.998961	0.304199	
864	1.000327	-0.000646	-6.137939	0.000646	1.000327	-0.126862	
865	0.999151	-0.000986	-6.035522	0.000986	0.999151	0.060486	
866	0.999430	-0.001083	-5.108826	0.001083	0.999430	-0.412476	
867	0.999818	-0.001083	-5.362000	0.001083	0.999818	-0.356140	
868	0.999908	-0.001265	-4.956055	0.001265	0.999908	-0.695099	
869	0.998960	-0.001592	-3.946777	0.001592	0.998960	-0.748322	
870	0.998898	-0.001599	-3.836975	0.001599	0.998898	-0.643494	
871	0.999170	-0.001761	-3.032288	0.001761	0.999170	-0.937317	
872	0.998898	-0.002373	-1.559448	0.002373	0.998898	-1.489838	
873	0.999873	-0.002045	-1.181763	0.002045	0.999873	-1.477859	
874	0.999278	-0.002659	0.229858	0.002659	0.999278	-1.812225	
875	0.998806	-0.003445	1.750732	0.003445	0.998806	-2.123688	
876	0.998659	-0.003950	3.109497	0.003950	0.998659	-2.424225	
877	0.999214	-0.004032	4.374573	0.004032	0.999214	-3.106384	
878	0.998629	-0.004443	5.605530	0.004443	0.998629	-3.151001	
879	0.998896	-0.004538	6.750732	0.004538	0.998896	-3.403900	
880	1.000076	-0.005789	6.036255	0.005789	1.000076	-5.406921	
881	0.999015	-0.005144	8.418518	0.005144	0.999015	-4.060974	
882	1.000549	-0.006371	7.274170	0.006371	1.000549	-6.472046	
883	0.999035	-0.005509	9.801758	0.005509	0.999035	-4.539215	
884	0.999887	-0.006795	9.371948	0.006795	0.999887	-6.294678	
885	0.998801	-0.005797	11.285217	0.005797	0.998801	-4.753845	
886	1.000402	-0.007189	9.978210	0.007189	1.000402	-7.026123	
887	0.998690	-0.006449	12.210876	0.006449	0.998690	-5.179291	
888	1.000246	-0.007515	11.094604	0.007515	1.000246	-7.141663	
889	1.000054	-0.007746	11.575378	0.007746	1.000054	-7.265015	
890	1.000620	-0.007877	11.146973	0.007877	1.000620	-7.890686	
891	0.998905	-0.006309	13.875183	0.006309	0.998905	-5.368332	
892	0.998480	-0.006670	14.590027	0.006670	0.998480	-5.386871	
893	1.000318	-0.008565	13.001953	0.008565	1.000318	-8.035034	
894	1.000210	-0.008720	13.451416	0.008720	1.000210	-8.098328	
895	0.997227	-0.009307	16.280945	0.009307	0.997227	-6.057861	
896	0.998534	-0.009622	15.747070	0.009622	0.998534	-7.027222	
897	1.000451	-0.009201	14.471252	0.009201	1.000451	-8.668213	
898	0.998433	-0.009577	16.394775	0.009577	0.998433	-6.864624	
899	1.000615	-0.009253	14.853027	0.009253	1.000615	-8.965881	
900	0.999335	-0.009345	16.298889	0.009345	0.999335	-7.650330	
901	1.000652	-0.009051	15.466919	0.009051	1.000652	-8.798096	
902	0.998349	-0.009951	17.316833	0.009951	0.998349	-7.194824	
903	0.997347	-0.009964	18.599121	0.009964	0.997347	-6.684265	
904	1.000710	-0.009322	15.921509	0.009322	1.000710	-9.195251	
905	0.999496	-0.009605	16.805359	0.009605	0.999496	-8.364563	
906	0.997789	-0.008114	18.822388	0.008114	0.997789	-6.273926	
907	0.997921	-0.010093	18.605957	0.010093	0.997921	-7.257446	
908	1.000703	-0.009893	16.272827	0.009893	1.000703	-9.739624	
909	1.000120	-0.009708	16.953369	0.009708	1.000120	-8.841125	
910	1.001281	-0.009626	16.030640	0.009626	1.001281	-10.006348	
911	0.999473	-0.009295	17.861023	0.009295	0.999473	-7.970581	
912	0.999426	-0.009392	17.698303	0.009392	0.999426	-8.015259	
913	0.997708	-0.010038	18.946045	0.010038	0.997708	-6.906128	
914	0.998602	-0.009289	17.345581	0.009289	0.998602	-7.126160	
915	0.998072	-0.007625	16.149475	0.007625	0.998072	-5.650818	
916	1.000540	-0.007574	11.220886	0.007574	1.000540	-7.089111	
917	1.000072	-0.006397	9.368958	0.006397	1.000072	-5.844238	
918	1.000171	-0.004236	7.451050	0.004236	1.000171	-3.837524	
919	1.000032	-0.003667	5.221191	0.003667	1.000032	-3.138031	
920	1.000048	-0.003276	3.812744	0.003276	1.000048	-2.800018	
921	0.999716	-0.003358	2.752563	0.003358	0.999716	-2.624176	
922	0.999944	-0.002786	1.792480	0.002786	0.999944	-2.113068	
923	1.000049	-0.002469	0.656555	0.002469	1.000049	-1.931580	
924	1.000135	-0.002135	-0.560547	0.002135	1.000135	-1.710510	
925	0.999976	-0.001897	-1.231567	0.001897	0.999976	-1.330170	
926	1.000190	-0.001643	-2.428528	0.001643	1.000190	-1.298248	
927	0.999921	-0.001396	-3.194458	0.001396	0.999921	-1.034119	
928	0.999910	-0.001053	-4.360413	0.001053	0.999910	-0.554993	
929	1.000020	-0.000711	-5.370850	0.000711	1.000020	-0.236786	
930	1.000177	-0.000673	-6.333130	0.000673	1.000177	-0.322906	
931	0.999722	-0.000885	-5.624939	0.000885	0.999722	-0.482300	
932	0.999806	-0.000815	-5.508789	0.000815	0.999806	-0.418304	
933	0.999632	-0.000867	-5.456543	0.000867	0.999632	-0.372375	
934	0.999996	-0.000800	-5.610779	0.000800	0.999996	-0.455688	
935	0.999822	-0.000892	-5.434509	0.000892	0.999822	-0.598114	
936	0.999889	-0.000887	-5.307861	0.000887	0.999889	-0.521820	
937	1.000053	-0.000932	-5.046814	0.000932	1.000053	-0.887756	
938	0.999643	-0.001101	-4.739685	0.001101	0.999643	-0.612091	
939	0.999850	-0.001133	-4.563232	0.001133	0.999850	-0.773285	
940	0.999896	-0.001417	-4.277100	0.001417	0.999896	-1.078888	
941	0.999988	-0.001452	-3.609253	0.001452	0.999988	-1.167511	
942	0.999750	-0.001708	-3.035583	0.001708	0.999750	-1.222443	
943	0.999770	-0.001644	-2.487793	0.001644	0.999770	-1.269562	
944	0.999826	-0.001812	-2.089966	0.001812	0.999826	-1.486786	
945	0.999676	-0.001927	-1.267639	0.001927	0.999676	-1.504761	
946	0.999343	-0.002354	-0.592285	0.002354	0.999343	-1.728851	
947	0.999868	-0.002351	-0.308594	0.002351	0.999868	-2.047455	
948	0.999666	-0.002869	0.452576	0.002869	0.999666	-2.303436	
949	0.999605	-0.002613	1.369446	0.002613	0.999605	-2.157928	
950	0.999533	-0.002991	2.108521	0.002991	0.999533	-2.543213	
951	1.000944	-0.003971	0.945068	0.003971	1.000944	-4.112244	
952	0.999587	-0.003330	3.172241	0.003330	0.999587	-2.766327	
953	1.000822	-0.004516	2.393005	0.004516	1.000822	-4.675598	
954	1.000903	-0.004469	2.826294	0.004469	1.000903	-4.781250	
955	0.999503	-0.003864	5.149475	0.003864	0.999503	-3.341217	
956	1.000473	-0.004584	4.408447	0.004584	1.000473	-4.586548	
957	0.999475	-0.004043	6.210449	0.004043	0.999475	-3.520203	
958	1.000843	-0.005475	5.232605	0.005475	1.000843	-5.657043	
959	1.000638	-0.005404	5.755920	0.005404	1.000638	-5.521820	
960	1.000372	-0.005540	6.612427	0.005540	1.000372	-5.519989	
961	1.000439	-0.005815	6.778992	0.005815	1.000439	-5.668091	
962	1.000361	-0.005816	7.549988	0.005816	1.000361	-5.690643	
963	1.000627	-0.005971	7.670410	0.005971	1.000627	-6.156342	
964	1.000334	-0.006341	8.243347	0.006341	1.000334	-6.499023	
965	0.999744	-0.006855	9.103149	0.006855	0.999744	-6.230774	
966	0.999407	-0.005242	10.188416	0.005242	0.999407	-4.612244	
967	0.998708	-0.007552	10.568726	0.007552	0.998708	-5.939392	
968	0.999111	-0.007269	10.620117	0.007269	0.999111	-6.119080	
969	0.999553	-0.007084	10.326843	0.007084	0.999553	-6.291443	
970	1.000645	-0.006752	9.671204	0.006752	1.000645	-6.846283	
971	1.000461	-0.006804	10.173950	0.006804	1.000461	-6.678375	
972	1.000533	-0.006362	10.291077	0.006362	1.000533	-6.257507	
973	1.001052	-0.006830	9.954041	0.006830	1.001052	-7.228882	
974	1.001014	-0.006907	10.012695	0.006907	1.001014	-7.089844	
975	1.000883	-0.006729	10.281250	0.006729	1.000883	-6.777100	
976	1.000344	-0.006641	11.014221	0.006641	1.000344	-6.275299	
977	0.998265	-0.008115	12.694946	0.008115	0.998265	-5.795471	
978	1.001121	-0.007077	10.341675	0.007077	1.001121	-7.309875	
979	1.000122	-0.005980	11.943970	0.005980	1.000122	-5.244171	
980	1.000330	-0.006336	11.656067	0.006336	1.000330	-5.900085	
981	0.999394	-0.007652	12.363342	0.007652	0.999394	-6.307068	
982	1.000100	-0.007639	11.348083	0.007639	1.000100	-7.119568	
983	1.000497	-0.006873	11.537476	0.006873	1.000497	-6.640930	
984	0.999293	-0.008014	12.289795	0.008014	0.999293	-6.517151	
985	0.999734	-0.006949	12.381409	0.006949	0.999734	-6.175293	
986	1.001616	-0.007607	10.411865	0.007607	1.001616	-8.297791	
987	0.999900	-0.007888	11.871643	0.007888	0.999900	-7.145935	
988	0.999468	-0.007030	12.379639	0.007030	0.999468	-6.206512	
989	0.999936	-0.007902	12.173828	0.007902	0.999936	-7.048645	
990	0.999541	-0.006759	12.816528	0.006759	0.999541	-5.918457	
991	0.999064	-0.007614	13.280518	0.007614	0.999064	-6.102081	
992	1.000470	-0.007912	11.722168	0.007912	1.000470	-7.380859	
993	1.000078	-0.007707	12.162415	0.007707	1.000078	-7.119629	
994	1.001557	-0.006954	10.864014	0.006954	1.001557	-7.468628	
995	0.999311	-0.007917	12.950134	0.007917	0.999311	-6.580933	
996	0.999328	-0.007161	13.027466	0.007161	0.999328	-6.057617	
997	1.000483	-0.007605	11.671570	0.007605	1.000483	-7.104370	
998	1.000662	-0.007648	11.583008	0.007648	1.000662	-7.510803	
999	1.001404	-0.007190	10.758423	0.007190	1.001404	-7.278473	
1000	1.001230	-0.007414	10.793213	0.007414	1.001230	-7.727234	
1001	0.999717	-0.007187	12.377563	0.007187	0.999717	-6.386719	
1002	0.999474	-0.007075	12.718079	0.007075	0.999474	-6.026825	
1003	1.000727	-0.007176	10.893311	0.007176	1.000727	-7.073456	
1004	1.001412	-0.007381	10.070679	0.007381	1.001412	-7.835571	
1005	1.000350	-0.006774	11.010986	0.006774	1.000350	-6.342194	
1006	1.000999	-0.007087	9.700439	0.007087	1.000999	-7.397644	
1007	1.000105	-0.006928	10.318420	0.006928	1.000105	-6.638977	
1008	1.001002	-0.005422	9.680786	0.005422	1.001002	-5.554169	
1009	1.000548	-0.005224	9.244141	0.005224	1.000548	-5.603546	
1010	1.001210	-0.006567	7.013550	0.006567	1.001210	-7.236023	
1011	1.000598	-0.005167	6.171753	0.005167	1.000598	-5.354309	
1012	1.000866	-0.003877	4.356689	0.003877	1.000866	-4.060776	
1013	1.001459	-0.003955	1.240479	0.003955	1.001459	-4.861847	
1014	1.001219	-0.003307	-0.020752	0.003307	1.001219	-4.212006	
1015	1.000877	-0.002666	-0.863586	0.002666	1.000877	-3.264435	
1016	1.001178	-0.002589	-2.142334	0.002589	1.001178	-3.329224	
1017	1.000932	-0.002402	-2.799500	0.002402	1.000932	-3.016449	
1018	1.001188	-0.002315	-3.685791	0.002315	1.001188	-2.978882	
1019	1.001308	-0.002089	-4.640625	0.002089	1.001308	-2.789337	
1020	1.000796	-0.001673	-4.471252	0.001673	1.000796	-2.197693	
1021	1.000923	-0.001603	-5.225098	0.001603	1.000923	-2.236481	
1022	1.001177	-0.001269	-6.382141	0.001269	1.001177	-1.959595	
1023	1.001026	-0.001059	-6.956909	0.001059	1.001026	-1.907806	
1024	1.001121	-0.000806	-7.621948	0.000806	1.001121	-1.504700	
1025	1.001011	-0.000609	-8.655640	0.000609	1.001011	-1.372528	
1026	1.001020	-0.000397	-8.680054	0.000397	1.001020	-1.263702	
1027	1.000912	-0.000548	-8.696228	0.000548	1.000912	-1.354828	
1028	0.999770	-0.000247	-6.561035	0.000247	0.999770	-0.753632	
1029	1.000019	-0.000534	-7.122009	0.000534	1.000019	-0.883972	
1030	1.000885	-0.000874	-8.006348	0.000874	1.000885	-1.683960	
1031	1.000600	-0.000863	-7.513916	0.000863	1.000600	-1.462219	
1032	0.999251	-0.001269	-4.693665	0.001269	0.999251	-1.498383	
1033	1.000891	-0.001397	-5.723572	0.001397	1.000891	-2.209473	
1034	1.001038	-0.001859	-4.333008	0.001859	1.001038	-2.912659	
1035	0.999700	-0.002123	-1.361877	0.002123	0.999700	-2.697540	
1036	1.000185	-0.003159	-0.806396	0.003159	1.000185	-3.826111	
1037	1.000470	-0.003148	0.702209	0.003148	1.000470	-4.195099	
1038	1.000331	-0.004028	2.123474	0.004028	1.000331	-5.154236	
1039	1.000849	-0.003581	3.071350	0.003581	1.000849	-4.925537	
1040	0.999765	-0.004943	4.870850	0.004943	0.999765	-5.533386	
1041	1.000559	-0.004801	5.388855	0.004801	1.000559	-5.835480	
1042	1.001079	-0.005107	5.641357	0.005107	1.001079	-6.479187	
1043	1.000047	-0.005547	7.470825	0.005547	1.000047	-6.328033	
1044	1.000226	-0.006181	7.668274	0.006181	1.000226	-6.937866	
1045	1.000177	-0.006212	8.249878	0.006212	1.000177	-7.066162	
1046	1.001608	-0.006542	7.161621	0.006542	1.001608	-8.681702	
1047	1.001400	-0.005996	7.644531	0.005996	1.001400	-7.658569	
1048	1.000854	-0.004952	8.713867	0.004952	1.000854	-6.022141	
1049	1.000220	-0.006294	9.338135	0.006294	1.000220	-7.113831	
1050	1.001506	-0.005664	8.172485	0.005664	1.001506	-7.209381	
1051	1.000629	-0.007026	8.878662	0.007026	1.000629	-8.365723	
1052	1.000446	-0.005755	9.332214	0.005755	1.000446	-6.856140	
1053	1.000837	-0.007264	8.745483	0.007264	1.000837	-8.705627	
1054	1.001533	-0.005713	8.265625	0.005713	1.001533	-7.187561	
1055	1.001165	-0.007402	8.497681	0.007402	1.001165	-8.752930	
1056	1.000372	-0.006406	9.434814	0.006406	1.000372	-6.744965	
1057	1.001075	-0.007040	8.814697	0.007040	1.001075	-7.899902	
1058	1.001525	-0.005847	8.660034	0.005847	1.001525	-6.537933	
1059	1.001522	-0.005577	8.398315	0.005577	1.001522	-6.221527	
1060	1.000344	-0.006274	9.592407	0.006274	1.000344	-6.279694	
1061	0.999856	-0.005986	10.346863	0.005986	0.999856	-5.918182	
1062	1.000642	-0.007228	9.237854	0.007228	1.000642	-7.401428	
1063	1.001365	-0.006284	8.351929	0.006284	1.001365	-7.078400	
1064	1.000929	-0.007257	8.851074	0.007257	1.000929	-7.637146	
1065	1.001279	-0.006968	8.560913	0.006968	1.001279	-7.803711	
1066	1.000971	-0.007072	8.883972	0.007072	1.000971	-7.563599	
1067	1.000307	-0.005311	10.083069	0.005311	1.000307	-5.385895	
1068	1.000999	-0.007128	8.651794	0.007128	1.000999	-7.694824	
1069	0.999825	-0.005198	10.537292	0.005198	0.999825	-5.345352	
1070	0.999807	-0.006323	10.041382	0.006323	0.999807	-5.884949	
1071	0.999996	-0.005376	10.361694	0.005376	0.999996	-5.531250	
1072	1.000111	-0.005289	10.163757	0.005289	1.000111	-5.354156	
1073	1.001105	-0.006718	8.701904	0.006718	1.001105	-7.068726	
1074	1.001203	-0.006835	8.458069	0.006835	1.001203	-7.595459	
1075	1.001081	-0.006122	8.766479	0.006122	1.001081	-6.364441	
1076	1.001294	-0.007153	8.544312	0.007153	1.001294	-7.684509	
1077	1.001525	-0.006449	8.438599	0.006449	1.001525	-7.404846	
1078	1.001177	-0.006520	8.760925	0.006520	1.001177	-6.850189	
1079	1.001536	-0.006560	8.217407	0.006560	1.001536	-7.324158	
1080	1.001400	-0.006768	8.338562	0.006768	1.001400	-7.606567	
1081	1.001355	-0.006659	8.213440	0.006659	1.001355	-7.277435	
1082	1.001508	-0.006359	8.004639	0.006359	1.001508	-7.034821	
1083	1.001397	-0.006561	8.075256	0.006561	1.001397	-7.216888	
1084	1.001553	-0.006499	7.939209	0.006499	1.001553	-7.262451	
1085	1.000218	-0.005196	9.666016	0.005196	1.000218	-5.152451	
1086	1.001345	-0.006615	7.840576	0.006615	1.001345	-7.227692	
1087	1.001599	-0.005954	7.325806	0.005954	1.001599	-6.655334	
1088	1.001644	-0.006130	6.843018	0.006130	1.001644	-7.031586	
1089	1.001851	-0.005577	5.538574	0.005577	1.001851	-6.152802	
1090	1.001582	-0.005387	4.153442	0.005387	1.001582	-6.122925	
1091	1.002006	-0.004554	1.796631	0.004554	1.002006	-5.385193	
1092	0.999869	-0.003121	2.921143	0.003121	0.999869	-2.741364	
1093	1.000332	-0.002989	0.252563	0.002989	1.000332	-2.882751	
1094	1.002010	-0.003037	-3.146606	0.003037	1.002010	-3.623779	
1095	0.999258	-0.002180	-0.026855	0.002180	0.999258	-1.942474	
1096	0.999862	-0.001787	-1.273804	0.001787	0.999862	-1.619308	
1097	1.000979	-0.002118	-3.888550	0.002118	1.000979	-2.387054	
1098	1.000573	-0.001674	-4.086304	0.001674	1.000573	-1.864716	
1099	0.999827	-0.001403	-3.870239	0.001403	0.999827	-1.552673	
1100	1.000093	-0.001133	-4.537964	0.001133	1.000093	-1.315369	
1101	1.000193	-0.001175	-5.548645	0.001175	1.000193	-1.490234	
1102	0.999944	-0.000915	-5.798035	0.000915	0.999944	-1.161530	
1103	0.999921	-0.000685	-6.564697	0.000685	0.999921	-0.748886	
1104	1.000587	-0.000661	-8.051514	0.000661	1.000587	-1.109558	
1105	1.000547	-0.000121	-8.753662	0.000121	1.000547	-0.420319	
1106	1.000047	-0.000218	-8.289551	0.000218	1.000047	-0.636719	
1107	0.999951	-0.000288	-7.971436	0.000288	0.999951	-0.528534	
1108	1.000469	-0.000273	-8.277771	0.000273	1.000469	-0.772400	
1109	1.000248	-0.000321	-8.304810	0.000321	1.000248	-0.767120	
1110	1.000273	-0.000325	-8.297852	0.000325	1.000273	-0.656097	
1111	1.000220	-0.000473	-7.643738	0.000473	1.000220	-0.952118	
1112	1.000011	-0.000644	-7.418396	0.000644	1.000011	-0.838257	
1113	1.000011	-0.000618	-6.917480	0.000618	1.000011	-0.906128	
1114	0.998740	-0.001469	-5.883240	0.001469	0.998740	-0.892578	
1115	1.000309	-0.000952	-6.327209	0.000952	1.000309	-1.411438	
1116	0.999569	-0.001584	-4.661865	0.001584	0.999569	-1.712982	
1117	0.999726	-0.001791	-3.902771	0.001791	0.999726	-1.976471	
1118	1.000242	-0.001923	-2.802979	0.001923	1.000242	-2.499634	
1119	0.999729	-0.002315	-1.021118	0.002315	0.999729	-2.738953	
1120	1.000239	-0.002722	-0.193237	0.002722	1.000239	-3.263214	
1121	0.999967	-0.003152	1.531738	0.003152	0.999967	-3.693146	
1122	1.001024	-0.004735	1.375488	0.004735	1.001024	-6.110291	
1123	1.000023	-0.003811	4.519775	0.003811	1.000023	-4.375809	
1124	0.999985	-0.004320	5.550659	0.004320	0.999985	-4.894409	
1125	1.001116	-0.005444	5.045532	0.005444	1.001116	-6.539276	
1126	1.000393	-0.005068	7.159302	0.005068	1.000393	-5.891205	
1127	1.000401	-0.006338	7.577515	0.006338	1.000401	-6.863220	
1128	1.001064	-0.005962	7.794067	0.005962	1.001064	-7.166595	
1129	1.000800	-0.005760	8.406860	0.005760	1.000800	-6.497284	
1130	0.999974	-0.005421	10.067139	0.005421	0.999974	-6.205521	
1131	0.999973	-0.005548	10.094055	0.005548	0.999973	-6.055908	
1132	1.001266	-0.006571	8.710083	0.006571	1.001266	-7.837311	
1133	1.001507	-0.006130	8.604736	0.006130	1.001507	-7.449219	
1134	1.000579	-0.005962	9.918701	0.005962	1.000579	-6.830292	
1135	0.999567	-0.005654	11.446045	0.005654	0.999567	-6.173904	
1136	0.999837	-0.005796	11.114502	0.005796	0.999837	-6.192581	
1137	1.000136	-0.006150	10.729980	0.006150	1.000136	-6.336105	
1138	1.000667	-0.006082	9.777710	0.006082	1.000667	-6.252960	
1139	1.000631	-0.006027	10.007446	0.006027	1.000631	-6.301666	
1140	1.000812	-0.006334	9.744995	0.006334	1.000812	-6.605591	
1141	1.001145	-0.006407	9.302124	0.006407	1.001145	-6.853088	
1142	1.002053	-0.006559	8.068726	0.006559	1.002053	-7.259186	
1143	0.999870	-0.005795	11.124512	0.005795	0.999870	-5.336914	
1144	1.002605	-0.008476	7.360718	0.008476	1.002605	-10.548462	
1145	1.000924	-0.006165	9.746094	0.006165	1.000924	-6.258453	
1146	1.001080	-0.006760	9.357544	0.006760	1.001080	-7.012787	
1147	1.001136	-0.006097	9.534058	0.006097	1.001136	-6.493256	
1148	1.000495	-0.005957	10.436157	0.005957	1.000495	-5.550537	
1149	1.001199	-0.006781	9.475708	0.006781	1.001199	-7.044891	
1150	1.002918	-0.008213	7.065186	0.008213	1.002918	-10.326477	
1151	1.000974	-0.006291	10.007324	0.006291	1.000974	-6.388306	
1152	1.000375	-0.006007	11.118164	0.006007	1.000375	-5.631195	
1153	1.001698	-0.006357	9.367065	0.006357	1.001698	-6.857819	
1154	1.000511	-0.005867	11.079468	0.005867	1.000511	-5.747711	
1155	1.000982	-0.006305	10.480713	0.006305	1.000982	-6.271301	
1156	1.000670	-0.006079	10.704102	0.006079	1.000670	-6.088623	
1157	1.001024	-0.006276	10.186523	0.006276	1.001024	-6.309326	
1158	1.002485	-0.007619	8.280273	0.007619	1.002485	-8.967438	
1159	1.003151	-0.008252	7.191650	0.008252	1.003151	-10.549500	
1160	1.000812	-0.006000	10.662476	0.006000	1.000812	-5.830078	
1161	1.000887	-0.005971	10.502563	0.005971	1.000887	-5.820587	
1162	1.000795	-0.005891	10.565796	0.005891	1.000795	-5.860229	
1163	1.001328	-0.006278	9.762817	0.006278	1.001328	-6.288452	
1164	1.001758	-0.006350	8.903442	0.006350	1.001758	-6.642731	
1165	1.001524	-0.006479	9.394531	0.006479	1.001524	-6.996735	
1166	1.001394	-0.006230	8.716187	0.006230	1.001394	-6.625092	
1167	1.001212	-0.005091	8.086426	0.005091	1.001212	-5.164551	
1168	1.001056	-0.004465	6.471558	0.004465	1.001056	-4.626633	
1169	1.001522	-0.004409	3.560791	0.004409	1.001522	-4.513245	
1170	1.001320	-0.003654	1.959229	0.003654	1.001320	-3.977783	
1171	1.001645	-0.003839	-0.732544	0.003839	1.001645	-4.190002	
1172	1.001523	-0.002914	-1.481384	0.002914	1.001523	-3.234131	
1173	1.001156	-0.002343	-1.777588	0.002343	1.001156	-2.589111	
1174	1.001297	-0.002234	-3.262390	0.002234	1.001297	-2.296875	
1175	1.001658	-0.002236	-3.630371	0.002236	1.001658	-2.310150	
1176	1.001222	-0.001685	-4.653442	0.001685	1.001222	-1.836914	
1177	1.001124	-0.001585	-5.372437	0.001585	1.001124	-1.860443	
1178	1.000449	-0.001400	-5.488770	0.001400	1.000449	-1.279999	
1179	0.999526	-0.001201	-4.505249	0.001201	0.999526	-0.847076	
1180	0.999991	-0.001148	-5.371582	0.001148	0.999991	-0.986664	
1181	0.999319	-0.001017	-4.275146	0.001017	0.999319	-0.859482	
1182	0.999011	-0.001188	-3.763794	0.001188	0.999011	-0.970688	
1183	1.000715	-0.001303	-6.214233	0.001303	1.000715	-1.375214	
1184	1.000860	-0.001407	-5.764404	0.001407	1.000860	-1.524902	
1185	0.999262	-0.001742	-2.451538	0.001742	0.999262	-1.518738	
1186	1.000522	-0.002112	-3.016846	0.002112	1.000522	-2.155975	
1187	0.999969	-0.002805	-0.726318	0.002805	0.999969	-2.685791	
1188	1.000888	-0.003801	-0.038330	0.003801	1.000888	-4.185394	
1189	1.001648	-0.005161	0.962891	0.005161	1.001648	-6.587036	
1190	1.002008	-0.005586	3.176880	0.005586	1.002008	-6.862915	
1191	1.000290	-0.005178	7.424927	0.005178	1.000290	-5.126068	
1192	1.001275	-0.006760	8.451782	0.006760	1.001275	-7.642273	
1193	1.001368	-0.007630	10.936401	0.007630	1.001368	-8.486267	
1194	1.001633	-0.007563	12.925537	0.007563	1.001633	-8.103607	
1195	1.001747	-0.007926	15.602417	0.007926	1.001747	-8.111572	
1196	1.000763	-0.009163	19.718994	0.009163	1.000763	-9.238861	
1197	1.003549	-0.010578	18.281128	0.010578	1.003549	-11.695038	
1198	0.998891	-0.012911	25.430908	0.012911	0.998891	-11.268372	
1199	1.004341	-0.011555	21.914307	0.011555	1.004341	-12.442139	
1200	0.998446	-0.013969	30.338806	0.013969	0.998446	-11.893402	
1201	0.999165	-0.014749	31.356750	0.014749	0.999165	-13.157715	
1202	1.000883	-0.015600	31.184753	0.015600	1.000883	-15.218567	
1203	0.996827	-0.012697	35.731812	0.012697	0.996827	-10.400024	
1204	0.994745	-0.017926	38.706238	0.017926	0.994745	-11.399048	
1205	1.000089	-0.015922	35.248230	0.015922	1.000089	-14.759460	
1206	0.999554	-0.015868	36.257690	0.015868	0.999554	-15.200439	
1207	1.001297	-0.017537	35.535400	0.017537	1.001297	-17.713684	
1208	0.995516	-0.018378	40.253113	0.018378	0.995516	-12.914185	
1209	1.001066	-0.016529	34.642944	0.016529	1.001066	-16.578064	
1210	1.001643	-0.016754	32.847290	0.016754	1.001643	-17.457703	
1211	1.001047	-0.014094	29.456177	0.014094	1.001047	-14.521362	
1212	1.002398	-0.014539	24.350586	0.014539	1.002398	-16.355713	
1213	0.997842	-0.012412	22.878174	0.012412	0.997842	-9.491638	
1214	0.999690	-0.007357	17.676697	0.007357	0.999690	-6.952881	
1215	1.001892	-0.009206	12.069092	0.009206	1.001892	-10.459534	
1216	1.001694	-0.007193	8.884033	0.007193	1.001694	-8.435974	
1217	0.999990	-0.005614	9.114563	0.005614	0.999990	-5.221619	
1218	1.001735	-0.006040	6.208374	0.006040	1.001735	-7.218323	
1219	1.000656	-0.003750	6.007935	0.003750	1.000656	-3.452057	
1220	1.000348	-0.004004	4.542725	0.004004	1.000348	-4.189392	
1221	1.001392	-0.003470	2.227539	0.003470	1.001392	-4.131134	
1222	0.999932	-0.002912	1.743164	0.002912	0.999932	-2.736816	
1223	1.000254	-0.002407	0.042053	0.002407	1.000254	-2.497375	
1224	1.000749	-0.001836	-1.346924	0.001836	1.000749	-2.189240	
1225	1.000231	-0.001164	-2.647949	0.001164	1.000231	-1.107849	
1226	1.000610	-0.000860	-4.222412	0.000860	1.000610	-1.232483	
1227	1.000849	-0.000565	-4.895813	0.000565	1.000849	-0.840057	
1228	1.000752	-0.000637	-5.257080	0.000637	1.000752	-1.159851	
1229	1.000831	-0.000314	-5.050171	0.000314	1.000831	-0.749573	
1230	1.000774	-0.000855	-4.537476	0.000855	1.000774	-1.195374	
1231	1.000611	-0.000372	-4.681091	0.000372	1.000611	-0.657532	
1232	1.000715	-0.000377	-4.454468	0.000377	1.000715	-0.785156	
1233	1.001102	-0.000711	-4.416382	0.000711	1.001102	-1.265381	
1234	1.000320	-0.000426	-3.804016	0.000426	1.000320	-0.627808	
1235	1.000664	-0.000295	-3.864685	0.000295	1.000664	-0.834412	
1236	1.000617	-0.000322	-3.715576	0.000322	1.000617	-0.479492	
1237	1.000406	-0.000424	-3.186646	0.000424	1.000406	-0.656372	
1238	1.000469	-0.000234	-3.322144	0.000234	1.000469	-0.372620	
1239	1.000389	-0.000337	-3.052734	0.000337	1.000389	-0.346985	
1240	1.000510	-0.000292	-2.989624	0.000292	1.000510	-0.390381	
1241	1.000577	-0.000141	-2.949646	0.000141	1.000577	-0.238892	
1242	1.000440	-0.000272	-2.611816	0.000272	1.000440	-0.081543	
1243	1.000436	-0.000228	-2.463684	0.000228	1.000436	-0.126495	
1244	1.000365	-0.000310	-2.067383	0.000310	1.000365	-0.112854	
1245	1.000487	-0.000076	-2.027649	0.000076	1.000487	-0.018219	
1246	1.000159	-0.000196	-1.541138	0.000196	1.000159	0.166687	
1247	1.000350	0.000031	-1.639587	-0.000031	1.000350	0.088562	
1248	1.000039	-0.000211	-0.978149	0.000211	1.000039	0.150421	
1249	1.000224	0.000042	-0.973694	-0.000042	1.000224	0.295105	
1250	1.000034	-0.000016	-0.681091	0.000016	1.000034	0.486908	
1251	1.000150	0.000051	-0.738098	-0.000051	1.000150	0.477539	
1252	0.999964	-0.000056	-0.375793	0.000056	0.999964	0.419617	
1253	1.000008	0.000015	-0.263184	-0.000015	1.000008	0.597260	
1254	1.000025	0.000063	-0.247253	-0.000063	1.000025	0.520142	
1255	0.999857	0.000032	-0.050049	-0.000032	0.999857	0.584320	
1256	0.999962	0.000050	-0.049744	-0.000050	0.999962	0.594360	
1257	0.999933	0.000078	0.002930	-0.000078	0.999933	0.662445	
1258	0.999813	0.000075	0.258179	-0.000075	0.999813	0.629700	
1259	0.999878	0.000083	0.094238	-0.000083	0.999878	0.719177	
1260	0.999829	0.000091	0.256470	-0.000091	0.999829	0.744843	
1261	0.999814	0.000075	0.286682	-0.000075	0.999814	0.683319	
1262	0.999844	0.000073	0.124817	-0.000073	0.999844	0.820862	
1263	0.999796	0.000109	0.229187	-0.000109	0.999796	0.777130	
1264	0.999774	0.000162	0.191833	-0.000162	0.999774	0.787292	
1265	0.999776	0.000043	0.309143	-0.000043	0.999776	0.872864	
1266	0.999793	0.000102	0.128967	-0.000102	0.999793	0.795837	
1267	0.999794	0.000088	0.296143	-0.000088	0.999794	0.795471	
1268	0.999754	0.000067	0.272156	-0.000067	0.999754	0.899292	
1269	0.999821	0.000117	0.217041	-0.000117	0.999821	0.882629	
1270	0.999730	0.000090	0.253479	-0.000090	0.999730	0.878601	
1271	0.999808	0.000090	0.097229	-0.000090	0.999808	0.903381	
1272	0.999765	0.000088	0.166809	-0.000088	0.999765	1.041504	
1273	0.999765	0.000105	0.252319	-0.000105	0.999765	0.923004	
1274	0.999762	0.000087	0.136108	-0.000087	0.999762	0.909546	
1275	0.999790	0.000090	0.100159	-0.000090	0.999790	0.911224	
1276	0.999744	0.000087	0.180664	-0.000087	0.999744	0.949371	
1277	0.999773	0.000161	0.056091	-0.000161	0.999773	1.006226	
1278	0.999773	0.000066	0.204163	-0.000066	0.999773	0.934723	
1279	0.999730	0.000182	0.167664	-0.000182	0.999730	1.050018	
1280	0.999823	0.000072	0.120300	-0.000072	0.999823	0.989929	
1281	0.999676	0.000074	0.258728	-0.000074	0.999676	1.035950	
1282	0.999851	0.000177	0.136780	-0.000177	0.999851	0.930817	
1283	0.999662	0.000030	0.427063	-0.000030	0.999662	0.985718	
1284	0.999846	0.000141	0.073120	-0.000141	0.999846	0.953644	
1285	0.999755	0.000068	0.245361	-0.000068	0.999755	1.109467	
1286	0.999767	0.000148	0.219421	-0.000148	0.999767	1.063477	
1287	0.999725	0.000028	0.228210	-0.000028	0.999725	0.986755	
1288	0.999736	0.000208	0.251831	-0.000208	0.999736	1.139252	
1289	0.999756	0.000026	0.325806	-0.000026	0.999756	1.046936	
1290	0.999735	0.000159	0.235352	-0.000159	0.999735	1.091919	
1291	0.999740	0.000086	0.379456	-0.000086	0.999740	1.081055	
1292	0.999733	0.000165	0.179626	-0.000165	0.999733	1.169464	
1293	0.999714	0.000033	0.346741	-0.000033	0.999714	1.072266	
1294	0.999705	0.000137	0.297485	-0.000137	0.999705	1.189087	
1295	0.999670	0.000137	0.310120	-0.000137	0.999670	1.335449	
1296	0.999746	0.000040	0.384155	-0.000040	0.999746	1.073853	
1297	0.999666	0.000168	0.234924	-0.000168	0.999666	1.298889	
1298	0.999647	0.000161	0.364258	-0.000161	0.999647	1.344391	
1299	0.999730	0.000099	0.266174	-0.000099	0.999730	1.223907	
1300	0.999642	0.000131	0.332275	-0.000131	0.999642	1.353516	
1301	0.999609	0.000162	0.301147	-0.000162	0.999609	1.429749	
1302	0.999693	0.000088	0.378296	-0.000088	0.999693	1.297058	
1303	0.999616	0.000133	0.421326	-0.000133	0.999616	1.346130	
1304	0.999620	0.000165	0.234070	-0.000165	0.999620	1.433441	
1305	0.999661	0.000093	0.337158	-0.000093	0.999661	1.279999	
1306	0.999588	0.000171	0.438171	-0.000171	0.999588	1.420990	
1307	0.999670	0.000158	0.249939	-0.000158	0.999670	1.362549	
1308	0.999643	0.000076	0.368042	-0.000076	0.999643	1.303864	
1309	0.999614	0.000171	0.405762	-0.000171	0.999614	1.451843	
1310	0.999682	0.000129	0.338318	-0.000129	0.999682	1.360748	
1311	0.999586	0.000080	0.319458	-0.000080	0.999586	1.425842	
1312	0.999651	0.000224	0.200134	-0.000224	0.999651	1.449219	
1313	0.999595	0.000113	0.374634	-0.000113	0.999595	1.445404	
1314	0.999656	0.000083	0.362793	-0.000083	0.999656	1.198517	
1315	0.999629	0.000209	0.261902	-0.000209	0.999629	1.475891	
1316	0.999597	0.000116	0.362671	-0.000116	0.999597	1.371124	
1317	0.999676	0.000104	0.401062	-0.000104	0.999676	1.239990	
1318	0.999669	0.000162	0.233887	-0.000162	0.999669	1.254669	
1319	0.999729	0.000116	0.282593	-0.000116	0.999729	1.171234	
1320	0.999742	0.000152	0.348450	-0.000152	0.999742	1.177155	
1321	0.999782	0.000113	0.147400	-0.000113	0.999782	1.233734	
1322	0.999982	0.000152	-0.027710	-0.000152	0.999982	1.188873	
1323	0.999923	0.000235	0.063171	-0.000235	0.999923	1.571594	
1324	1.000059	0.000187	-0.164490	-0.000187	1.000059	1.497314	
1325	1.000168	0.000180	-0.130005	-0.000180	1.000168	1.819611	
1326	1.000171	0.000317	-0.275208	-0.000317	1.000171	1.894531	
1327	1.000471	0.000254	-0.552124	-0.000254	1.000471	1.810425	
1328	1.000467	0.000233	-0.458557	-0.000233	1.000467	2.007324	
1329	1.000518	0.000282	-0.630798	-0.000282	1.000518	2.165680	
1330	1.000591	0.000335	-0.781921	-0.000335	1.000591	2.099762	
1331	1.000810	0.000273	-0.821106	-0.000273	1.000810	2.132782	
1332	1.000649	0.000288	-0.793701	-0.000288	1.000649	2.193115	
1333	1.000839	0.000281	-0.996643	-0.000281	1.000839	2.042816	
1334	1.000988	0.000308	-1.094116	-0.000308	1.000988	2.037598	
1335	1.001032	0.000317	-1.091370	-0.000317	1.001032	2.106537	
1336	1.000901	0.000315	-1.176697	-0.000315	1.000901	2.199738	
1337	1.001146	0.000271	-1.369080	-0.000271	1.001146	1.967316	
1338	1.001193	0.000295	-1.291321	-0.000295	1.001193	2.018341	
1339	1.001174	0.000358	-1.400452	-0.000358	1.001174	2.212189	
1340	1.001289	0.000241	-1.449036	-0.000241	1.001289	2.036530	
1341	1.001375	0.000386	-1.609619	-0.000386	1.001375	2.081390	
1342	1.001376	0.000234	-1.478699	-0.000234	1.001376	2.154205	
1343	1.001441	0.000348	-1.699768	-0.000348	1.001441	2.160583	
1344	1.001522	0.000345	-1.681091	-0.000345	1.001522	2.217468	
1345	1.001594	0.000377	-1.802795	-0.000377	1.001594	2.120697	
1346	1.001666	0.000349	-1.936523	-0.000349	1.001666	2.194122	
1347	1.001672	0.000398	-1.879761	-0.000398	1.001672	2.213287	
1348	1.001788	0.000370	-2.008057	-0.000370	1.001788	2.095398	
1349	1.001829	0.000374	-2.117004	-0.000374	1.001829	2.136169	
1350	1.001945	0.000367	-2.059937	-0.000367	1.001945	2.057434	
1351	1.001921	0.000366	-2.196655	-0.000366	1.001921	2.152588	
1352	1.002036	0.000433	-2.415161	-0.000433	1.002036	2.163574	
1353	1.002103	0.000362	-2.293945	-0.000362	1.002103	1.946259	
1354	1.002126	0.000358	-2.315796	-0.000358	1.002126	1.942596	
1355	1.002172	0.000346	-2.449463	-0.000346	1.002172	1.943817	
1356	1.002253	0.000402	-2.500305	-0.000402	1.002253	2.079620	
1357	1.002361	0.000341	-2.655823	-0.000341	1.002361	2.031311	
1358	1.002420	0.000473	-2.751099	-0.000473	1.002420	2.090149	
1359	1.002351	0.000306	-2.577637	-0.000306	1.002351	2.011414	
1360	1.002505	0.000379	-2.794861	-0.000379	1.002505	2.147583	
1361	1.002558	0.000416	-2.898743	-0.000416	1.002558	2.163513	
1362	1.002427	0.000268	-2.680786	-0.000268	1.002427	2.046997	
1363	1.002638	0.000466	-3.000000	-0.000466	1.002638	2.303986	
1364	1.002722	0.000445	-3.083313	-0.000445	1.002722	2.339233	
1365	1.002767	0.000499	-3.177856	-0.000499	1.002767	2.373901	
1366	1.003000	0.000484	-3.475708	-0.000484	1.003000	2.529297	
1367	1.002713	0.000469	-3.042053	-0.000469	1.002713	2.505554	
1368	1.002755	0.000358	-2.966248	-0.000358	1.002755	2.546448	
1369	1.002845	0.000393	-3.171570	-0.000393	1.002845	2.669647	
1370	1.003166	0.000602	-3.653442	-0.000602	1.003166	2.957520	
1371	1.003075	0.000526	-3.410828	-0.000526	1.003075	2.992950	
1372	1.003115	0.000618	-3.525635	-0.000618	1.003115	3.126984	
1373	1.002928	0.000483	-3.223877	-0.000483	1.002928	3.129425	
1374	1.003054	0.000464	-3.427551	-0.000464	1.003054	3.138062	
1375	1.003180	0.000531	-3.664856	-0.000531	1.003180	3.326782	
1376	1.003080	0.000432	-3.442993	-0.000432	1.003080	3.316162	
1377	1.003335	0.000634	-3.869446	-0.000634	1.003335	3.622589	
1378	1.003252	0.000390	-3.583435	-0.000390	1.003252	3.422699	
1379	1.003321	0.000650	-3.726135	-0.000650	1.003321	3.909210	
1380	1.003252	0.000568	-3.549377	-0.000568	1.003252	3.850586	
1381	1.003440	0.000751	-4.004272	-0.000751	1.003440	4.162354	
1382	1.003303	0.000466	-3.745239	-0.000466	1.003303	4.052094	
1383	1.003357	0.000699	-3.771118	-0.000699	1.003357	4.438141	
1384	1.003329	0.000443	-3.610779	-0.000443	1.003329	4.202179	
1385	1.003715	0.000860	-4.393555	-0.000860	1.003715	4.708008	
1386	1.003328	0.000616	-3.708374	-0.000616	1.003328	4.478851	
1387	1.003569	0.000608	-3.998230	-0.000608	1.003569	4.661865	
1388	1.003612	0.000592	-4.132080	-0.000592	1.003612	4.777222	
1389	1.003644	0.000801	-4.201721	-0.000801	1.003644	4.900696	
1390	1.003950	0.001072	-4.720093	-0.001072	1.003950	5.341064	
1391	1.004033	0.001069	-4.788208	-0.001069	1.004033	5.434570	
1392	1.003894	0.001054	-4.614197	-0.001054	1.003894	5.663208	
1393	1.004138	0.001173	-5.089600	-0.001173	1.004138	5.686401	
1394	1.004444	0.001384	-5.532715	-0.001384	1.004444	5.732727	
1395	1.004244	0.001121	-5.193237	-0.001121	1.004244	5.942688	
1396	1.004286	0.001175	-5.294556	-0.001175	1.004286	5.939392	
1397	1.004212	0.001314	-5.164185	-0.001314	1.004212	6.328918	
1398	1.003881	0.000816	-4.514038	-0.000816	1.003881	5.782135	
1399	1.004032	0.000932	-4.755066	-0.000932	1.004032	6.140381	
1400	1.004023	0.001003	-4.784912	-0.001003	1.004023	6.357666	
1401	1.004082	0.000405	-4.493652	-0.000405	1.004082	6.287415	
1402	1.004159	0.001156	-4.938965	-0.001156	1.004159	6.611267	
1403	1.004023	0.000792	-4.646057	-0.000792	1.004023	6.492004	
1404	1.004267	0.000970	-5.231506	-0.000970	1.004267	6.995300	
1405	1.004092	0.001287	-4.994934	-0.001287	1.004092	7.201019	
1406	1.004789	0.001823	-6.408447	-0.001823	1.004789	8.045715	
1407	1.004356	0.001042	-5.425659	-0.001042	1.004356	7.628540	
1408	1.004283	0.001296	-5.418579	-0.001296	1.004283	7.995422	
1409	1.003958	0.001123	-5.000183	-0.001123	1.003958	7.551636	
1410	1.004433	0.001529	-5.750610	-0.001529	1.004433	7.807983	
1411	1.004043	0.001180	-5.092224	-0.001180	1.004043	7.362122	
1412	1.004104	0.001420	-5.351868	-0.001420	1.004104	7.243164	
1413	1.004093	0.000944	-5.136719	-0.000944	1.004093	7.166504	
1414	1.004070	0.000666	-4.653198	-0.000666	1.004070	6.375977	
1415	1.004903	0.001775	-6.499146	-0.001775	1.004903	7.167664	
1416	1.004427	0.001547	-5.848511	-0.001547	1.004427	7.048340	
1417	1.003884	0.001034	-4.754517	-0.001034	1.003884	6.281616	
1418	1.007232	0.001621	-8.481323	-0.001621	1.007232	5.299194	
1419	1.006811	0.000892	-7.541809	-0.000892	1.006811	4.749023	
1420	1.009337	0.001795	-10.634766	-0.001795	1.009337	4.122070	
1421	1.008820	0.001307	-9.831055	-0.001307	1.008820	3.639893	
1422	1.008488	0.001253	-9.395630	-0.001253	1.008488	3.697998	
1423	1.008511	0.001105	-9.386108	-0.001105	1.008511	3.478516	
1424	1.008335	0.001011	-9.086914	-0.001011	1.008335	3.481628	
1425	1.012940	0.000871	-13.373047	-0.000871	1.012940	0.647461	
1426	1.013156	0.001109	-14.071289	-0.001109	1.013156	0.700317	
1427	1.012868	0.001202	-13.519592	-0.001202	1.012868	0.538818	
1428	1.012901	0.001000	-13.636475	-0.001000	1.012901	0.555542	
1429	1.012756	0.000981	-13.469849	-0.000981	1.012756	0.491272	
1430	1.012752	0.001018	-13.449097	-0.001018	1.012752	0.262268	
1431	1.012718	0.000901	-13.327637	-0.000901	1.012718	-0.167480	
1432	1.012455	0.000912	-13.049072	-0.000912	1.012455	0.087524	
1433	1.012394	0.000193	-12.601807	-0.000193	1.012394	-1.171021	
1434	1.012421	0.000822	-12.847168	-0.000822	1.012421	-0.698608	
1435	1.012196	0.000697	-12.691772	-0.000697	1.012196	-0.644226	
1436	1.012291	0.000906	-12.891479	-0.000906	1.012291	-0.414612	
1437	1.012183	0.000721	-12.589478	-0.000721	1.012183	-0.884583	
1438	1.011883	0.000845	-12.478394	-0.000845	1.011883	-0.423889	
1439	1.011876	0.000629	-12.213257	-0.000629	1.011876	-1.445740	
1440	1.011660	0.000386	-11.753174	-0.000386	1.011660	-1.354126	
1441	1.011733	0.000632	-11.868286	-0.000632	1.011733	-1.671326	
1442	1.011667	0.000596	-11.926514	-0.000596	1.011667	-1.677063	
1443	1.011574	0.000516	-11.745728	-0.000516	1.011574	-1.504883	
1444	1.011442	0.000297	-11.541138	-0.000297	1.011442	-2.060059	
1445	1.011412	0.000570	-11.648682	-0.000570	1.011412	-1.972046	
1446	1.011323	0.000516	-11.408325	-0.000516	1.011323	-2.040527	
1447	1.011204	0.000360	-11.291382	-0.000360	1.011204	-2.245178	
1448	1.011109	0.000446	-11.218628	-0.000446	1.011109	-2.342712	
1449	1.011030	0.000340	-10.985474	-0.000340	1.011030	-2.551086	
1450	1.010915	0.000372	-11.041382	-0.000372	1.010915	-2.348022	
1451	1.010903	0.000296	-10.789307	-0.000296	1.010903	-2.913696	
1452	1.010697	0.000315	-10.651489	-0.000315	1.010697	-2.843872	
1453	1.010744	0.000300	-10.730225	-0.000300	1.010744	-2.910583	
1454	1.010550	0.000257	-10.366943	-0.000257	1.010550	-3.010742	
1455	1.010567	0.000246	-10.502075	-0.000246	1.010567	-3.256836	
1456	1.010345	0.000222	-10.235718	-0.000222	1.010345	-3.350464	
1457	1.000954	0.000253	-1.283203	-0.000253	1.000954	1.588074	
1458	1.000858	0.000178	-1.010864	-0.000178	1.000858	1.395508	
1459	1.000892	0.000217	-1.072144	-0.000217	1.000892	1.224731	
1460	1.000822	0.000197	-0.989014	-0.000197	1.000822	1.282227	
1461	1.000691	0.000145	-0.761963	-0.000145	1.000691	0.841431	
1462	1.000621	0.000101	-0.597656	-0.000101	1.000621	0.641785	
1463	1.000488	0.000090	-0.608154	-0.000090	1.000488	0.758667	
1464	1.000527	0.000037	-0.572388	-0.000037	1.000527	0.616516	
1465	1.000482	0.000057	-0.692871	-0.000057	1.000482	0.439392	
1466	1.000359	0.000039	-0.420044	-0.000039	1.000359	0.362610	
1467	1.000416	0.000096	-0.648071	-0.000096	1.000416	0.466003	
1468	0.995478	0.000012	4.187744	-0.000012	0.995478	2.821777	
1469	0.995484	0.000144	4.152344	-0.000144	0.995484	3.038025	
1470	0.987434	0.000116	11.865234	-0.000116	0.987434	7.340698	
1471	0.987067	-0.000058	12.466064	0.000058	0.987067	7.353760	
1472	0.987215	0.000108	12.210205	-0.000108	0.987215	7.333008	
1473	0.987318	0.000052	12.129272	-0.000052	0.987318	7.323425	
1474	0.987075	-0.000058	12.415894	0.000058	0.987075	7.188354	
1475	0.987229	0.000163	12.247803	-0.000163	0.987229	7.200684	
1476	0.987258	0.000008	12.273682	-0.000008	0.987258	7.273804	
1477	0.987097	-0.000018	12.353760	0.000018	0.987097	7.028076	
1478	0.987098	0.000068	12.334595	-0.000068	0.987098	7.124512	
1479	0.987175	0.000038	12.338989	-0.000038	0.987175	7.150757	
1480	0.987200	0.000016	12.390381	-0.000016	0.987200	7.079712	
1481	0.987059	-0.000048	12.518799	0.000048	0.987059	7.026062	
1482	0.987017	0.000048	12.330444	-0.000048	0.987017	7.123779	
1483	0.987182	0.000049	12.239258	-0.000049	0.987182	7.103943	
1484	0.987202	-0.000011	12.334717	0.000011	0.987202	7.096191	
1485	0.986999	0.000003	12.464844	-0.000003	0.986999	7.026245	
1486	0.987056	0.000038	12.361572	-0.000038	0.987056	7.054077	
1487	0.987155	0.000041	12.321777	-0.000041	0.987155	7.082703	
1488	0.987048	0.000041	12.359985	-0.000041	0.987048	7.068054	
1489	0.987091	-0.000044	12.446411	0.000044	0.987091	7.010620	
1490	0.987031	-0.000020	12.446777	0.000020	0.987031	6.925232	
1491	0.987017	-0.000001	12.510010	0.000001	0.987017	6.875244	
1492	0.987120	-0.000017	12.399475	0.000017	0.987120	6.718567	
1493	0.987107	0.000092	12.380127	-0.000092	0.987107	6.715332	
1494	0.987121	-0.000023	12.419800	0.000023	0.987121	6.767029	
1495	0.987050	0.000008	12.437012	-0.000008	0.987050	6.795898	
1496	0.987000	-0.000052	12.503906	0.000052	0.987000	6.702087	
1497	0.987048	0.000039	12.466492	-0.000039	0.987048	6.827881	
1498	0.987029	0.000050	12.425842	-0.000050	0.987029	6.923889	
1499	0.987105	0.000044	12.380066	-0.000044	0.987105	6.781067	
1500	0.987101	-0.000011	12.403320	0.000011	0.987101	6.611450	
1501	0.987027	0.000015	12.498596	-0.000015	0.987027	6.879700	
1502	0.987001	-0.000007	12.531677	0.000007	0.987001	6.789734	
1503	0.987017	-0.000003	12.470947	0.000003	0.987017	6.795776	
1504	0.987052	0.000069	12.423645	-0.000069	0.987052	6.865601	
1505	0.987099	-0.000022	12.437500	0.000022	0.987099	6.697693	
1506	0.987023	-0.000037	12.512695	0.000037	0.987023	6.787048	
1507	0.986984	0.000005	12.426758	-0.000005	0.986984	6.869873	
1508	0.987066	-0.000003	12.433838	0.000003	0.987066	6.807251	
1509	0.986975	0.000005	12.402222	-0.000005	0.986975	6.922241	
1510	0.987047	0.000029	12.317627	-0.000029	0.987047	6.881592	
1511	0.987096	0.000044	12.383301	-0.000044	0.987096	6.771912	
1512	0.986995	0.000013	12.507690	-0.000013	0.986995	6.904175	
1513	0.986952	-0.000004	12.561035	0.000004	0.986952	6.815308	
1514	0.987080	0.000021	12.404419	-0.000021	0.987080	6.784302	
1515	0.987017	0.000035	12.465820	-0.000035	0.987017	6.855469	
1516	0.986956	0.000024	12.522705	-0.000024	0.986956	6.871765	
1517	0.987023	0.000074	12.382690	-0.000074	0.987023	6.900085	
1518	0.987066	0.000047	12.380249	-0.000047	0.987066	6.902405	
1519	0.986959	0.000032	12.533569	-0.000032	0.986959	6.927795	
1520	0.987047	-0.000002	12.515137	0.000002	0.987047	6.713318	
1521	0.986928	0.000011	12.592651	-0.000011	0.986928	6.913391	
1522	0.987065	-0.000000	12.441895	0.000000	0.987065	6.744080	
1523	0.986993	0.000060	12.479858	-0.000060	0.986993	6.952820	
1524	0.986998	-0.000012	12.501831	0.000012	0.986998	6.833679	
1525	0.987010	0.000033	12.459106	-0.000033	0.987010	6.853271	
1526	0.987039	0.000036	12.401245	-0.000036	0.987039	6.891785	
1527	0.987065	-0.000024	12.459717	0.000024	0.987065	6.756714	
1528	0.986980	-0.000029	12.518311	0.000029	0.986980	6.804626	
1529	0.993692	0.000032	6.099976	-0.000032	0.993692	3.279236	
1530	1.000050	0.000037	0.075439	-0.000037	1.000050	-0.241699	
1531	1.000021	0.000041	0.028564	-0.000041	1.000021	-0.227783	
1532	1.000109	0.000059	-0.015137	-0.000059	1.000109	-0.281250	
1533	1.000017	0.000058	0.039673	-0.000058	1.000017	-0.208740	
1534	1.000085	0.000054	0.041016	-0.000054	1.000085	-0.293518	
1535	1.000080	0.000094	-0.029297	-0.000094	1.000080	-0.270996	
1536	1.000086	0.000049	-0.023682	-0.000049	1.000086	-0.298035	
1537	1.000129	0.000087	-0.076294	-0.000087	1.000129	-0.305420	
1538	1.000088	0.000023	0.043091	-0.000023	1.000088	-0.366394	
1539	1.000155	0.000011	-0.037964	-0.000011	1.000155	-0.495911	
1540	1.000125	-0.000016	0.006226	0.000016	1.000125	-0.516785	
1541	1.000114	-0.000013	0.027710	0.000013	1.000114	-0.523071	
1542	1.000151	-0.000033	-0.083618	0.000033	1.000151	-0.632263	
1543	1.000179	0.000016	-0.057373	-0.000016	1.000179	-0.561462	
1544	1.000123	0.000014	-0.097046	-0.000014	1.000123	-0.414551	
1545	1.000170	0.000052	-0.071899	-0.000052	1.000170	-0.523376	
1546	1.000181	0.000049	-0.173096	-0.000049	1.000181	-0.432373	
1547	1.000129	0.000039	-0.086548	-0.000039	1.000129	-0.475891	
1548	1.000078	0.000012	-0.010986	-0.000012	1.000078	-0.363159	
1549	1.000130	0.000071	-0.100952	-0.000071	1.000130	-0.311646	
1550	1.000072	0.000072	0.151611	-0.000072	1.000072	-0.342407	
1551	1.000089	0.000016	0.015625	-0.000016	1.000089	-0.232483	
1552	1.000023	0.000075	0.002319	-0.000075	1.000023	-0.286316	
1553	1.000014	0.000011	0.084961	-0.000011	1.000014	-0.284119	
1554	0.999993	0.000048	0.059204	-0.000048	0.999993	-0.233887	
1555	0.999990	0.000004	0.065430	-0.000004	0.999990	-0.256042	
1556	0.999979	0.000050	0.023926	-0.000050	0.999979	-0.152771	
1557	0.999982	0.000001	0.081543	-0.000001	0.999982	-0.270203	
1558	0.999992	0.000095	0.124390	-0.000095	0.999992	-0.124451	
1559	0.999939	0.000088	0.177490	-0.000088	0.999939	-0.111755	
1560	1.000023	0.000093	0.057007	-0.000093	1.000023	-0.125916	
1561	0.999945	0.000049	0.106445	-0.000049	0.999945	-0.111816	
1562	0.999983	0.000032	0.162720	-0.000032	0.999983	-0.270996	
1563	0.999974	0.000048	0.118652	-0.000048	0.999974	-0.222473	
1564	0.999980	0.000032	0.098755	-0.000032	0.999980	-0.232605	
1565	0.999990	0.000040	0.055908	-0.000040	0.999990	-0.227051	
1566	0.999986	0.000011	0.059326	-0.000011	0.999986	-0.248657	
1567	1.000002	0.000064	0.071289	-0.000064	1.000002	-0.308899	
1568	0.999977	0.000038	0.064575	-0.000038	0.999977	-0.255615	
1569	0.999997	0.000003	0.101074	-0.000003	0.999997	-0.382263	
1570	1.000066	0.000030	0.004517	-0.000030	1.000066	-0.383728	
1571	1.000036	0.000120	0.044312	-0.000120	1.000036	-0.288879	
1572	1.000123	-0.000027	-0.001221	0.000027	1.000123	-0.481079	
1573	1.000157	0.000027	-0.038696	-0.000027	1.000157	-0.590332	
1574	1.000094	0.000000	-0.035522	-0.000000	1.000094	-0.713135	
1575	1.000243	0.000038	-0.197021	-0.000038	1.000243	-0.682983	
1576	1.000278	0.000034	-0.188599	-0.000034	1.000278	-0.814697	
1577	1.000214	-0.000070	-0.082642	0.000070	1.000214	-0.793213	
1578	1.000299	0.000041	-0.229492	-0.000041	1.000299	-0.536133	
1579	1.000344	0.000024	-0.346924	-0.000024	1.000344	-0.644592	
1580	1.000384	0.000063	-0.377808	-0.000063	1.000384	-0.637573	
1581	1.000420	-0.000035	-0.244751	0.000035	1.000420	-0.756470	
1582	1.000315	-0.000055	-0.260742	0.000055	1.000315	-0.804016	
1583	1.000406	0.000009	-0.456543	-0.000009	1.000406	-0.873657	
1584	1.000323	-0.000088	-0.268066	0.000088	1.000323	-0.987549	
1585	1.000269	-0.000077	-0.203979	0.000077	1.000269	-0.959961	
1586	1.000296	0.000012	-0.256348	-0.000012	1.000296	-0.901184	
1587	1.000214	0.000002	-0.272095	-0.000002	1.000214	-1.027527	
1588	1.000118	-0.000052	-0.041016	0.000052	1.000118	-1.000488	
1589	1.000094	-0.000095	-0.069946	0.000095	1.000094	-1.179321	
1590	1.000021	-0.000133	0.149780	0.000133	1.000021	-1.179871	
1591	0.999907	-0.000065	0.129883	0.000065	0.999907	-1.096680	
1592	0.999816	-0.000089	0.275879	0.000089	0.999816	-1.130310	
1593	0.999831	0.000012	0.333984	-0.000012	0.999831	-1.132385	
1594	0.999682	-0.000170	0.525757	0.000170	0.999682	-1.213379	
1595	0.999716	-0.000141	0.416260	0.000141	0.999716	-1.396118	
1596	0.999626	-0.000122	0.527710	0.000122	0.999626	-1.349487	
1597	0.999521	-0.000130	0.643799	0.000130	0.999521	-1.508057	
1598	0.999488	-0.000158	0.704956	0.000158	0.999488	-1.457458	
1599	0.999407	-0.000183	0.776978	0.000183	0.999407	-1.624573	
1600	0.999318	-0.000214	0.886719	0.000214	0.999318	-1.634399	
1601	0.999296	-0.000210	0.857544	0.000210	0.999296	-1.722778	
1602	0.999300	-0.000151	0.886230	0.000151	0.999300	-1.711548	
1603	0.999148	-0.000165	0.988892	0.000165	0.999148	-1.684692	
1604	0.999171	-0.000195	1.003784	0.000195	0.999171	-1.839111	
1605	0.999067	-0.000266	1.156616	0.000266	0.999067	-1.932495	
1606	0.999004	-0.000250	1.172485	0.000250	0.999004	-1.944702	
1607	0.999045	-0.000205	1.181885	0.000205	0.999045	-1.983704	
1608	0.998985	-0.000214	1.226929	0.000214	0.998985	-1.968811	
1609	0.999006	-0.000066	1.079224	0.000066	0.999006	-1.933716	
1610	0.998885	-0.000231	1.425659	0.000231	0.998885	-2.029907	
1611	0.998880	-0.000109	1.292236	0.000109	0.998880	-2.105591	
1612	0.998787	-0.000132	1.356201	0.000132	0.998787	-2.034912	
1613	0.998830	-0.000050	1.292725	0.000050	0.998830	-1.879944	
1614	0.998741	-0.000248	1.479248	0.000248	0.998741	-2.435059	
1615	0.998701	-0.000133	1.457397	0.000133	0.998701	-2.053040	
1616	0.998750	-0.000056	1.370605	0.000056	0.998750	-2.058411	
1617	0.998571	-0.000355	1.761719	0.000355	0.998571	-2.439880	
1618	0.998514	-0.000454	1.904907	0.000454	0.998514	-2.657654	
1619	0.998526	-0.000313	1.744263	0.000313	0.998526	-2.531921	
1620	0.998353	-0.000512	2.174316	0.000512	0.998353	-2.749512	
1621	0.998383	-0.000465	2.040771	0.000465	0.998383	-2.694214	
1622	0.998397	-0.000412	1.997559	0.000412	0.998397	-2.646179	
1623	0.998232	-0.000684	2.359619	0.000684	0.998232	-3.031921	
1624	0.998267	-0.000460	2.162231	0.000460	0.998267	-2.788452	
1625	0.998158	-0.000577	2.350952	0.000577	0.998158	-3.011658	
1626	0.998064	-0.000770	2.646118	0.000770	0.998064	-3.309570	
1627	0.998467	-0.000100	1.664429	0.000100	0.998467	-2.369873	
1628	0.998358	-0.000118	1.795898	0.000118	0.998358	-2.507782	
1629	0.998179	-0.000448	2.288818	0.000448	0.998179	-3.028076	
1630	0.998027	-0.000736	2.554199	0.000736	0.998027	-3.316284	
1631	0.998285	-0.000098	1.890259	0.000098	0.998285	-2.616791	
1632	0.997854	-0.000908	2.909302	0.000908	0.997854	-3.489502	
1633	0.997960	-0.000765	2.725342	0.000765	0.997960	-3.501404	
1634	0.997963	-0.000647	2.623413	0.000647	0.997963	-3.211731	
1635	0.997912	-0.000741	2.804932	0.000741	0.997912	-3.523743	
1636	0.998010	-0.000547	2.544922	0.000547	0.998010	-3.327393	
1637	0.997706	-0.000813	3.098022	0.000813	0.997706	-3.639221	
1638	0.997809	-0.000740	2.804810	0.000740	0.997809	-3.389587	
1639	0.998136	-0.000101	2.070679	0.000101	0.998136	-2.720001	
1640	0.997771	-0.000823	2.966797	0.000823	0.997771	-3.627014	
1641	0.997799	-0.000689	2.832764	0.000689	0.997799	-3.394226	
1642	0.997860	-0.000433	2.635010	0.000433	0.997860	-3.232727	
1643	0.997686	-0.000833	3.137329	0.000833	0.997686	-3.547607	
1644	0.997806	-0.000490	2.616211	0.000490	0.997806	-3.260681	
1645	0.997773	-0.000669	2.903931	0.000669	0.997773	-3.372925	
1646	0.997821	-0.000745	2.834839	0.000745	0.997821	-3.526245	
1647	0.997618	-0.000832	3.037964	0.000832	0.997618	-3.521057	
1648	0.997801	-0.000684	2.964233	0.000684	0.997801	-3.522400	
1649	0.997798	-0.000805	2.930786	0.000805	0.997798	-3.522217	
1650	0.997362	-0.001057	3.551514	0.001057	0.997362	-3.761414	
1651	0.997779	-0.000781	2.969971	0.000781	0.997779	-3.702820	
1652	0.997798	-0.000456	2.688721	0.000456	0.997798	-3.275757	
1653	0.997667	-0.000941	3.101318	0.000941	0.997667	-3.800232	
1654	0.998026	-0.000235	2.257568	0.000235	0.998026	-3.358978	
1655	0.997819	-0.000727	2.793701	0.000727	0.997819	-3.485748	
1656	0.997885	-0.000664	2.660889	0.000664	0.997885	-3.431946	
1657	0.997808	-0.000557	2.711060	0.000557	0.997808	-3.165009	
1658	0.998069	-0.000187	2.210205	0.000187	0.998069	-2.805145	
1659	0.997882	-0.000580	2.556152	0.000580	0.997882	-3.223083	
1660	0.997795	-0.000546	2.741943	0.000546	0.997795	-3.123383	
1661	0.998047	-0.000374	2.363892	0.000374	0.998047	-2.952271	
1662	0.998077	-0.000411	2.299194	0.000411	0.998077	-3.155945	
1663	0.998023	-0.000595	2.556396	0.000595	0.998023	-3.107849	
1664	0.998018	-0.000594	2.577393	0.000594	0.998018	-3.146362	
1665	0.997866	-0.000677	2.753052	0.000677	0.997866	-3.238159	
1666	0.998169	-0.000468	2.243896	0.000468	0.998169	-2.810028	
1667	0.998139	-0.000439	2.256836	0.000439	0.998139	-2.845642	
1668	0.998261	-0.000331	2.041016	0.000331	0.998261	-2.638184	
1669	0.998107	-0.000597	2.383423	0.000597	0.998107	-2.989929	
1670	0.998194	-0.000524	2.164856	0.000524	0.998194	-2.742615	
1671	0.998252	-0.000621	2.144531	0.000621	0.998252	-2.798553	
1672	0.998419	-0.000405	1.894287	0.000405	0.998419	-2.585266	
1673	0.998421	-0.000510	1.935181	0.000510	0.998421	-2.570465	
1674	0.998524	-0.000585	1.833740	0.000585	0.998524	-2.783722	
1675	0.998663	-0.000530	1.674683	0.000530	0.998663	-2.764526	
1676	0.998781	-0.000405	1.416504	0.000405	0.998781	-2.588562	
1677	0.998789	-0.000526	1.475220	0.000526	0.998789	-2.854065	
1678	0.998964	-0.000518	1.294189	0.000518	0.998964	-2.793518	
1679	0.998986	-0.000406	1.146851	0.000406	0.998986	-2.651611	
1680	0.999036	-0.000511	1.224792	0.000511	0.999036	-2.655640	
1681	0.999177	-0.000400	0.969971	0.000400	0.999177	-2.618378	
1682	0.999206	-0.000395	1.082581	0.000395	0.999206	-2.492249	
1683	0.999192	-0.000434	0.969727	0.000434	0.999192	-2.520752	
1684	0.999288	-0.000460	0.948792	0.000460	0.999288	-2.329742	
1685	0.999331	-0.000329	0.904785	0.000329	0.999331	-2.200531	
1686	0.999297	-0.000499	0.966064	0.000499	0.999297	-2.195282	
1687	0.999295	-0.000240	0.837646	0.000240	0.999295	-1.837067	
1688	0.999323	-0.000352	0.871643	0.000352	0.999323	-2.016724	
1689	0.999407	-0.000304	0.884216	0.000304	0.999407	-2.064484	
1690	0.999433	-0.000415	0.849792	0.000415	0.999433	-2.015076	
1691	0.999483	-0.000416	0.876038	0.000416	0.999483	-2.096069	
1692	0.999493	-0.000315	0.760010	0.000315	0.999493	-2.029572	
1693	0.999569	-0.000331	0.703125	0.000331	0.999569	-2.100861	
1694	0.999635	-0.000297	0.701233	0.000297	0.999635	-1.994568	
1695	0.999668	-0.000301	0.678711	0.000301	0.999668	-1.910614	
1696	0.999772	-0.000336	0.514771	0.000336	0.999772	-2.115173	
1697	0.999803	-0.000265	0.577087	0.000265	0.999803	-1.952362	
1698	0.999824	-0.000357	0.445984	0.000357	0.999824	-2.144867	
1699	0.999950	-0.000349	0.436523	0.000349	0.999950	-2.104279	
1700	0.999953	-0.000320	0.375427	0.000320	0.999953	-2.125671	
1701	1.000028	-0.000343	0.384033	0.000343	1.000028	-2.285889	
1702	1.000072	-0.000347	0.336731	0.000347	1.000072	-2.256287	
1703	1.000102	-0.000390	0.299011	0.000390	1.000102	-2.366058	
1704	1.000054	-0.000305	0.355469	0.000305	1.000054	-2.219147	
1705	1.000228	-0.000314	0.146667	0.000314	1.000228	-2.258453	
1706	1.000142	-0.000342	0.327698	0.000342	1.000142	-2.339081	
1707	1.000193	-0.000386	0.174988	0.000386	1.000193	-2.118561	
1708	1.000196	-0.000217	0.137024	0.000217	1.000196	-2.091553	
1709	1.000189	-0.000165	0.129150	0.000165	1.000189	-1.763000	
1710	1.000253	-0.000293	0.052490	0.000293	1.000253	-1.882233	
1711	1.000231	-0.000165	0.174561	0.000165	1.000231	-1.736084	
1712	1.000177	-0.000292	0.208862	0.000292	1.000177	-1.727081	
1713	1.000163	-0.000160	0.096436	0.000160	1.000163	-1.449402	
1714	1.000136	-0.000106	0.165344	0.000106	1.000136	-1.503937	
1715	1.000076	-0.000259	0.289551	0.000259	1.000076	-1.757996	
1716	1.000155	-0.000214	0.158020	0.000214	1.000155	-1.646881	
1717	1.000064	-0.000159	0.252991	0.000159	1.000064	-1.558319	
1718	0.999992	-0.000271	0.276978	0.000271	0.999992	-1.669739	
1719	0.999890	-0.000208	0.473083	0.000208	0.999890	-1.629456	
1720	0.999851	-0.000314	0.492371	0.000314	0.999851	-1.753174	
1721	0.999735	-0.000266	0.630554	0.000266	0.999735	-1.640533	
1722	0.999688	-0.000263	0.621948	0.000263	0.999688	-1.657776	
1723	0.999578	-0.000256	0.703491	0.000256	0.999578	-1.636749	
1724	0.999529	-0.000232	0.840332	0.000232	0.999529	-1.535126	
1725	0.999404	-0.000240	0.858276	0.000240	0.999404	-1.553375	
1726	0.999364	-0.000267	0.964050	0.000267	0.999364	-1.437592	
1727	0.999292	-0.000265	1.029602	0.000265	0.999292	-1.614075	
1728	0.999251	-0.000219	1.031555	0.000219	0.999251	-1.173553	
1729	0.999235	-0.000193	0.881775	0.000193	0.999235	-1.194702	
1730	0.999158	-0.000165	1.037537	0.000165	0.999158	-0.921082	
1731	0.999123	-0.000191	1.099976	0.000191	0.999123	-0.989014	
1732	0.999079	-0.000160	1.078857	0.000160	0.999079	-0.761932	
1733	0.999125	-0.000158	1.071167	0.000158	0.999125	-0.908264	
1734	0.999023	-0.000114	1.109131	0.000114	0.999023	-0.735260	
1735	0.998982	-0.000109	1.149414	0.000109	0.998982	-0.675964	
1736	0.999006	-0.000176	1.159363	0.000176	0.999006	-0.819702	
1737	0.998892	-0.000118	1.246338	0.000118	0.998892	-0.599762	
1738	0.998923	-0.000111	1.127747	0.000111	0.998923	-0.753052	
1739	0.998877	-0.000068	1.191772	0.000068	0.998877	-0.670105	
1740	0.998883	-0.000028	0.989258	0.000028	0.998883	-0.696411	
1741	0.998872	0.000055	0.780273	-0.000055	0.998872	-0.594910	
1742	0.998868	0.000143	0.490112	-0.000143	0.998868	-0.567993	
1743	0.998869	0.000356	0.029663	-0.000356	0.998869	-0.345490	
1744	0.998825	0.000585	-0.542358	-0.000585	0.998825	-0.092468	
1745	0.998824	0.000919	-1.276367	-0.000919	0.998824	0.218170	
1746	0.998739	0.001294	-1.928223	-0.001294	0.998739	0.629150	
1747	0.998780	0.001540	-2.654541	-0.001540	0.998780	0.846283	
1748	0.998698	0.001837	-3.224243	-0.001837	0.998698	1.253265	
1749	0.998636	0.002038	-3.666260	-0.002038	0.998636	1.426849	
1750	0.998308	0.002220	-3.638916	-0.002220	0.998308	1.638611	
1751	0.998342	0.002547	-4.179077	-0.002547	0.998342	1.992493	
1752	0.998472	0.002420	-4.147339	-0.002420	0.998472	1.781281	
1753	0.998416	0.002398	-4.150391	-0.002398	0.998416	1.721100	
1754	0.998872	0.002279	-4.575439	-0.002279	0.998872	1.482727	
1755	0.998479	0.002346	-4.035522	-0.002346	0.998479	1.618408	
1756	0.998744	0.002270	-4.204590	-0.002270	0.998744	1.353668	
1757	0.998625	0.002199	-3.909790	-0.002199	0.998625	1.290405	
1758	0.998686	0.002138	-3.764160	-0.002138	0.998686	1.149170	
1759	0.998968	0.001990	-3.922302	-0.001990	0.998968	0.827454	
1760	0.998983	0.002078	-3.904785	-0.002078	0.998983	0.857300	
1761	0.998851	0.001862	-3.442627	-0.001862	0.998851	0.691528	
1762	0.999389	0.001804	-4.020325	-0.001804	0.999389	0.237732	
1763	0.999276	0.001931	-3.913879	-0.001931	0.999276	0.395752	
1764	0.999344	0.001627	-3.677856	-0.001627	0.999344	0.084656	
1765	0.999375	0.001614	-3.606384	-0.001614	0.999375	0.074493	
1766	0.999464	0.001526	-3.738342	-0.001526	0.999464	-0.138672	
1767	0.999588	0.001494	-3.643494	-0.001494	0.999588	-0.190613	
1768	0.999354	0.001466	-3.306641	-0.001466	0.999354	-0.246124	
1769	0.999614	0.001663	-3.721375	-0.001663	0.999614	-0.245789	
1770	0.999299	0.001594	-3.219116	-0.001594	0.999299	-0.226990	
1771	0.999562	0.001569	-3.525391	-0.001569	0.999562	-0.417114	
1772	0.999904	0.001422	-3.845581	-0.001422	0.999904	-0.720856	
1773	0.999285	0.001490	-3.045288	-0.001490	0.999285	-0.454651	
1774	0.999824	0.001580	-3.764160	-0.001580	0.999824	-0.644409	
1775	0.999607	0.001401	-3.400513	-0.001401	0.999607	-0.722046	
1776	0.999985	0.001415	-3.772644	-0.001415	0.999985	-0.837646	
1777	1.000040	0.001473	-3.927185	-0.001473	1.000040	-0.935120	
1778	0.999546	0.001467	-3.226929	-0.001467	0.999546	-0.589172	
1779	0.999940	0.001316	-3.710938	-0.001316	0.999940	-0.902130	
1780	0.999671	0.001517	-3.410767	-0.001517	0.999671	-0.528564	
1781	1.000051	0.001669	-3.985535	-0.001669	1.000051	-0.734497	
1782	0.999829	0.001532	-3.549927	-0.001532	0.999829	-0.701843	
1783	0.999814	0.001333	-3.404602	-0.001333	0.999814	-0.849976	
1784	0.999956	0.001533	-3.779236	-0.001533	0.999956	-0.851990	
1785	0.999979	0.001618	-3.846313	-0.001618	0.999979	-0.713135	
1786	0.999957	0.001578	-3.752747	-0.001578	0.999957	-0.767395	
1787	0.999994	0.001458	-3.653992	-0.001458	0.999994	-0.859985	
1788	0.999674	0.001545	-3.324219	-0.001545	0.999674	-0.547424	
1789	0.999555	0.001607	-3.308350	-0.001607	0.999555	-0.248413	
1790	1.000057	0.001585	-3.862854	-0.001585	1.000057	-0.855652	
1791	1.000007	0.001487	-3.799988	-0.001487	1.000007	-0.698608	
1792	0.999965	0.001307	-3.688721	-0.001307	0.999965	-0.816162	
1793	0.999938	0.001742	-3.978027	-0.001742	0.999938	-0.480957	
1794	0.999871	0.001543	-3.563232	-0.001543	0.999871	-0.602966	
1795	0.999682	0.001600	-3.608643	-0.001600	0.999682	-0.371155	
1796	0.999893	0.001783	-3.918091	-0.001783	0.999893	-0.390930	
1797	0.999915	0.001582	-3.880859	-0.001582	0.999915	-0.454407	
1798	0.999753	0.001610	-3.872925	-0.001610	0.999753	-0.444061	
1799	0.999884	0.002001	-4.274780	-0.002001	0.999884	-0.180786	
1800	1.000046	0.001819	-4.402466	-0.001819	1.000046	-0.323364	
1801	0.999919	0.001878	-4.509705	-0.001878	0.999919	-0.151611	
1802	0.999575	0.001977	-4.298218	-0.001977	0.999575	0.095520	
1803	0.999501	0.002326	-4.486694	-0.002326	0.999501	0.448364	
1804	0.999184	0.002345	-4.069702	-0.002345	0.999184	0.789917	
1805	0.999089	0.002324	-3.958252	-0.002324	0.999089	0.759216	
1806	0.999567	0.002347	-4.860413	-0.002347	0.999567	0.362427	
1807	0.999935	0.002151	-4.897522	-0.002151	0.999935	0.050354	
1808	0.999768	0.002182	-4.875671	-0.002182	0.999768	0.059570	
1809	0.999208	0.002376	-4.120728	-0.002376	0.999208	0.600708	
1810	0.999665	0.002226	-4.812378	-0.002226	0.999665	0.239410	
1811	0.999495	0.002309	-4.499023	-0.002309	0.999495	0.426514	
1812	0.999715	0.002129	-4.546509	-0.002129	0.999715	0.170410	
1813	0.999318	0.002328	-4.058716	-0.002328	0.999318	0.544312	
1814	0.999364	0.002261	-4.079712	-0.002261	0.999364	0.450012	
1815	0.999634	0.002243	-4.479980	-0.002243	0.999634	0.310028	
1816	0.999115	0.002331	-3.653320	-0.002331	0.999115	0.686768	
1817	0.999618	0.002177	-4.387573	-0.002177	0.999618	0.175354	
1818	0.999480	0.002347	-4.334839	-0.002347	0.999480	0.476196	
1819	0.999691	0.002222	-4.412537	-0.002222	0.999691	0.198669	
1820	0.999848	0.001908	-4.569214	-0.001908	0.999848	-0.002777	
1821	0.999762	0.001881	-4.463074	-0.001881	0.999762	-0.056244	
1822	0.999327	0.002293	-4.035156	-0.002293	0.999327	0.490417	
1823	0.999852	0.002290	-4.739502	-0.002290	0.999852	0.119019	
1824	0.999771	0.001949	-4.553772	-0.001949	0.999771	-0.004730	
1825	0.999623	0.002079	-4.237244	-0.002079	0.999623	0.153625	
1826	0.999831	0.002020	-4.648071	-0.002020	0.999831	-0.079102	
1827	0.999658	0.002262	-4.509888	-0.002262	0.999658	0.180603	
1828	0.999431	0.002118	-4.024414	-0.002118	0.999431	0.311096	
1829	0.999494	0.002164	-4.063965	-0.002164	0.999494	0.388855	
1830	0.999462	0.002065	-3.935547	-0.002065	0.999462	0.371948	
1831	0.999750	0.001959	-4.436890	-0.001959	0.999750	0.034302	
1832	0.999676	0.002005	-4.260925	-0.002005	0.999676	0.083496	
1833	0.999749	0.002023	-4.531433	-0.002023	0.999749	-0.027283	
1834	0.999723	0.001953	-4.347229	-0.001953	0.999723	-0.029846	
1835	0.999861	0.001991	-4.545044	-0.001991	0.999861	-0.072266	
1836	0.999784	0.001899	-4.309204	-0.001899	0.999784	-0.071838	
1837	0.999962	0.002076	-4.854431	-0.002076	0.999962	-0.167358	
1838	0.999728	0.002086	-4.500793	-0.002086	0.999728	0.014282	
1839	0.999796	0.002056	-4.593628	-0.002056	0.999796	0.019836	
1840	0.999194	0.002201	-3.796509	-0.002201	0.999194	0.513062	
1841	0.999958	0.001949	-4.703552	-0.001949	0.999958	-0.143433	
1842	0.999110	0.002219	-3.681030	-0.002219	0.999110	0.630798	
1843	0.999343	0.002143	-3.890747	-0.002143	0.999343	0.497742	
1844	0.999627	0.001992	-4.306152	-0.001992	0.999627	0.122742	
1845	0.999855	0.001881	-4.505798	-0.001881	0.999855	-0.097534	
1846	0.999845	0.002003	-4.542480	-0.002003	0.999845	-0.087830	
1847	0.999886	0.001718	-4.311157	-0.001718	0.999886	-0.283356	
1848	0.999687	0.001643	-3.770264	-0.001643	0.999687	-0.260376	
1849	0.999884	0.001313	-3.477112	-0.001313	0.999884	-0.598541	
1850	0.999810	0.001189	-2.916321	-0.001189	0.999810	-0.879211	
1851	0.999640	0.001198	-2.291992	-0.001198	0.999640	-0.562744	
1852	0.999736	0.000957	-2.146790	-0.000957	0.999736	-0.956116	
1853	0.999727	0.000826	-1.819702	-0.000826	0.999727	-0.937805	
1854	0.999749	0.000742	-1.623718	-0.000742	0.999749	-1.156067	
1855	0.999759	0.000606	-1.377136	-0.000606	0.999759	-1.004578	
1856	0.999832	0.000539	-1.323669	-0.000539	0.999832	-1.009521	
1857	0.999809	0.000504	-1.021729	-0.000504	0.999809	-0.904419	
1858	0.999859	0.000385	-1.001831	-0.000385	0.999859	-0.800171	
1859	0.999865	0.000294	-0.771851	-0.000294	0.999865	-0.713379	
1860	0.999896	0.000200	-0.573792	-0.000200	0.999896	-0.667358	
1861	0.999929	0.000254	-0.495483	-0.000254	0.999929	-0.437317	
